Cluster ID,dx,dy,dz,A,C,G,U,CB,real
0,0.0,0.0,0.0,0,0,1,0,0,1
0,2.059000015258789,3.5250015258789062,-3.874000072479248,0,0,1,0,1,1
0,0.6860008239746094,-4.170997619628906,-6.751000165939331,1,0,0,0,0,1
0,-0.2609996795654297,-0.2719993591308558,-10.585000157356262,0,1,0,0,0,1
0,1.7549991607666016,7.4850006103515625,-7.762000203132629,0,0,1,0,0,1
0,-3.4750003814697266,3.4750003814697266,-13.039000034332275,0,1,0,0,0,1
0,-12.333999872207642,-6.694999694824219,-4.951000213623047,1,0,0,0,0,1
0,-0.7220001220703125,11.327001571655273,-10.711000204086304,0,0,0,1,0,1
0,-7.603000164031983,6.986000061035156,-13.089000225067139,0,1,0,0,0,1
0,0.430999755859375,-12.068000793457031,-11.992000102996826,0,1,0,0,0,1
1,0.0,0.0,0.0,0,0,1,0,0,1
1,-0.3040008544921875,3.9599990844726562,-3.8880001306533813,0,0,1,0,1,1
1,-2.059000015258789,-3.5250015258789062,3.874000072479248,0,0,1,0,1,1
1,-2.3199996948242188,-3.797000885009762,-6.711000084877014,0,1,0,0,0,1
1,-1.3729991912841797,-7.6959991455078125,-2.877000093460083,1,0,0,0,0,1
1,-5.534000396728516,-0.05000114440917969,-9.164999961853027,0,1,0,0,0,1
1,-2.7810001373291016,7.802000045776367,-6.837000131607056,0,0,0,1,0,1
1,-9.662000179290771,3.46099853515625,-9.21500015258789,0,1,0,0,0,1
1,-6.897999763488771,11.342999458312988,-7.88700008392334,0,0,1,0,0,1
1,-13.29699993133545,6.752998352050781,-6.606000065803528,1,0,0,0,0,1
2,0.0,0.0,0.0,0,0,1,0,0,1
2,-2.476999282836914,3.842000961303711,-2.9490000009536743,0,0,0,1,1,1
2,0.3040008544921875,-3.9599990844726562,3.8880001306533813,0,0,1,0,1,1
2,-5.229999542236328,-4.010000228881836,-5.276999831199646,0,1,0,0,0,1
2,-2.0159988403320312,-7.756999969482418,-2.822999954223633,0,1,0,0,0,1
2,-6.593998908996584,7.383000373840332,-3.9989999532699585,0,0,1,0,0,1
2,-9.357999324798584,-0.49900054931640625,-5.327000021934509,0,1,0,0,0,1
2,-1.7549991607666016,-7.4850006103515625,7.762000203132629,0,0,1,0,0,1
2,-1.0689983367919922,-11.655998229980469,1.0110000371932983,1,0,0,0,0,1
2,-12.992999076843262,2.792999267578125,-2.7179999351501465,1,0,0,0,0,1
3,0.0,0.0,0.0,0,0,0,1,0,1
3,2.476999282836914,-3.842000961303711,2.9490000009536743,0,0,1,0,1,1
3,-4.11699962615967,3.540999412536621,-1.0499999523162842,0,0,1,0,1,1
3,-6.881000041961671,-4.341001510620117,-2.378000020980835,0,1,0,0,0,1
3,-2.753000259399414,-7.852001190185547,-2.3279998302459717,0,1,0,0,0,1
3,-8.109999656677246,6.711998939514162,0.7500000596046448,1,0,0,0,0,1
3,-10.515999794006348,-1.049001693725586,0.23100006580352783,1,0,0,0,0,1
3,2.7810001373291016,-7.802000045776367,6.837000131607056,0,0,1,0,0,1
3,0.4610004425048828,-11.59900093078613,0.12600004673004173,0,1,0,0,0,1
3,-12.781999826431274,1.7669992446899414,4.348999977111816,0,1,0,0,0,1
4,0.0,0.0,0.0,0,0,1,0,0,1
4,-3.9930000305175763,3.170999526977541,1.800000011920929,1,0,0,0,1,1
4,4.11699962615967,-3.540999412536621,1.0499999523162842,0,0,0,1,1,1
4,-6.399000167846678,-4.590001106262207,1.281000018119812,1,0,0,0,0,1
4,-2.764000415802001,-7.882000923156738,-1.3280000686645508,0,1,0,0,0,1
4,-8.665000200271605,-1.7740001678466797,5.398999929428101,0,1,0,0,0,1
4,6.593998908996584,-7.383000373840332,3.9989999532699585,0,0,1,0,0,1
4,-6.446000099182127,6.888999938964844,5.680999994277954,0,0,0,1,0,1
4,1.3639993667602557,-11.393000602722168,-1.2779998779296875,0,1,0,0,0,1
4,-8.294000148773192,0.2529993057250959,10.587999820709229,0,0,0,1,0,1
5,0.0,0.0,0.0,1,0,0,0,0,1
5,3.9930000305175763,-3.170999526977541,-1.800000011920929,0,0,1,0,1,1
5,-2.453000068664551,3.718000411987303,3.880999982357025,0,0,0,1,1,1
5,-4.672000169754028,-4.9449996948242205,3.5989999175071716,0,1,0,0,0,1
5,-2.4060001373291016,-7.761000633239748,-0.5189999938011169,1,0,0,0,0,1
5,-4.301000118255615,-2.918000221252445,8.7879998087883,0,0,0,1,0,1
5,8.109999656677246,-6.711998939514162,-0.7500000596046448,0,0,0,1,0,1
5,1.2289996147155753,-11.05300045013428,-3.1280000805854797,0,1,0,0,0,1
5,-2.707000255584717,5.974000453948973,9.612000167369843,0,0,1,0,0,1
5,-6.019000172615051,11.586000204086302,1.6679999828338623,0,0,0,1,0,1
6,0.0,0.0,0.0,0,0,0,1,0,1
6,2.453000068664551,-3.718000411987303,-3.880999982357025,1,0,0,0,1,1
6,-0.254000186920166,2.25600004196167,5.731000185012817,0,0,1,0,0,1
6,-1.8480000495910645,-6.636000633239748,4.906999826431274,0,0,0,1,0,1
6,-3.5660001039505005,7.867999792098999,-2.212999999523163,0,0,0,1,1,1
6,-2.2190001010894775,-8.663000106811523,-0.2820000648498535,0,1,0,0,0,1
6,0.14299964904785156,9.660999774932861,0.5920000076293945,0,1,0,0,0,1
6,0.9609999656677246,-5.136000633239748,9.332000017166138,1,0,0,0,0,1
6,6.446000099182127,-6.888999938964844,-5.680999994277954,0,0,1,0,0,1
6,2.299999713897705,3.042999744415283,10.89400029182434,0,0,1,0,0,1
7,0.0,0.0,0.0,0,0,0,1,0,1
7,3.708999752998352,1.7929999828338623,2.8050000071525574,0,1,0,0,0,1
7,-7.491000056266785,3.4100000858306885,0.2290000319480897,1,0,0,0,1,1
7,-4.939999938011169,4.58299994468689,5.0459999442100525,0,0,1,0,0,1
7,3.5660001039505005,-7.867999792098999,2.212999999523163,0,0,0,1,1,1
7,-0.9440000057220459,0.5590000152587891,9.02099984884262,0,0,0,1,0,1
7,1.9520000219345093,8.885000467300413,0.5660000443458557,1,0,0,0,0,1
7,-3.166999936103821,-2.037999987602234,-8.998999655246735,0,1,0,0,0,1
7,-0.6370000168681145,8.373999834060669,-5.060999929904938,0,0,1,0,0,1
7,5.874000191688538,3.187999963760376,-7.373000204563141,0,0,1,0,0,1
8,0.0,0.0,0.0,1,0,0,0,0,1
8,2.5510001182556152,1.1729998588562012,4.816999912261963,0,0,1,0,0,1
8,-4.489000320434572,3.7059998512268066,2.4900000095367427,0,0,1,0,0,1
8,-6.590000152587891,-3.5320000648498535,0.2619999647140502,0,0,1,0,1,1
8,7.491000056266785,-3.4100000858306885,-0.2290000319480897,0,0,0,1,1,1
8,-4.871999740600588,-6.373000144958496,-4.7209999561309814,0,1,0,0,0,1
8,6.85400003939867,4.9639997482299805,-5.289999961853027,0,0,1,0,0,1
8,9.443000078201294,5.475000381469725,0.337000012397766,1,0,0,0,0,1
8,3.3370001316070557,3.1419997215270996,-10.005999565124513,1,0,0,0,0,1
8,-0.7090001106262207,-7.044000148773193,-8.44700002670288,0,0,0,1,0,1
9,0.0,0.0,0.0,0,0,1,0,0,1
9,1.718000411987303,-2.8410000801086426,-4.982999920845032,0,1,0,0,1,1
9,6.590000152587891,3.5320000648498535,-0.2619999647140502,1,0,0,0,1,1
9,2.1009998321533185,7.23799991607666,2.2280000448226924,0,0,1,0,0,1
9,-3.4409990310668945,2.825000047683716,-6.695000052452087,1,0,0,0,0,1
9,-6.290999412536621,6.206999778747559,-3.021000027656555,0,1,0,0,0,1
9,0.38000011444091975,2.427000045776367,-10.390000224113463,0,1,0,0,0,1
9,5.88100004196167,-3.51200008392334,-8.708999991416931,0,0,0,1,0,1
9,9.141000270843506,4.704999923706055,4.554999947547913,0,0,1,0,0,1
9,-1.3789997100830096,11.606000423431396,2.037000060081482,0,0,1,0,0,1
10,0.0,0.0,0.0,0,1,0,0,0,1
10,4.162999629974367,-0.6710000038146973,-3.7260000705719,0,0,0,1,1,1
10,-1.718000411987303,2.8410000801086426,4.982999920845032,0,0,1,0,1,1
10,-1.3380002975463832,5.26800012588501,-5.407000303268431,0,1,0,0,0,1
10,-5.158999443054197,5.666000127792358,-1.712000131607056,1,0,0,0,0,1
10,4.871999740600588,6.373000144958496,4.7209999561309814,1,0,0,0,0,1
10,9.195999860763552,0.9250000715255737,-4.506999731063843,0,1,0,0,0,1
10,3.481999397277834,7.084000110626221,-6.940999746322632,0,0,1,0,0,1
10,-8.008999824523924,9.047999858856201,1.961999893188476,0,1,0,0,0,1
10,0.3829994201660156,10.078999996185303,7.210999965667724,0,0,1,0,0,1
11,0.0,0.0,0.0,0,0,0,1,0,1
11,5.033000230789185,1.596000075340271,-0.7809996604919434,0,1,0,0,1,1
11,-4.162999629974367,0.6710000038146973,3.7260000705719,0,1,0,0,1,1
11,-5.50099992752075,5.939000129699707,-1.6810002326965314,0,1,0,0,0,1
11,-0.6810002326965332,7.755000114440918,-3.2149996757507324,0,0,1,0,0,1
11,0.7090001106262207,7.044000148773193,8.44700002670288,1,0,0,0,0,1
11,4.046000242233276,10.185999870300293,-1.5589995384216326,1,0,0,0,0,1
11,-5.88100004196167,3.51200008392334,8.708999991416931,0,0,1,0,0,1
11,9.933000087738037,5.06000018119812,-1.657999515533449,1,0,0,0,0,1
11,-9.321999073028564,6.337000131607056,2.0139999389648438,1,0,0,0,0,1
12,0.0,0.0,0.0,0,1,0,0,0,1
12,-5.033000230789185,-1.596000075340271,0.7809996604919434,0,0,0,1,1,1
12,4.8999998569488525,3.4640001058578487,-0.8769998550415057,1,0,0,0,1,1
12,-0.9869999885559082,8.589999794960022,-0.7779998779296893,1,0,0,0,0,1
12,-5.714000463485718,6.159000039100647,-2.434000015258789,0,0,1,0,0,1
12,3.166999936103821,2.037999987602234,8.998999655246735,0,0,0,1,0,1
12,-9.195999860763552,-0.9250000715255737,4.506999731063843,0,1,0,0,0,1
12,9.041000127792358,5.22599995136261,1.6259994506835938,0,0,1,0,0,1
12,2.5299999192357063,10.411999821662903,3.937999725341797,0,0,1,0,0,1
12,-10.534000158309935,4.343000054359436,-0.9000005722045881,0,1,0,0,0,1
13,0.0,0.0,0.0,1,0,0,0,0,1
13,4.141000270843506,1.7619998455047612,2.5029993057250994,0,0,1,0,1,1
13,-4.8999998569488525,-3.4640001058578487,0.8769998550415057,0,1,0,0,1,1
13,-5.886999845504761,5.125999689102173,0.0989999771118164,1,0,0,0,0,1
13,-2.3699999377131467,6.947999715805054,4.814999580383303,0,0,1,0,0,1
13,-1.7329999208450322,-1.4260001182556148,9.87599951028824,0,0,0,1,0,1
13,-10.61400032043457,2.6949999332427983,-1.5570001602172834,0,0,1,0,0,1
13,-9.933000087738037,-5.06000018119812,1.657999515533449,0,0,0,1,0,1
13,10.746999740600586,6.051000356674194,2.650999546051027,0,1,0,0,0,1
13,0.2190001010894771,7.459000349044798,10.441999554634096,1,0,0,0,0,1
14,0.0,0.0,0.0,0,0,1,0,0,1
14,-4.141000270843506,-1.7619998455047612,-2.5029993057250994,1,0,0,0,1,1
14,6.60599946975708,4.289000511169434,0.14800024032592773,0,1,0,0,1,1
14,-6.511000208556652,5.185999870300293,2.312000274658203,0,0,1,0,0,1
14,-5.874000191688538,-3.187999963760376,7.373000204563141,0,0,0,1,0,1
14,7.7079997062683105,-3.003999948501587,6.08400022983551,0,1,0,0,0,1
14,-2.1650004386901855,-1.3949999809265137,10.178000211715698,0,1,0,0,0,1
14,-3.9220001697540283,5.697000503540037,7.939000248908997,1,0,0,0,0,1
14,-9.041000127792358,-5.22599995136261,-1.6259994506835938,0,1,0,0,0,1
14,-10.028000116348267,3.363999843597412,-2.403999328613283,1,0,0,0,0,1
15,0.0,0.0,0.0,0,1,0,0,0,1
15,-6.60599946975708,-4.289000511169434,-0.14800024032592773,0,0,1,0,1,1
15,9.064001083374023,-0.20300054550170898,2.7149999141693115,0,0,0,1,1,1
15,1.1020002365112305,-7.2930004596710205,5.9359999895095825,0,1,0,0,0,1
15,4.795000076293945,0.0839996337890625,8.523000001907349,0,0,1,0,0,1
15,1.9660005569458008,5.892999649047852,9.003000020980835,0,0,1,0,0,1
15,-3.304999351501465,-5.030000448226929,10.424999952316284,0,0,0,1,0,1
15,-10.746999740600586,-6.051000356674194,-2.650999546051027,1,0,0,0,0,1
15,-10.527999639511108,1.4079999923706037,7.791000008583069,1,0,0,0,0,1
15,-13.116999678313732,0.8969993591308594,2.1640000343322754,0,0,1,0,0,1
16,0.0,0.0,0.0,0,0,0,1,0,1
16,-4.269001007080078,0.2870001792907715,5.808000087738037,0,0,1,0,1,1
16,-9.064001083374023,0.20300054550170898,-2.7149999141693115,0,1,0,0,1,1
16,-7.962000846862793,-7.0899999141693115,3.221000075340271,0,1,0,0,0,1
16,-7.098000526428223,6.0960001945495605,6.288000106811523,0,0,1,0,0,1
16,-0.9750003814697266,-8.361999899148941,7.836000204086304,0,1,0,0,0,1
16,0.7419986724853516,-0.23000001907348633,13.225999593734743,0,0,0,1,0,1
16,-7.395000457763674,-2.00600004196167,10.987000226974487,1,0,0,0,0,1
16,-4.669000625610352,4.342000484466553,12.180000066757202,0,0,1,0,0,1
16,-12.369000434875488,-4.82699990272522,7.710000038146973,0,0,0,1,0,1
17,0.0,0.0,0.0,0,0,1,0,0,1
17,-3.1259994506835955,-2.2930002212524414,5.17900013923645,1,0,0,0,0,1
17,-2.8289995193481445,5.809000015258789,0.48000001907348633,0,0,1,0,1,1
17,4.269001007080078,-0.2870001792907715,-5.808000087738037,0,0,0,1,1,1
17,-0.39999961853027344,4.055000305175781,6.371999979019165,0,0,1,0,0,1
17,-3.692999839782715,-7.377000093460083,-2.587000012397766,0,1,0,0,0,1
17,5.01099967956543,-0.5170001983642578,7.417999505996706,0,0,0,1,0,1
17,3.2940006256103516,-8.649000078439713,2.0280001163482666,0,1,0,0,0,1
17,-8.09999942779541,-5.114000082015991,1.9019999504089355,0,0,0,1,0,1
17,-4.795000076293945,-0.0839996337890625,-8.523000001907349,0,1,0,0,0,1
18,0.0,0.0,0.0,0,0,1,0,0,1
18,2.8289995193481445,-5.809000015258789,-0.48000001907348633,0,0,1,0,1,1
18,2.428999900817871,-1.7539997100830078,5.891999959945679,0,0,1,0,0,1
18,-5.998000144958496,-0.06099987030029297,4.044999837875367,0,0,1,0,1,1
18,-0.296999931335451,-8.10200023651123,4.699000120162964,1,0,0,0,0,1
18,6.9110002517700195,0.8299999237060547,7.4750001430511475,0,1,0,0,0,1
18,-1.9660005569458008,-5.892999649047852,-9.003000020980835,0,1,0,0,0,1
18,7.098000526428223,-6.0960001945495605,-6.288000106811523,0,0,0,1,0,1
18,-5.270999908447266,-10.92300009727478,1.4219999313354492,0,0,0,1,0,1
18,7.839999198913574,-6.326000213623047,6.9379994869232195,0,0,0,1,0,1
19,0.0,0.0,0.0,0,0,1,0,0,1
19,5.998000144958496,0.06099987030029297,-4.044999837875367,0,0,1,0,1,1
19,8.427000045776367,-1.6929998397827148,1.8470001220703116,0,0,1,0,0,1
19,-6.496000051498413,-4.423999786376955,-5.256999850273133,1,0,0,0,1,1
19,5.701000213623045,-8.041000366210938,0.6540002822875968,1,0,0,0,0,1
19,0.7270002365112305,-10.862000226974487,-2.622999906539918,0,0,0,1,0,1
19,8.82699966430664,-5.748000144958496,-4.524999856948853,0,0,1,0,0,1
19,-4.73900032043457,-11.516000270843506,-3.0179998874664316,0,1,0,0,0,1
19,12.909000396728516,0.8909997940063477,3.4300003051757804,0,1,0,0,0,1
19,4.031999588012695,-5.831999778747559,-13.047999858856201,0,1,0,0,0,1
20,0.0,0.0,0.0,1,0,0,0,0,1
20,-2.5890000388026237,-0.5110006332397443,-5.6269999742507935,0,0,1,0,1,1
20,1.7569997310638428,-7.092000484466551,2.2389999628067017,0,1,0,0,0,1
20,-1.9520000219345093,-8.885000467300413,-0.5660000443458557,0,0,0,1,0,1
20,-6.891999959945679,-4.302000522613524,4.479999899864197,0,0,1,0,0,1
20,6.496000051498413,4.423999786376955,5.256999850273133,0,0,1,0,1,1
20,7.2230002880096436,-6.438000440597532,2.6339999437332153,0,0,0,1,0,1
20,3.9220001697540283,-5.697000503540037,-7.939000248908997,0,0,1,0,0,1
20,-9.443000078201294,-5.475000381469725,-0.337000012397766,1,0,0,0,0,1
20,-2.896000027656555,-8.326000452041624,8.454999804496765,0,0,0,1,0,1
21,0.0,0.0,0.0,0,0,1,0,0,1
21,-3.5169999077916145,-1.8220000267028809,-4.715999603271486,1,0,0,0,1,1
21,2.5890000388026237,0.5110006332397443,5.6269999742507935,1,0,0,0,1,1
21,6.511000208556652,-5.185999870300293,-2.312000274658203,0,0,1,0,0,1
21,2.3699999377131467,-6.947999715805054,-4.814999580383303,1,0,0,0,0,1
21,0.6370000168681145,-8.373999834060669,5.060999929904938,0,0,0,1,0,1
21,-6.85400003939867,-4.9639997482299805,5.289999961853027,1,0,0,0,0,1
21,4.3459997698664665,-6.580999851226807,7.865999937057495,0,1,0,0,0,1
21,-8.244000382721424,-4.252999782562256,-6.371999740600586,0,0,1,0,0,1
21,-2.5299999192357063,-10.411999821662903,-3.937999725341797,0,1,0,0,0,1
22,0.0,0.0,0.0,1,0,0,0,0,1
22,-4.72700047492981,-2.430999755859375,-1.6560001373290998,0,0,1,0,1,1
22,3.5169999077916145,1.8220000267028809,4.715999603271486,0,0,1,0,1,1
22,5.886999845504761,-5.125999689102173,-0.0989999771118164,1,0,0,0,0,1
22,0.9869999885559082,-8.589999794960022,0.7779998779296893,0,1,0,0,0,1
22,-9.547000169754027,-4.246999740600586,-0.12200069427489879,0,1,0,0,0,1
22,10.028000116348267,-3.363999843597412,2.403999328613283,0,0,1,0,0,1
22,-3.3370001316070557,-3.1419997215270996,10.005999565124513,1,0,0,0,0,1
22,-4.046000242233276,-10.185999870300293,1.5589995384216326,0,0,0,1,0,1
22,6.105999946594238,2.333000659942625,10.34299957752228,1,0,0,0,0,1
23,0.0,0.0,0.0,0,0,1,0,0,1
23,-4.819999694824217,-1.815999984741211,1.533999443054201,0,1,0,0,1,1
23,4.72700047492981,2.430999755859375,1.6560001373290998,1,0,0,0,1,1
23,0.6810002326965332,-7.755000114440918,3.2149996757507324,0,0,0,1,0,1
23,5.714000463485718,-6.159000039100647,2.434000015258789,0,1,0,0,0,1
23,-8.640998840332031,-1.4179999828338623,5.228999614715576,1,0,0,0,0,1
23,-3.481999397277834,-7.084000110626221,6.940999746322632,0,1,0,0,0,1
23,10.61400032043457,-2.6949999332427983,1.5570001602172834,1,0,0,0,0,1
23,8.244000382721424,4.252999782562256,6.371999740600586,0,0,1,0,0,1
23,1.390000343322754,-0.7109999656677246,11.661999702453613,1,0,0,0,0,1
24,0.0,0.0,0.0,0,1,0,0,0,1
24,-3.8209991455078143,0.39800000190734863,3.695000171661375,1,0,0,0,1,1
24,4.819999694824217,1.815999984741211,-1.533999443054201,0,0,1,0,1,1
24,1.3380002975463832,-5.26800012588501,5.407000303268431,0,1,0,0,0,1
24,5.50099992752075,-5.939000129699707,1.6810002326965314,0,0,0,1,0,1
24,9.547000169754027,4.246999740600586,0.12200069427489879,1,0,0,0,0,1
24,-6.670999526977541,3.7799997329711914,7.369000196456907,0,1,0,0,0,1
24,-0.38000011444091975,-2.427000045776367,10.390000224113463,0,0,1,0,0,1
24,10.534000158309935,-4.343000054359436,0.9000005722045881,0,1,0,0,0,1
24,6.210000038146971,1.1050000190734863,10.128000259399412,1,0,0,0,0,1
25,0.0,0.0,0.0,1,0,0,0,0,1
25,3.8209991455078143,-0.39800000190734863,-3.695000171661375,0,1,0,0,1,1
25,-2.8500003814697266,3.3819997310638428,3.6740000247955322,0,1,0,0,1,1
25,5.158999443054197,-5.666000127792358,1.712000131607056,0,1,0,0,0,1
25,3.4409990310668945,-2.825000047683716,6.695000052452087,0,0,1,0,0,1
25,8.640998840332031,1.4179999828338623,-5.228999614715576,0,0,1,0,0,1
25,-4.814001083374023,8.524999856948853,5.159000068902969,0,1,0,0,0,1
25,5.541998863220213,4.412999868392944,8.92300009727478,0,0,1,0,0,1
25,9.321999073028564,-6.337000131607056,-2.0139999389648438,0,0,0,1,0,1
25,10.030999183654785,0.7070000171661377,6.433000087738037,1,0,0,0,0,1
26,0.0,0.0,0.0,0,1,0,0,0,1
26,-1.9640007019042969,5.14300012588501,1.4850000441074374,0,1,0,0,1,1
26,2.8500003814697266,-3.3819997310638428,-3.6740000247955322,1,0,0,0,1,1
26,4.9119997024536115,5.399000644683838,5.058000087738037,0,0,1,0,0,1
26,6.290999412536621,-6.206999778747559,3.021000027656555,0,0,1,0,0,1
26,8.39199924468994,1.0310001373291016,5.249000072479248,0,0,1,0,0,1
26,6.670999526977541,-3.7799997329711914,-7.369000196456907,0,1,0,0,0,1
26,-2.8229999542236364,10.257999897003174,0.14200007915496848,0,0,0,1,0,1
26,4.180999755859375,9.848000049591064,2.083000034093857,0,0,1,0,0,1
26,8.008999824523924,-9.047999858856201,-1.961999893188476,0,1,0,0,0,1
27,0.0,0.0,0.0,0,1,0,0,0,1
27,-0.8589992523193395,5.114999771118164,-1.3429999649524689,0,0,0,1,1,1
27,1.9640007019042969,-5.14300012588501,-1.4850000441074374,0,1,0,0,1,1
27,6.876000404357908,0.2560005187988281,3.5730000436306,0,0,1,0,0,1
27,6.145000457763672,4.704999923706055,0.5979999899864197,0,0,1,0,0,1
27,-1.1520004272460938,9.387001037597653,-4.695999771356583,0,1,0,0,0,1
27,6.029000282287598,7.842000961303711,-4.015000015497208,0,0,1,0,0,1
27,4.814001083374023,-8.524999856948853,-5.159000068902969,1,0,0,0,0,1
27,10.355999946594237,-4.111999988555908,3.7640000283718105,0,0,1,0,0,1
27,5.273000717163086,9.035999298095703,-8.960999637842177,1,0,0,0,0,1
28,0.0,0.0,0.0,0,0,0,1,0,1
28,0.8589992523193395,-5.114999771118164,1.3429999649524689,0,1,0,0,1,1
28,-0.29300117492675426,4.272001266479489,-3.3529998064041138,0,1,0,0,1,1
28,7.003999710083011,-0.4099998474121094,1.9409999549388885,0,0,1,0,0,1
28,6.887999534606937,2.727001190185547,-2.6720000505447388,0,0,1,0,0,1
28,7.734999656677248,-4.858999252319336,4.916000008583069,0,0,1,0,0,1
28,6.131999969482425,3.920999526977539,-7.617999672889708,1,0,0,0,0,1
28,-1.4390010833740199,6.1480007171630895,-8.449000000953674,0,1,0,0,0,1
28,2.8229999542236364,-10.257999897003174,-0.14200007915496848,0,1,0,0,0,1
28,4.338998794555668,2.4260005950927734,-12.68399965763092,0,0,1,0,0,1
29,0.0,0.0,0.0,0,1,0,0,0,1
29,0.29300117492675426,-4.272001266479489,3.3529998064041138,0,0,0,1,1,1
29,-1.1459999084472656,1.8759994506836009,-5.0960001945495605,0,1,0,0,1,1
29,7.181000709533691,-1.5450000762939418,0.680999755859375,0,0,1,0,0,1
29,6.42500114440918,-0.3510017395019496,-4.264999866485594,1,0,0,0,0,1
29,-4.701999664306644,0.5769996643066406,-8.882000446319578,0,1,0,0,0,1
29,7.297000885009766,-4.682001113891598,5.293999761343002,0,0,1,0,0,1
29,1.1520004272460938,-9.387001037597653,4.695999771356583,0,1,0,0,0,1
29,4.631999969482422,-1.8460006713867152,-9.330999851226807,0,0,1,0,0,1
29,1.7840003967285156,-5.1410007476806605,-12.845000743865967,0,0,1,0,0,1
30,0.0,0.0,0.0,0,1,0,0,0,1
30,-3.5559997558593786,-1.2989997863769602,-3.7860002517700178,0,1,0,0,1,1
30,1.1459999084472656,-1.8759994506836009,5.0960001945495605,0,1,0,0,1,1
30,7.571001052856445,-2.2270011901855504,0.8310003280639666,1,0,0,0,0,1
30,5.7779998779296875,-3.722000122070316,-4.234999656677246,0,0,1,0,0,1
30,1.4390010833740199,-6.1480007171630895,8.449000000953674,0,0,0,1,0,1
30,8.327000617980957,-3.4209995269775426,5.7769999504089355,0,0,1,0,0,1
30,2.9300003051757812,-7.017000198364261,-7.749000549316406,0,0,1,0,0,1
30,-9.055999755859382,-3.4239997863769602,-4.940999984741211,0,0,0,1,0,1
30,-0.8489990234375,-11.000000000000004,-8.544000625610352,1,0,0,0,0,1
31,0.0,0.0,0.0,0,1,0,0,0,1
31,3.5559997558593786,1.2989997863769602,3.7860002517700178,0,1,0,0,1,1
31,-5.5000000000000036,-2.125,-1.1549997329711932,0,0,0,1,1,1
31,6.48600006103516,-5.718000411987301,-3.9630002975463885,0,0,1,0,0,1
31,9.333999633789066,-2.423000335693356,-0.44899940490722834,0,0,1,0,0,1
31,4.701999664306644,-0.5769996643066406,8.882000446319578,0,1,0,0,0,1
31,2.7070007324218786,-9.701000213623043,-4.758000373840334,1,0,0,0,0,1
31,-6.159999847412106,-9.932000160217283,0.33199977874755504,0,1,0,0,0,1
31,11.127000808715824,-0.9280014038085902,4.617000579833984,1,0,0,0,0,1
31,-1.8659992218017578,-11.745000839233395,-2.5449991226196307,1,0,0,0,0,1
32,0.0,0.0,0.0,0,0,0,1,0,1
32,5.5000000000000036,2.125,1.1549997329711932,0,1,0,0,1,1
32,-6.931999206542969,0.1389999389648473,0.4510002136230469,0,0,0,1,1,1
32,-4.88999938964843,-4.449000358581539,2.4890003204345703,1,0,0,0,0,1
32,-0.6599998474121023,-7.807000160217283,1.4869995117187482,0,1,0,0,0,1
32,3.6340007781982457,-9.620000839233395,-1.3899993896484375,1,0,0,0,0,1
32,9.055999755859382,3.4239997863769602,4.940999984741211,0,1,0,0,0,1
32,8.207000732421882,-7.576000213623043,-3.6030006408691406,1,0,0,0,0,1
32,11.986000061035163,-3.593000411987301,-2.8080005645751953,0,0,1,0,0,1
32,10.201999664306648,1.5480003356933594,10.037000179290771,0,1,0,0,0,1
33,0.0,0.0,0.0,0,0,0,1,0,1
33,2.0419998168945384,-4.588000297546387,2.0380001068115234,1,0,0,0,1,1
33,6.931999206542969,-0.1389999389648473,-0.4510002136230469,0,0,0,1,1,1
33,6.2719993591308665,-7.946000099182131,1.0359992980957013,0,1,0,0,0,1
33,12.431999206542972,1.9860000610351527,0.7039995193481463,0,1,0,0,0,1
33,10.565999984741214,-9.759000778198242,-1.8409996032714844,1,0,0,0,0,1
33,15.98799896240235,3.284999847412113,4.489999771118164,0,1,0,0,0,1
33,15.13899993896485,-7.715000152587891,-4.0540008544921875,1,0,0,0,0,1
33,18.917999267578132,-3.7320003509521484,-3.259000778198242,0,0,1,0,0,1
33,17.133998870849616,1.409000396728512,9.585999965667725,0,1,0,0,0,1
34,0.0,0.0,0.0,1,0,0,0,0,1
34,-2.0419998168945384,4.588000297546387,-2.0380001068115234,0,0,0,1,1,1
34,4.229999542236328,-3.357999801635744,-1.002000808715822,0,1,0,0,1,1
34,4.88999938964843,4.449000358581539,-2.4890003204345703,0,0,0,1,0,1
34,8.524000167846676,-5.1710004806518555,-3.878999710083008,1,0,0,0,0,1
34,10.389999389648434,6.574000358581539,-1.3340005874633771,0,1,0,0,0,1
34,13.097000122070312,-3.126999855041504,-6.092000961303711,1,0,0,0,0,1
34,13.945999145507812,7.8730001449585,2.4519996643066406,0,1,0,0,0,1
34,16.875999450683594,0.8559999465942383,-5.297000885009766,0,0,1,0,0,1
34,15.091999053955078,5.997000694274899,7.547999858856201,0,1,0,0,0,1
35,0.0,0.0,0.0,0,1,0,0,0,1
35,4.294000625610348,-1.8130006790161115,-2.8769989013671857,1,0,0,0,1,1
35,-4.229999542236328,3.357999801635744,1.002000808715822,1,0,0,0,1,1
35,0.6599998474121023,7.807000160217283,-1.4869995117187482,0,0,0,1,0,1
35,-6.2719993591308665,7.946000099182131,-1.0359992980957013,0,0,0,1,0,1
35,8.867000579833984,0.23099994659424006,-5.090000152587889,1,0,0,0,0,1
35,6.159999847412106,9.932000160217283,-0.33199977874755504,0,1,0,0,0,1
35,12.645999908447266,4.213999748229982,-4.2950000762939435,0,0,1,0,0,1
35,9.715999603271484,11.230999946594244,3.4540004730224627,0,1,0,0,0,1
35,10.86199951171875,9.355000495910643,8.550000667572023,0,1,0,0,0,1
36,0.0,0.0,0.0,1,0,0,0,0,1
36,4.572999954223636,2.0440006256103516,-2.213001251220703,1,0,0,0,1,1
36,-4.294000625610348,1.8130006790161115,2.8769989013671857,0,1,0,0,1,1
36,-3.6340007781982457,9.620000839233395,1.3899993896484375,0,0,0,1,0,1
36,8.351999282836918,6.027000427246094,-1.4180011749267578,0,0,1,0,0,1
36,-8.524000167846676,5.1710004806518555,3.878999710083008,1,0,0,0,0,1
36,1.8659992218017578,11.745000839233395,2.5449991226196307,0,1,0,0,0,1
36,-10.565999984741214,9.759000778198242,1.8409996032714844,0,0,0,1,0,1
36,11.199998855590824,9.322000503540039,2.0959997177124023,0,0,1,0,0,1
36,5.421998977661136,13.044000625610355,6.330999374389648,0,1,0,0,0,1
37,0.0,0.0,0.0,1,0,0,0,0,1
37,-4.572999954223636,-2.0440006256103516,2.213001251220703,1,0,0,0,1,1
37,3.7789993286132812,3.982999801635742,0.7950000762939453,0,0,1,0,1,1
37,-8.867000579833984,-0.23099994659424006,5.090000152587889,0,1,0,0,0,1
37,6.6269989013671875,7.2779998779296875,4.3090009689331055,0,0,1,0,0,1
37,-2.7070007324218786,9.701000213623043,4.758000373840334,0,1,0,0,0,1
37,-8.207000732421882,7.576000213623043,3.6030006408691406,0,0,0,1,0,1
37,0.8489990234375,11.000000000000004,8.544000625610352,0,1,0,0,0,1
37,-13.097000122070312,3.126999855041504,6.092000961303711,1,0,0,0,0,1
37,8.420000076293945,8.772998809814453,9.375000953674318,1,0,0,0,0,1
38,0.0,0.0,0.0,0,0,1,0,0,1
38,-3.7789993286132812,-3.982999801635742,-0.7950000762939453,1,0,0,0,1,1
38,2.8479995727539062,3.2950000762939453,3.51400089263916,0,0,1,0,1,1
38,-6.48600006103516,5.718000411987301,3.9630002975463885,0,1,0,0,0,1
38,-8.351999282836918,-6.027000427246094,1.4180011749267578,1,0,0,0,0,1
38,-2.9300003051757812,7.017000198364261,7.749000549316406,0,1,0,0,0,1
38,4.641000747680664,4.789999008178711,8.580000877380373,1,0,0,0,0,1
38,-11.986000061035163,3.593000411987301,2.8080005645751953,0,0,0,1,0,1
38,-1.7840003967285156,5.1410007476806605,12.845000743865967,0,1,0,0,0,1
38,-12.645999908447266,-4.213999748229982,4.2950000762939435,0,1,0,0,0,1
39,0.0,0.0,0.0,0,0,1,0,0,1
39,1.7930011749267578,1.4949989318847656,5.065999984741213,1,0,0,0,1,1
39,-2.8479995727539062,-3.2950000762939453,-3.51400089263916,0,0,1,0,1,1
39,-5.7779998779296875,3.722000122070316,4.234999656677246,0,1,0,0,0,1
39,-9.333999633789066,2.423000335693356,0.44899940490722834,0,1,0,0,0,1
39,2.5490007400512695,0.30100059509277344,10.011999607086182,0,0,1,0,0,1
39,-4.631999969482422,1.8460006713867152,9.330999851226807,0,1,0,0,0,1
39,-6.6269989013671875,-7.2779998779296875,-4.3090009689331055,1,0,0,0,0,1
39,-4.338998794555668,-2.4260005950927734,12.68399965763092,0,0,0,1,0,1
39,-11.199998855590824,-9.322000503540039,-2.0959997177124023,1,0,0,0,0,1
40,0.0,0.0,0.0,1,0,0,0,0,1
40,0.7559995651245117,-1.1939983367919922,4.945999622344969,0,0,1,0,1,1
40,-1.7930011749267578,-1.4949989318847656,-5.065999984741213,0,0,1,0,1,1
40,-6.42500114440918,0.3510017395019496,4.264999866485594,0,1,0,0,0,1
40,-7.571001052856445,2.2270011901855504,-0.8310003280639666,0,1,0,0,0,1
40,0.8719997406005859,-4.330999374389648,9.558999627828596,0,0,1,0,0,1
40,-6.131999969482425,-3.920999526977539,7.617999672889708,0,0,0,1,0,1
40,-4.641000747680664,-4.789999008178711,-8.580000877380373,0,0,1,0,0,1
40,-11.127000808715824,0.9280014038085902,-4.617000579833984,0,1,0,0,0,1
40,-5.273000717163086,-9.035999298095703,8.960999637842177,0,1,0,0,0,1
41,0.0,0.0,0.0,0,0,1,0,0,1
41,-0.7559995651245117,1.1939983367919922,-4.945999622344969,1,0,0,0,1,1
41,0.11600017547607422,-3.1370010375976562,4.613000005483627,0,0,1,0,1,1
41,-7.181000709533691,1.5450000762939418,-0.680999755859375,0,1,0,0,0,1
41,-6.887999534606937,-2.727001190185547,2.6720000505447388,0,0,0,1,0,1
41,-2.5490007400512695,-0.30100059509277344,-10.011999607086182,0,0,1,0,0,1
41,-6.029000282287598,-7.842000961303711,4.015000015497208,0,1,0,0,0,1
41,-8.327000617980957,3.4209995269775426,-5.7769999504089355,0,1,0,0,0,1
41,0.8470001220703107,-7.586000442504883,7.588000059127808,0,0,1,0,0,1
41,-4.064999580383301,-12.98500108718872,2.5299999713897705,0,1,0,0,0,1
42,0.0,0.0,0.0,0,0,1,0,0,1
42,0.7309999465942365,-4.448999404907227,2.9750000536441803,0,0,1,0,1,1
42,-0.11600017547607422,3.1370010375976562,-4.613000005483627,0,0,1,0,1,1
42,-7.003999710083011,0.4099998474121094,-1.9409999549388885,0,0,0,1,0,1
42,-6.145000457763672,-4.704999923706055,-0.5979999899864197,0,1,0,0,0,1
42,-7.297000885009766,4.682001113891598,-5.293999761343002,0,1,0,0,0,1
42,4.210999488830565,-8.816999912261963,3.166000038385391,0,0,1,0,0,1
42,-0.8719997406005859,4.330999374389648,-9.558999627828596,1,0,0,0,0,1
42,-4.180999755859375,-9.848000049591064,-2.083000034093857,0,1,0,0,0,1
42,-1.3309993743896484,-13.229999780654907,-5.757000058889389,1,0,0,0,0,1
43,0.0,0.0,0.0,0,0,1,0,0,1
43,-0.7309999465942365,4.448999404907227,-2.9750000536441803,0,0,1,0,1,1
43,3.479999542236328,-4.368000507354736,0.1909999847412105,0,0,1,0,1,1
43,-6.876000404357908,-0.2560005187988281,-3.5730000436306,0,1,0,0,0,1
43,-4.9119997024536115,-5.399000644683838,-5.058000087738037,0,1,0,0,0,1
43,-7.734999656677248,4.858999252319336,-4.916000008583069,0,0,0,1,0,1
43,-0.8470001220703107,7.586000442504883,-7.588000059127808,0,0,1,0,0,1
43,7.9689998626709,-8.074000358581543,-2.2990000247955322,1,0,0,0,0,1
43,1.3789997100830096,-11.606000423431396,-2.037000060081482,0,0,1,0,0,1
43,-2.061999320983885,-8.78100037574768,-8.73200011253357,1,0,0,0,0,1
44,0.0,0.0,0.0,0,0,1,0,0,1
44,-3.479999542236328,4.368000507354736,-0.1909999847412105,0,0,1,0,1,1
44,4.489000320434572,-3.7059998512268066,-2.4900000095367427,1,0,0,0,0,1
44,7.040000438690187,-2.5329999923706055,2.32699990272522,0,0,1,0,1,1
44,-2.1009998321533185,-7.23799991607666,-2.2280000448226924,0,0,1,0,0,1
44,-8.39199924468994,-1.0310001373291016,-5.249000072479248,0,1,0,0,0,1
44,-4.210999488830565,8.816999912261963,-3.166000038385391,0,0,1,0,0,1
44,-5.541998863220213,-4.412999868392944,-8.92300009727478,1,0,0,0,0,1
44,-10.355999946594237,4.111999988555908,-3.7640000283718105,0,1,0,0,0,1
44,-0.3829994201660156,-10.078999996185303,-7.210999965667724,0,1,0,0,0,1
45,0.0,0.0,0.0,0,0,1,0,0,1
45,-2.5510001182556152,-1.1729998588562012,-4.816999912261963,1,0,0,0,0,1
45,3.9959999322891235,-4.023999929428101,3.9749999046325684,0,0,0,1,1,1
45,-7.040000438690187,2.5329999923706055,-2.32699990272522,0,0,1,0,1,1
45,4.939999938011169,-4.58299994468689,-5.0459999442100525,0,0,0,1,0,1
45,6.891999959945679,4.302000522613524,-4.479999899864197,1,0,0,0,0,1
45,8.648999691009521,-2.7899999618530273,-2.240999937057495,0,1,0,0,0,1
45,-9.141000270843506,-4.704999923706055,-4.554999947547913,0,0,1,0,0,1
45,4.302999921143055,3.7909998893737793,-10.10699987411499,0,0,1,0,0,1
45,-10.519999980926515,6.901000499725342,-2.5179998874664307,0,0,1,0,0,1
46,0.0,0.0,0.0,0,0,0,1,0,1
46,-3.9959999322891235,4.023999929428101,-3.9749999046325684,0,0,1,0,1,1
46,4.25599992275238,-6.170999765396118,-1.0769996643066406,0,0,1,0,0,1
46,4.652999758720398,1.2339999675750732,-6.2159998416900635,0,1,0,0,1,1
46,0.9440000057220459,-0.5590000152587891,-9.02099984884262,0,0,0,1,0,1
46,6.8099998235702515,-5.384000062942505,4.086000442504883,0,0,1,0,0,1
46,-6.547000050544739,2.8510000705718994,-8.791999816894531,1,0,0,0,0,1
46,4.510000109672546,-8.426999807357788,-6.807999849319458,0,0,0,1,0,1
46,10.119000315666199,1.8880000114440918,-5.82099986076355,0,0,0,1,0,1
46,2.896000027656555,8.326000452041624,-8.454999804496765,1,0,0,0,0,1
47,0.0,0.0,0.0,0,1,0,0,0,1
47,-3.708999752998352,-1.7929999828338623,-2.8050000071525574,0,0,0,1,0,1
47,5.466000556945801,0.6540000438690186,0.39499998092651367,0,0,0,1,0,1
47,-1.7569997310638428,7.092000484466551,-2.2389999628067017,1,0,0,0,0,1
47,-4.652999758720398,-1.2339999675750732,6.2159998416900635,0,0,0,1,1,1
47,-0.3969998359680176,-7.404999732971191,5.139000177383423,0,0,1,0,1,1
47,-8.648999691009521,2.7899999618530273,2.240999937057495,0,0,1,0,0,1
47,-0.14299964904785156,-9.660999774932861,-0.5920000076293945,0,0,0,1,0,1
47,2.1650004386901855,1.3949999809265137,-10.178000211715698,0,0,1,0,0,1
47,9.873000144958496,-1.6089999675750732,-4.093999981880188,0,1,0,0,0,1
48,0.0,0.0,0.0,0,0,1,0,0,1
48,2.553999900817871,0.7869997024536133,5.163000106811523,0,0,1,0,1,1
48,0.254000186920166,-2.25600004196167,-5.731000185012817,0,0,0,1,0,1
48,-4.25599992275238,6.170999765396118,1.0769996643066406,0,0,0,1,0,1
48,1.2150001525878906,-7.392000675201418,3.6009998321533203,1,0,0,0,0,1
48,0.3969998359680176,7.404999732971191,-5.139000177383423,0,1,0,0,1,1
48,-1.5939998626708984,-8.892000675201418,-0.824000358581543,0,0,0,1,0,1
48,-3.3119999170303345,5.611999750137329,-7.94400018453598,0,0,0,1,0,1
48,6.146000385284424,-6.382000446319582,6.024999618530272,0,1,0,0,0,1
48,7.1419997215271,1.5259997844696045,8.001998901367188,0,1,0,0,0,1
49,0.0,0.0,0.0,0,0,1,0,0,1
49,4.5879998207092285,0.7390000820159912,2.838998794555664,0,1,0,0,1,1
49,-2.553999900817871,-0.7869997024536133,-5.163000106811523,0,0,1,0,1,1
49,3.5920004844665527,-7.169000148773195,0.8619995117187482,0,1,0,0,0,1
49,-1.3389997482299805,-8.179000377655031,-1.5620002746582031,1,0,0,0,0,1
49,-6.8099998235702515,5.384000062942505,-4.086000442504883,0,0,0,1,0,1
49,8.92799997329712,-5.676999568939209,0.41699981689453125,0,0,0,1,0,1
49,9.989999294281006,1.7620000839233398,3.2119998931884766,0,0,1,0,0,1
49,-2.299999713897705,-3.042999744415283,-10.89400029182434,0,0,0,1,0,1
49,-4.1479997634887695,-9.679000377655031,-5.987000465393066,0,0,0,1,0,1
50,0.0,0.0,0.0,0,1,0,0,0,1
50,-4.5879998207092285,-0.7390000820159912,-2.838998794555664,0,0,1,0,1,1
50,5.401999473571777,1.0230000019073486,0.3730010986328125,0,0,1,0,1,1
50,4.340000152587891,-6.4159996509552,-2.421998977661133,0,0,0,1,0,1
50,-0.9959993362426758,-7.908000230789186,-1.9769992828369158,0,1,0,0,0,1
50,9.980000495910645,2.849999964237213,-1.8679990768432635,0,0,1,0,0,1
50,8.696999549865723,-4.0990002155303955,-4.414999008178711,0,0,1,0,0,1
50,-7.1419997215271,-1.5259997844696045,-8.001998901367188,0,0,1,0,0,1
50,-5.926999568939209,-8.918000459671022,-4.400999069213867,1,0,0,0,0,1
50,10.894999504089355,-0.8290002346038818,-8.290999412536621,0,1,0,0,0,1
51,0.0,0.0,0.0,0,0,1,0,0,1
51,4.578001022338867,1.8269999623298645,-2.241000175476076,0,0,1,0,1,1
51,-5.401999473571777,-1.0230000019073486,-0.3730010986328125,0,1,0,0,1,1
51,3.2950000762939453,-5.122000217437744,-4.788000106811523,0,0,1,0,0,1
51,-1.0619993209838867,-7.438999652862549,-2.7950000762939453,0,0,0,1,0,1
51,5.493000030517578,-1.8520002365112305,-8.664000511169434,0,1,0,0,0,1
51,7.204000473022461,5.109999895095825,-5.845000267028807,0,0,0,1,0,1
51,-9.989999294281006,-1.7620000839233398,-3.2119998931884766,0,0,1,0,0,1
51,-6.397998809814453,-8.931000232696535,-2.3500003814697283,0,1,0,0,0,1
51,-1.706998825073244,8.330999851226807,-9.842000007629395,1,0,0,0,0,1
52,0.0,0.0,0.0,0,0,1,0,0,1
52,-4.578001022338867,-1.8269999623298645,2.241000175476076,0,0,1,0,1,1
52,2.6259994506835938,3.2829999327659607,-3.604000091552731,0,0,0,1,1,1
52,0.9149990081787109,-3.679000198841095,-6.423000335693358,0,1,0,0,0,1
52,-1.2830009460449219,-6.949000179767609,-2.5469999313354474,0,0,1,0,0,1
52,1.851999282836914,8.279999911785126,-5.362000465393063,0,0,0,1,0,1
52,-9.980000495910645,-2.849999964237213,1.8679990768432635,0,1,0,0,0,1
52,0.13500022888183594,0.14800003170967108,-10.751999855041502,0,1,0,0,0,1
52,-5.640000343322754,-9.265999615192413,-0.5539999008178693,0,0,0,1,0,1
52,-6.284999847412111,6.503999888896942,-7.6009998321533185,1,0,0,0,0,1
53,0.0,0.0,0.0,0,0,0,1,0,1
53,-0.7740001678466797,4.996999979019165,-1.758000373840332,0,0,0,1,1,1
53,-2.6259994506835938,-3.2829999327659607,3.604000091552731,0,0,1,0,1,1
53,-1.7110004425048828,-6.962000131607056,-2.8190002441406268,0,1,0,0,0,1
53,-2.490999221801758,-3.1349999010562897,-7.147999763488771,0,1,0,0,0,1
53,-8.910999298095705,3.2209999561309814,-3.9969997406005877,1,0,0,0,0,1
53,-7.204000473022461,-5.109999895095825,5.845000267028807,0,0,1,0,0,1
53,-3.9090003967285156,-10.23200011253357,1.0570001602172834,0,0,1,0,0,1
53,-6.184999465942383,9.569000482559204,-2.803999900817873,0,0,1,0,0,1
53,-5.784999847412109,5.514000177383423,-9.175999879837038,0,0,1,0,0,1
54,0.0,0.0,0.0,0,0,0,1,0,1
54,0.7740001678466797,-4.996999979019165,1.758000373840332,0,0,0,1,1,1
54,-5.410999298095703,4.572000503540039,-1.0459995269775408,0,0,1,0,0,1
54,-0.9289989471435547,7.156000137329102,0.5370006561279279,0,1,0,0,1,1
54,-8.136999130249025,-1.7760000228881836,-2.2389993667602557,1,0,0,0,0,1
54,-5.01099967956543,0.5170001983642578,-7.417999505996706,0,0,1,0,0,1
54,-1.7169990539550781,-8.131999880075455,-5.389999389648439,0,1,0,0,0,1
54,-1.851999282836914,-8.279999911785126,5.362000465393063,0,0,1,0,0,1
54,-0.9370002746582031,-11.95900011062622,-1.0609998703002947,0,1,0,0,0,1
54,-7.839999198913574,6.326000213623047,-6.9379994869232195,0,0,1,0,0,1
55,0.0,0.0,0.0,0,1,0,0,0,1
55,-4.482000350952148,-2.5839996337890625,-1.5830001831054688,0,0,1,0,1,1
55,0.9289989471435547,-7.156000137329102,-0.5370006561279279,0,0,0,1,1,1
55,-6.9110002517700195,-0.8299999237060547,-7.4750001430511475,0,0,1,0,0,1
55,-4.082000732421875,-6.638999938964844,-7.955000162124634,0,0,1,0,0,1
55,-7.2080001831054705,-8.932000160217285,-2.7760000228881836,1,0,0,0,0,1
55,1.7029991149902344,-12.153000116348267,1.2209997177124041,0,0,0,1,0,1
55,-12.909000396728516,-0.8909997940063477,-3.4300003051757804,0,0,1,0,0,1
55,0.18700027465820312,-6.926000118255615,-13.763000249862671,0,0,0,1,0,1
55,-0.9230003356933594,-15.436000049114227,4.824999809265135,0,0,1,0,0,1
56,0.0,0.0,0.0,0,0,1,0,0,1
56,4.482000350952148,2.5839996337890625,1.5830001831054688,0,1,0,0,1,1
56,-2.428999900817871,1.7539997100830078,-5.891999959945679,0,0,1,0,0,1
56,-2.725999832153322,-6.348000526428223,-1.1929998397827148,1,0,0,0,1,1
56,5.410999298095703,-4.572000503540039,1.0459995269775408,0,0,0,1,0,1
56,0.39999961853027344,-4.055000305175781,-6.371999979019165,0,0,1,0,0,1
56,-8.427000045776367,1.6929998397827148,-1.8470001220703116,0,0,1,0,0,1
56,6.184999465942383,-9.569000482559204,2.803999900817873,0,0,0,1,0,1
56,-7.699999809265137,-9.169000387191772,-4.4700000286102295,0,0,0,1,0,1
56,4.669000625610352,-4.342000484466553,-12.180000066757202,0,0,0,1,0,1
57,0.0,0.0,0.0,1,0,0,0,0,1
57,3.1259994506835955,2.2930002212524414,-5.17900013923645,0,0,1,0,0,1
57,-4.973999977111815,-2.82099986076355,-3.2770001888275146,0,0,0,1,1,1
57,2.725999832153322,6.348000526428223,1.1929998397827148,0,0,1,0,1,1
57,8.136999130249025,1.7760000228881836,2.2389993667602557,0,0,0,1,0,1
57,-0.5670003890991193,-5.083999872207642,-7.766000151634216,0,1,0,0,0,1
57,0.296999931335451,8.10200023651123,-4.699000120162964,0,0,1,0,0,1
57,6.420000076293947,-6.355999857187271,-3.1510000228881836,0,1,0,0,0,1
57,-5.701000213623045,8.041000366210938,-0.6540002822875968,0,0,1,0,0,1
57,8.910999298095705,-3.2209999561309814,3.9969997406005877,0,0,0,1,0,1
58,0.0,0.0,0.0,0,0,0,1,0,1
58,-5.466000556945801,-0.6540000438690186,-0.39499998092651367,0,1,0,0,0,1
58,4.973999977111815,2.82099986076355,3.2770001888275146,1,0,0,0,1,1
58,4.406999588012695,-2.263000011444092,-4.488999962806702,0,1,0,0,1,1
58,8.09999942779541,5.114000082015991,-1.9019999504089355,0,0,1,0,0,1
58,-9.175000309944153,-2.447000026702881,-3.199999988079071,0,0,0,1,0,1
58,-7.2230002880096436,6.438000440597532,-2.6339999437332153,1,0,0,0,0,1
58,-5.863000392913818,-8.05899977684021,4.744000196456909,0,0,1,0,0,1
58,-3.3010001182556152,0.7409999370574951,-10.573000192642212,0,0,1,0,0,1
58,-0.7270002365112305,10.862000226974487,2.622999906539918,0,0,1,0,0,1
59,0.0,0.0,0.0,0,1,0,0,0,1
59,-4.406999588012695,2.263000011444092,4.488999962806702,0,0,0,1,1,1
59,6.987000465393066,-1.2719999849796295,4.615000128746033,0,1,0,0,1,1
59,3.692999839782715,7.377000093460083,2.587000012397766,0,0,1,0,0,1
59,0.5670003890991193,5.083999872207642,7.766000151634216,1,0,0,0,0,1
59,-1.1020002365112305,7.2930004596710205,-5.9359999895095825,0,1,0,0,0,1
59,-7.7079997062683105,3.003999948501587,-6.08400022983551,0,0,1,0,0,1
59,-9.873000144958496,1.6089999675750732,4.093999981880188,0,1,0,0,0,1
59,7.962000846862793,7.0899999141693115,-3.221000075340271,0,0,0,1,0,1
59,7.766999244689941,-5.0990002155303955,8.943999648094177,0,1,0,0,0,1
60,0.0,0.0,0.0,0,1,0,0,0,1
60,0.779998779296875,-3.827000230550766,4.3289995193481445,0,1,0,0,1,1
60,2.490999221801758,3.1349999010562897,7.147999763488771,0,0,0,1,0,1
60,-6.987000465393066,1.2719999849796295,-4.615000128746033,0,1,0,0,1,1
60,-3.2940006256103516,8.649000078439713,-2.0280001163482666,0,0,1,0,0,1
60,-6.420000076293947,6.355999857187271,3.1510000228881836,1,0,0,0,0,1
60,1.7169990539550781,8.131999880075455,5.389999389648439,0,0,0,1,0,1
60,-0.13500022888183594,-0.14800003170967108,10.751999855041502,0,0,1,0,0,1
60,-1.4180011749267578,-7.09700021147728,8.204999923706055,0,0,1,0,0,1
60,0.9750003814697266,8.361999899148941,-7.836000204086304,0,0,0,1,0,1
61,0.0,0.0,0.0,0,1,0,0,0,1
61,-2.197999954223633,-3.2699999809265137,3.87600040435791,0,0,1,0,1,1
61,-0.779998779296875,3.827000230550766,-4.3289995193481445,0,1,0,0,1,1
61,-0.9149990081787109,3.679000198841095,6.423000335693358,0,0,1,0,0,1
61,1.7110004425048828,6.962000131607056,2.8190002441406268,0,0,0,1,0,1
61,-6.554999351501465,-5.586999416351318,5.869000434875488,0,0,0,1,0,1
61,-5.493000030517578,1.8520002365112305,8.664000511169434,0,0,1,0,0,1
61,0.9370002746582031,11.95900011062622,1.0609998703002947,0,0,0,1,0,1
61,-7.199998855590822,10.183000087738037,-1.177999496459961,1,0,0,0,0,1
61,-7.766999244689941,5.0990002155303955,-8.943999648094177,0,1,0,0,0,1
62,0.0,0.0,0.0,0,0,1,0,0,1
62,-4.356999397277832,-2.3169994354248047,1.9930000305175781,0,0,0,1,1,1
62,2.197999954223633,3.2699999809265137,-3.87600040435791,0,1,0,0,1,1
62,1.2830009460449219,6.949000179767609,2.5469999313354474,0,0,1,0,0,1
62,-3.2950000762939453,5.122000217437744,4.788000106811523,0,0,1,0,0,1
62,-8.696999549865723,4.0990002155303955,4.414999008178711,0,1,0,0,0,1
62,-9.692998886108398,-3.809000015258791,2.437999725341795,0,1,0,0,0,1
62,1.4180011749267578,7.09700021147728,-8.204999923706055,0,1,0,0,0,1
62,3.9090003967285156,10.23200011253357,-1.0570001602172834,0,0,0,1,0,1
62,-13.284999370574951,3.3600001335144043,1.5760002136230469,0,0,1,0,0,1
63,0.0,0.0,0.0,0,0,0,1,0,1
63,4.356999397277832,2.3169994354248047,-1.9930000305175781,0,0,1,0,1,1
63,-5.335999488830566,-1.4920005798339862,0.444999694824217,0,1,0,0,1,1
63,1.0619993209838867,7.438999652862549,2.7950000762939453,0,0,1,0,0,1
63,-4.340000152587891,6.4159996509552,2.421998977661133,0,1,0,0,0,1
63,6.554999351501465,5.586999416351318,-5.869000434875488,0,1,0,0,0,1
63,-8.92799997329712,5.676999568939209,-0.41699981689453125,0,0,1,0,0,1
63,-10.2669997215271,-2.502000808715822,-1.9790000915527344,1,0,0,0,0,1
63,5.640000343322754,9.265999615192413,0.5539999008178693,0,0,1,0,0,1
63,-11.48199987411499,4.889999866485596,-5.579999923706055,0,0,1,0,0,1
64,0.0,0.0,0.0,0,1,0,0,0,1
64,5.335999488830566,1.4920005798339862,-0.444999694824217,0,0,0,1,1,1
64,-4.931000232696533,-1.010000228881836,-2.4239997863769513,1,0,0,0,1,1
64,-3.5920004844665527,7.169000148773195,-0.8619995117187482,0,0,1,0,0,1
64,0.9959993362426758,7.908000230789186,1.9769992828369158,0,1,0,0,0,1
64,-7.740000247955322,-2.510000228881836,-6.848999977111815,0,0,0,1,0,1
64,9.692998886108398,3.809000015258791,-2.437999725341795,0,0,1,0,0,1
64,-6.146000385284424,6.382000446319582,-6.024999618530272,0,0,1,0,0,1
64,6.397998809814453,8.931000232696535,2.3500003814697283,0,0,1,0,0,1
64,-5.892000198364258,4.126000404357912,-11.755999803543089,0,0,0,1,0,1
65,0.0,0.0,0.0,1,0,0,0,0,1
65,-2.809000015258789,-1.5,-4.425000190734863,0,0,0,1,1,1
65,4.931000232696533,1.010000228881836,2.4239997863769513,0,1,0,0,1,1
65,-1.2150001525878906,7.392000675201418,-3.6009998321533203,0,0,1,0,0,1
65,1.3389997482299805,8.179000377655031,1.5620002746582031,0,0,1,0,0,1
65,-0.9609999656677246,5.136000633239748,-9.332000017166138,0,0,0,1,0,1
65,-3.180000066757202,-3.5269994735717756,-9.614000082015991,0,1,0,0,0,1
65,10.2669997215271,2.502000808715822,1.9790000915527344,0,0,0,1,0,1
65,5.926999568939209,8.918000459671022,4.400999069213867,0,1,0,0,0,1
65,1.4920001029968262,1.418000221252445,-13.212999999523163,1,0,0,0,0,1
66,0.0,0.0,0.0,0,0,0,1,0,1
66,2.809000015258789,1.5,4.425000190734863,1,0,0,0,1,1
66,-0.3710000514984131,-2.0269994735717756,-5.188999891281128,0,1,0,0,1,1
66,1.8480000495910645,6.636000633239748,-4.906999826431274,0,0,0,1,0,1
66,1.5939998626708984,8.892000675201418,0.824000358581543,0,0,1,0,0,1
66,4.301000118255615,2.918000221252445,-8.7879998087883,1,0,0,0,0,1
66,7.740000247955322,2.510000228881836,6.848999977111815,0,1,0,0,0,1
66,1.8949999809265137,-4.843000411987303,-9.306999802589417,1,0,0,0,0,1
66,4.1479997634887695,9.679000377655031,5.987000465393066,0,0,1,0,0,1
66,8.294000148773192,-0.2529993057250959,-10.587999820709229,0,0,1,0,0,1
67,0.0,0.0,0.0,0,1,0,0,0,1
67,2.2660000324249268,-2.8160009384155273,-4.117999911308289,1,0,0,0,1,1
67,0.3710000514984131,2.0269994735717756,5.188999891281128,0,0,0,1,1,1
67,4.672000169754028,4.9449996948242205,-3.5989999175071716,1,0,0,0,0,1
67,2.2190001010894775,8.663000106811523,0.2820000648498535,0,0,0,1,0,1
67,8.665000200271605,1.7740001678466797,-5.398999929428101,0,0,1,0,0,1
67,3.180000066757202,3.5269994735717756,9.614000082015991,1,0,0,0,0,1
67,5.900999784469604,-6.108000755310059,-6.726999998092651,0,1,0,0,0,1
67,1.9649999141693115,10.919000148773193,6.013000249862671,0,0,1,0,0,1
67,12.781999826431274,-1.7669992446899414,-4.348999977111816,0,0,0,1,0,1
68,0.0,0.0,0.0,1,0,0,0,0,1
68,-2.2660000324249268,2.8160009384155273,4.117999911308289,0,1,0,0,1,1
68,3.634999752044677,-3.2919998168945312,-2.609000086784363,0,1,0,0,1,1
68,6.399000167846678,4.590001106262207,-1.281000018119812,0,0,1,0,0,1
68,2.4060001373291016,7.761000633239748,0.5189999938011169,1,0,0,0,0,1
68,10.515999794006348,1.049001693725586,-0.23100006580352783,0,0,0,1,0,1
68,7.762999534606934,-6.802999496459961,-2.5589998960494995,0,1,0,0,0,1
68,-1.8949999809265137,4.843000411987303,9.306999802589417,0,0,0,1,0,1
68,-0.04699993133544922,11.47900104522705,4.399999976158142,0,0,0,1,0,1
68,12.992999076843262,-2.792999267578125,2.7179999351501465,0,0,1,0,0,1
69,0.0,0.0,0.0,0,1,0,0,0,1
69,4.127999782562257,-3.5109996795654297,0.05000019073486328,0,1,0,0,1,1
69,-3.634999752044677,3.2919998168945312,2.609000086784363,1,0,0,0,1,1
69,2.764000415802001,7.882000923156738,1.3280000686645508,0,0,1,0,0,1
69,6.881000041961671,4.341001510620117,2.378000020980835,0,0,0,1,0,1
69,7.342000484466554,-7.257999420166012,2.5040000677108765,0,1,0,0,0,1
69,9.357999324798584,0.49900054931640625,5.327000021934509,0,0,1,0,0,1
69,-5.900999784469604,6.108000755310059,6.726999998092651,0,1,0,0,0,1
69,-1.2289996147155753,11.05300045013428,3.1280000805854797,1,0,0,0,0,1
69,9.662000179290771,-3.46099853515625,9.21500015258789,0,0,1,0,0,1
70,0.0,0.0,0.0,0,1,0,0,0,1
70,-4.127999782562257,3.5109996795654297,-0.05000019073486328,0,1,0,0,1,1
70,3.214000701904297,-3.7469997406005824,2.453999876976013,0,1,0,0,1,1
70,5.229999542236328,4.010000228881836,5.276999831199646,0,0,1,0,0,1
70,2.753000259399414,7.852001190185547,2.3279998302459717,0,0,0,1,0,1
70,-7.762999534606934,6.802999496459961,2.5589998960494995,1,0,0,0,0,1
70,5.534000396728516,0.05000114440917969,9.164999961853027,0,0,1,0,0,1
70,4.161001205444336,-7.645998001098633,6.287999868392944,1,0,0,0,0,1
70,-1.3639993667602557,11.393000602722168,1.2779998779296875,0,0,1,0,0,1
70,3.4750003814697266,-3.4750003814697266,13.039000034332275,0,0,1,0,0,1
71,0.0,0.0,0.0,0,1,0,0,0,1
71,-3.214000701904297,3.7469997406005824,-2.453999876976013,0,1,0,0,1,1
71,0.9470005035400391,-3.8989982604980504,3.833999991416931,1,0,0,0,1,1
71,2.3199996948242188,3.797000885009762,6.711000084877014,0,0,1,0,0,1
71,2.0159988403320312,7.756999969482418,2.822999954223633,0,0,1,0,0,1
71,0.2609996795654297,0.2719993591308558,10.585000157356262,0,0,1,0,0,1
71,-7.342000484466554,7.257999420166012,-2.5040000677108765,0,1,0,0,0,1
71,-0.4610004425048828,11.59900093078613,-0.12600004673004173,0,0,0,1,0,1
71,0.6919994354248047,-11.796001434326175,-1.4069999456405642,0,1,0,0,0,1
71,-7.967000484466552,-9.419998168945316,-1.2429999113082888,0,1,0,0,0,1
72,0.0,0.0,0.0,1,0,0,0,0,1
72,-0.9470005035400391,3.8989982604980504,-3.833999991416931,0,1,0,0,1,1
72,-0.6860008239746094,4.170997619628906,6.751000165939331,0,0,1,0,0,1
72,1.3729991912841797,7.6959991455078125,2.877000093460083,0,0,1,0,0,1
72,-0.2550010681152344,-7.897003173828125,-5.240999937057495,0,1,0,0,1,1
72,-4.161001205444336,7.645998001098633,-6.287999868392944,0,1,0,0,0,1
72,-8.914000988006592,-5.520999908447266,-5.07699990272522,0,1,0,0,0,1
72,1.0689983367919922,11.655998229980469,-1.0110000371932983,0,0,1,0,0,1
72,-13.020000696182251,-2.5240020751953125,1.7999999523162842,1,0,0,0,0,1
72,-8.289000988006592,11.156997680664062,-6.338000059127808,0,1,0,0,0,1
73,0.0,0.0,0.0,0,1,0,0,0,1
73,-8.658999919891357,2.3760032653808594,0.1640000343322754,0,1,0,0,1,1
73,0.2550010681152344,7.897003173828125,5.240999937057495,1,0,0,0,1,1
73,-0.6919994354248047,11.796001434326175,1.4069999456405642,0,1,0,0,0,1
73,-12.764999628067017,5.3730010986328125,7.040999889373779,1,0,0,0,0,1
73,-3.9060001373291016,15.543001174926758,-1.0469999313354492,0,1,0,0,0,1
73,-0.430999755859375,12.068000793457031,11.992000102996826,0,0,1,0,0,1
73,1.628000259399414,15.593002319335938,8.118000030517578,0,0,1,0,0,1
73,1.3239994049072266,19.553001403808594,4.229999899864197,0,0,1,0,0,1
73,-8.033999919891357,19.054000854492188,-1.0970001220703125,0,1,0,0,0,1
74,0.0,0.0,0.0,0,1,0,0,0,1
74,-4.10599970817566,2.996997833251953,6.876999855041504,1,0,0,0,1,1
74,8.658999919891357,-2.3760032653808594,-0.1640000343322754,0,1,0,0,1,1
74,8.914000988006592,5.520999908447266,5.07699990272522,1,0,0,0,0,1
74,7.967000484466552,9.419998168945316,1.2429999113082888,0,1,0,0,0,1
74,4.752999782562255,13.166997909545898,-1.2109999656677246,0,1,0,0,0,1
74,0.6249999999999982,16.677997589111328,-1.261000156402588,0,1,0,0,0,1
74,8.228000164031982,9.691997528076172,11.82800006866455,0,0,1,0,0,1
74,10.287000179290771,13.216999053955078,7.953999996185303,0,0,1,0,0,1
74,-3.0099997520446786,19.96999740600586,1.347999930381775,1,0,0,0,0,1
75,0.0,0.0,0.0,1,0,0,0,0,1
75,4.10599970817566,-2.996997833251953,-6.876999855041504,0,1,0,0,1,1
75,13.020000696182251,2.5240020751953125,-1.7999999523162842,1,0,0,0,0,1
75,12.073000192642212,6.423000335693363,-5.633999943733215,0,1,0,0,0,1
75,12.333999872207642,6.694999694824219,4.951000213623047,0,0,1,0,0,1
75,12.764999628067017,-5.3730010986328125,-7.040999889373779,0,1,0,0,0,1
75,8.858999490737915,10.170000076293945,-8.087999820709229,0,1,0,0,0,1
75,4.730999708175658,13.680999755859375,-8.138000011444092,0,1,0,0,0,1
75,14.39299988746643,10.220001220703125,1.0770001411437988,0,0,1,0,0,1
75,1.0959999561309814,16.972999572753906,-5.528999924659729,1,0,0,0,0,1
76,0.0,0.0,0.0,0,0,1,0,0,1
76,4.481999397277832,-3.4549999237060547,0.4609999880194664,0,0,1,0,1,1
76,9.739999771118164,-3.9739999771118164,0.10699999332427979,0,0,0,1,0,1
76,4.878999710083008,-3.7539997100830096,-8.53800031542778,0,1,0,0,0,1
76,7.788999557495117,9.260999917984009,3.595999985933304,0,0,0,1,0,1
76,9.706999778747559,-1.2899999618530273,-8.491999834775925,0,1,0,0,0,1
76,14.573999881744385,-1.4700002670288086,-0.14800003170967102,0,0,1,0,0,1
76,12.340999603271484,3.14799976348877,-7.380999773740768,1,0,0,0,0,1
76,10.282000064849854,11.120999813079834,-0.7189999520778656,1,0,0,0,0,1
76,12.217999935150146,8.022999823093414,-4.451999872922897,0,1,0,0,0,1
77,0.0,0.0,0.0,0,0,1,0,0,1
77,5.258000373840332,-0.5190000534057617,-0.3539999946951866,0,0,0,1,1,1
77,-4.481999397277832,3.4549999237060547,-0.4609999880194664,0,0,1,0,1,1
77,0.3970003128051758,-0.2989997863769549,-8.999000303447247,0,1,0,0,0,1
77,10.092000484466553,1.984999656677246,-0.6090000197291374,0,0,1,0,0,1
77,5.225000381469727,2.1649999618530273,-8.952999822795391,0,1,0,0,0,1
77,7.859000205993652,6.602999687194824,-7.841999761760235,1,0,0,0,0,1
77,3.307000160217285,12.715999841690063,3.1349999979138374,0,0,0,1,0,1
77,7.7360005378723145,11.477999746799469,-4.912999860942364,0,1,0,0,0,1
77,14.647000551223755,4.993999958038329,-0.6569999977946281,0,0,1,0,0,1
78,0.0,0.0,0.0,0,0,0,1,0,1
78,-5.258000373840332,0.5190000534057617,0.3539999946951866,0,0,1,0,1,1
78,4.834000110626221,2.503999710083008,-0.2550000250339508,0,0,1,0,1,1
78,-0.03299999237060547,2.684000015258789,-8.598999828100204,0,1,0,0,0,1
78,-4.861000061035156,0.22000026702880682,-8.64500030875206,0,1,0,0,0,1
78,-9.739999771118164,3.9739999771118164,-0.10699999332427979,0,0,1,0,0,1
78,2.6009998321533203,7.121999740600586,-7.487999767065048,1,0,0,0,0,1
78,9.389000177383423,5.513000011444091,-0.30300000309944153,0,0,1,0,0,1
78,2.4780001640319824,11.99699980020523,-4.558999866247177,0,1,0,0,0,1
78,-1.9510002136230469,13.234999895095825,3.488999992609024,0,0,0,1,0,1
79,0.0,0.0,0.0,0,0,1,0,0,1
79,-4.834000110626221,-2.503999710083008,0.2550000250339508,0,0,0,1,1,1
79,4.555000066757202,3.009000301361083,-0.04799997806549072,0,0,1,0,1,1
79,-2.2330002784729004,4.618000030517578,-7.232999742031097,1,0,0,0,0,1
79,6.677999973297119,6.442000150680542,-2.266999900341034,0,0,1,0,0,1
79,-4.867000102996826,0.18000030517578125,-8.343999803066254,0,1,0,0,0,1
79,-10.092000484466553,-1.984999656677246,0.6090000197291374,0,0,1,0,0,1
79,-2.3559999465942383,9.493000090122223,-4.303999841213226,0,1,0,0,0,1
79,9.759999752044678,5.41100001335144,6.195000231266022,0,0,1,0,0,1
79,-9.695000171661377,-2.283999443054201,-8.39000028371811,0,1,0,0,0,1
80,0.0,0.0,0.0,0,0,1,0,0,1
80,2.122999906539917,3.4329998493194593,-2.218999922275543,0,0,1,0,1,1
80,-4.555000066757202,-3.009000301361083,0.04799997806549072,0,0,1,0,1,1
80,5.204999685287476,2.4019997119903573,6.2430002093315125,0,0,1,0,0,1
80,7.31999945640564,-1.950000286102294,6.067000091075897,0,0,0,1,0,1
80,-6.7880003452301025,1.6089997291564955,-7.184999763965607,1,0,0,0,0,1
80,-6.91100001335144,6.48399978876114,-4.255999863147736,0,1,0,0,0,1
80,6.845999479293823,7.724999904632569,-2.4489999413490295,0,1,0,0,0,1
80,-9.389000177383423,-5.513000011444091,0.30300000309944153,0,0,0,1,0,1
80,3.5319998264312744,4.104999780654908,11.230999648571014,1,0,0,0,0,1
81,0.0,0.0,0.0,0,0,1,0,0,1
81,-2.122999906539917,-3.4329998493194593,2.218999922275543,0,0,1,0,1,1
81,4.722999572753906,4.29200005531311,-0.23000001907348633,0,1,0,0,1,1
81,3.0819997787475586,-1.031000137329102,8.462000131607056,0,0,1,0,0,1
81,-6.677999973297119,-6.442000150680542,2.266999900341034,0,0,1,0,0,1
81,-9.033999919891357,3.0509999394416805,-2.0369999408721924,0,1,0,0,0,1
81,-8.91100025177002,-1.8240001201629639,-4.9659998416900635,1,0,0,0,0,1
81,5.196999549865723,-5.383000135421753,8.28600001335144,0,0,0,1,0,1
81,8.711000442504883,7.2850000858306885,2.0329999327659607,0,0,1,0,0,1
81,-1.0780000686645508,9.299000024795532,6.846999883651733,0,0,1,0,0,1
82,0.0,0.0,0.0,0,1,0,0,0,1
82,3.9880008697509766,2.993000030517578,2.262999951839447,0,0,1,0,1,1
82,-4.722999572753906,-4.29200005531311,0.23000001907348633,0,0,1,0,1,1
82,5.89900016784668,1.5349998474121094,5.9040000438690186,0,1,0,0,0,1
82,-1.6409997940063477,-5.323000192642212,8.692000150680542,0,0,1,0,0,1
82,-5.800999641418457,5.006999969482422,7.07699990272522,0,0,1,0,0,1
82,-6.845999479293823,-7.724999904632569,2.4489999413490295,0,0,1,0,0,1
82,-2.48699951171875,2.7179999351501465,10.819000005722046,0,1,0,0,0,1
82,5.866000175476074,-0.6390000581741333,10.983000040054321,1,0,0,0,0,1
82,0.4739999771118164,-9.675000190734863,8.516000032424927,0,0,0,1,0,1
83,0.0,0.0,0.0,0,0,1,0,0,1
83,1.9109992980957031,-1.4580001831054688,3.6410000920295715,0,1,0,0,1,1
83,-3.9880008697509766,-2.993000030517578,-2.262999951839447,0,1,0,0,1,1
83,1.8779993057250977,-3.6320000886917114,8.720000088214874,1,0,0,0,0,1
83,-6.475000381469727,-0.27500009536743164,8.556000053882599,0,1,0,0,0,1
83,-9.789000511169434,2.0139999389648438,4.813999950885773,0,0,1,0,0,1
83,-8.711000442504883,-7.2850000858306885,-2.0329999327659607,0,0,1,0,0,1
83,-5.629000663757324,-8.31600022315979,6.429000198841095,0,0,1,0,0,1
83,3.0329999923706055,-8.317000150680542,10.865999996662142,0,0,1,0,0,1
83,-3.51400089263916,-12.668000221252441,6.25300008058548,0,0,0,1,0,1
84,0.0,0.0,0.0,0,1,0,0,0,1
84,-1.9109992980957031,1.4580001831054688,-3.6410000920295715,0,0,1,0,1,1
84,-0.03299999237060547,-2.1739999055862427,5.078999996185303,1,0,0,0,1,1
84,-5.89900016784668,-1.5349998474121094,-5.9040000438690186,0,1,0,0,0,1
84,-8.38599967956543,1.183000087738037,4.9149999618530265,0,1,0,0,0,1
84,1.1220006942749023,-6.858999967575073,7.22499990463257,0,0,1,0,0,1
84,-7.539999961853027,-6.858000040054321,2.7880001068115234,0,0,1,0,0,1
84,-11.699999809265137,3.4720001220703125,1.1729998588562012,0,0,1,0,0,1
84,-5.425000190734863,-11.210000038146973,2.611999988555908,0,0,0,1,0,1
84,-9.212999820709229,-5.1549999713897705,7.775999546051025,1,0,0,0,0,1
85,0.0,0.0,0.0,1,0,0,0,0,1
85,1.1550006866455078,-4.685000061988831,2.1459999084472674,0,0,1,0,1,1
85,0.03299999237060547,2.1739999055862427,-5.078999996185303,0,1,0,0,1,1
85,-8.352999687194824,3.35699999332428,-0.16400003433227628,0,1,0,0,0,1
85,-7.506999969482422,-4.684000134468079,-2.2909998893737793,0,0,1,0,0,1
85,-1.8779993057250977,3.6320000886917114,-8.720000088214874,0,0,1,0,0,1
85,-9.179999828338623,-2.981000065803528,2.6969995498657227,1,0,0,0,0,1
85,3.8080005645751953,-9.621000170707703,1.7939996719360352,0,1,0,0,0,1
85,-5.392000198364258,-9.03600013256073,-2.4670000076293945,0,0,0,1,0,1
85,-5.866000175476074,0.6390000581741333,-10.983000040054321,0,1,0,0,0,1
86,0.0,0.0,0.0,0,0,1,0,0,1
86,-1.1550006866455078,4.685000061988831,-2.1459999084472674,1,0,0,0,1,1
86,2.6529998779296875,-4.936000108718872,-0.35200023651123225,0,1,0,0,1,1
86,-6.547000885009766,-4.351000070571899,-4.612999916076662,0,0,0,1,0,1
86,5.930999755859375,-6.462999582290649,-3.168000221252443,0,0,0,1,0,1
86,-8.66200065612793,0.0009999275207519531,-4.436999797821047,0,0,1,0,0,1
86,-1.1220006942749023,6.858999967575073,-7.22499990463257,0,1,0,0,0,1
86,-10.33500051498413,1.7039999961853027,0.5509996414184553,1,0,0,0,0,1
86,-2.6590003967285156,-7.356000185012817,-7.352999925613405,0,1,0,0,0,1
86,10.303998947143555,-3.4880001544952393,-4.69000005722046,0,0,0,1,0,1
87,0.0,0.0,0.0,0,1,0,0,0,1
87,3.2779998779296875,-1.5269994735717773,-2.815999984741211,0,0,0,1,1,1
87,-2.6529998779296875,4.936000108718872,0.35200023651123225,0,0,1,0,1,1
87,7.650999069213867,1.4479999542236328,-4.337999820709228,0,0,0,1,0,1
87,-5.312000274658203,-2.4200000762939453,-7.000999689102173,0,1,0,0,0,1
87,-9.200000762939453,0.5850000381469727,-4.26099967956543,0,0,0,1,0,1
87,-3.8080005645751953,9.621000170707703,-1.7939996719360352,1,0,0,0,0,1
87,-0.860000610351559,-3.1099996566772443,-9.996999770402908,0,0,1,0,0,1
87,6.6870002746582,-2.1350002288818377,-9.55399976670742,0,1,0,0,0,1
87,3.73600006103516,-2.2980003356933594,-12.090999841690063,0,0,1,0,0,1
88,0.0,0.0,0.0,0,0,0,1,0,1
88,-3.2779998779296875,1.5269994735717773,2.815999984741211,0,1,0,0,1,1
88,4.37299919128418,2.97499942779541,-1.5219998359680167,0,0,0,1,1,1
88,3.409000396728512,-0.6080007553100604,-6.737999781966209,0,1,0,0,0,1
88,-4.1380004882812464,-1.583000183105467,-7.180999785661697,0,0,1,0,0,1
88,0.4580001831054723,-0.771000862121582,-9.274999856948853,0,0,1,0,0,1
88,-5.930999755859375,6.462999582290649,3.168000221252443,0,0,1,0,0,1
88,-8.59000015258789,-0.893000602722168,-4.184999704360962,0,1,0,0,0,1
88,-12.47800064086914,2.11199951171875,-1.4449996948242188,0,0,0,1,0,1
88,-7.086000442504883,11.14799964427948,1.0220003128051758,1,0,0,0,0,1
89,0.0,0.0,0.0,0,0,0,1,0,1
89,-4.37299919128418,-2.97499942779541,1.5219998359680167,0,0,0,1,1,1
89,-0.9639987945556676,-3.5830001831054705,-5.215999945998193,0,1,0,0,1,1
89,-7.650999069213867,-1.4479999542236328,4.337999820709228,0,1,0,0,0,1
89,-3.9149990081787074,-3.746000289916992,-7.753000020980836,0,0,1,0,0,1
89,-8.510999679565426,-4.557999610900877,-5.658999949693681,0,0,1,0,0,1
89,-10.303998947143555,3.4880001544952393,4.69000005722046,0,0,1,0,0,1
89,-12.96299934387207,-3.868000030517578,-2.6629998683929452,0,1,0,0,0,1
89,-11.458999633789062,8.17300021648407,2.5440001487731925,1,0,0,0,0,1
89,-11.425999641418457,10.347000122070312,-2.5349998474121103,0,1,0,0,0,1
90,0.0,0.0,0.0,0,1,0,0,0,1
90,-2.9510002136230398,-0.16300010681152166,-2.537000074982643,0,0,1,0,1,1
90,0.9639987945556676,3.5830001831054705,5.215999945998193,0,0,0,1,1,1
90,-3.409000396728512,0.6080007553100604,6.737999781966209,0,0,0,1,0,1
90,-7.5470008850097585,-0.9749994277954066,-0.4430000036954879,0,0,1,0,0,1
90,-6.6870002746582,2.1350002288818377,9.55399976670742,0,1,0,0,0,1
90,-11.999000549316403,-0.2849998474121076,2.5530000776052475,0,1,0,0,0,1
90,-9.340000152587887,7.07100033760071,9.906000003218653,0,0,1,0,0,1
90,-15.887001037597653,2.7200002670288104,5.293000087141991,0,0,0,1,0,1
90,-10.495000839233395,11.75600039958954,7.760000094771385,1,0,0,0,0,1
91,0.0,0.0,0.0,0,0,1,0,0,1
91,2.9510002136230398,0.16300010681152166,2.537000074982643,0,1,0,0,1,1
91,-4.596000671386719,-0.8119993209838849,2.094000071287155,0,0,1,0,1,1
91,-0.4580001831054723,0.771000862121582,9.274999856948853,0,0,0,1,0,1
91,3.9149990081787074,3.746000289916992,7.753000020980836,0,0,0,1,0,1
91,-9.048000335693363,-0.12199974060058594,5.090000152587891,0,1,0,0,0,1
91,-3.73600006103516,2.2980003356933594,12.090999841690063,0,1,0,0,0,1
91,-12.936000823974613,2.883000373840332,7.830000162124634,0,0,0,1,0,1
91,-6.388999938964847,7.2340004444122314,12.443000078201296,0,0,1,0,0,1
91,-7.51100063323975,14.093000411987305,5.218000173568726,0,1,0,0,0,1
92,0.0,0.0,0.0,0,0,1,0,0,1
92,4.596000671386719,0.8119993209838849,-2.094000071287155,0,0,1,0,1,1
92,-4.451999664306644,0.689999580383299,2.9960000813007355,0,1,0,0,1,1
92,7.5470008850097585,0.9749994277954066,0.4430000036954879,0,1,0,0,0,1
92,4.1380004882812464,1.583000183105467,7.180999785661697,0,0,0,1,0,1
92,0.860000610351559,3.1099996566772443,9.996999770402908,0,1,0,0,0,1
92,-8.340000152587894,3.694999694824217,5.736000090837479,0,0,0,1,0,1
92,8.510999679565426,4.557999610900877,5.658999949693681,0,0,0,1,0,1
92,-1.7929992675781286,8.045999765396116,10.34900000691414,0,0,1,0,0,1
92,-10.454999923706058,8.046999692916868,5.912000209093094,0,0,1,0,0,1
93,0.0,0.0,0.0,0,1,0,0,0,1
93,4.451999664306644,-0.689999580383299,-2.9960000813007355,0,0,1,0,1,1
93,-3.88800048828125,3.005000114440918,2.740000009536743,0,0,0,1,1,1
93,5.312000274658203,2.4200000762939453,7.000999689102173,0,1,0,0,0,1
93,8.59000015258789,0.893000602722168,4.184999704360962,0,0,0,1,0,1
93,-6.003000259399414,7.357000112533569,2.9160001277923584,0,0,1,0,0,1
93,9.048000335693363,0.12199974060058594,-5.090000152587891,0,0,1,0,0,1
93,2.6590003967285156,7.356000185012817,7.352999925613405,0,0,1,0,0,1
93,11.999000549316403,0.2849998474121076,-2.5530000776052475,0,1,0,0,0,1
93,-11.20799994468689,4.955000400543212,-3.327000081539154,0,0,1,0,0,1
94,0.0,0.0,0.0,0,0,0,1,0,1
94,-2.114999771118164,4.351999998092651,0.17600011825561523,0,0,1,0,1,1
94,3.88800048828125,-3.005000114440918,-2.740000009536743,0,1,0,0,1,1
94,-3.7879996299743652,6.055000066757202,5.163999557495117,1,0,0,0,0,1
94,6.547000885009766,4.351000070571899,4.612999916076662,0,0,1,0,0,1
94,-7.31999945640564,1.950000286102294,-6.067000091075897,0,0,1,0,0,1
94,9.200000762939453,-0.5850000381469727,4.26099967956543,0,1,0,0,0,1
94,8.340000152587894,-3.694999694824217,-5.736000090837479,0,0,1,0,0,1
94,5.392000198364258,9.03600013256073,2.4670000076293945,1,0,0,0,0,1
94,-5.196999549865723,5.383000135421753,-8.28600001335144,0,0,1,0,0,1
95,0.0,0.0,0.0,0,0,1,0,0,1
95,2.114999771118164,-4.351999998092651,-0.17600011825561523,0,0,0,1,1,1
95,-1.6729998588562012,1.7030000686645508,4.987999439239502,1,0,0,0,1,1
95,-0.8459997177124023,8.041000127792358,2.126999855041503,0,1,0,0,0,1
95,-5.204999685287476,-2.4019997119903573,-6.2430002093315125,0,0,1,0,0,1
95,-3.0819997787475586,1.031000137329102,-8.462000131607056,0,0,1,0,0,1
95,7.506999969482422,4.684000134468079,2.2909998893737793,1,0,0,0,0,1
95,8.66200065612793,-0.0009999275207519531,4.436999797821047,0,0,1,0,0,1
95,6.003000259399414,-7.357000112533569,-2.9160001277923584,0,1,0,0,0,1
95,1.6409997940063477,5.323000192642212,-8.692000150680542,0,1,0,0,0,1
96,0.0,0.0,0.0,1,0,0,0,0,1
96,1.6729998588562012,-1.7030000686645508,-4.987999439239502,0,0,1,0,1,1
96,0.8270001411437988,6.338000059127808,-2.860999584197999,0,1,0,0,1,1
96,3.7879996299743652,-6.055000066757202,-5.163999557495117,0,0,0,1,0,1
96,9.179999828338623,2.981000065803528,-2.6969995498657227,1,0,0,0,0,1
96,10.33500051498413,-1.7039999961853027,-0.5509996414184553,0,0,1,0,0,1
96,-2.486999988555908,8.627000093460083,-6.602999687194824,0,0,1,0,0,1
96,-3.5319998264312744,-4.104999780654908,-11.230999648571014,0,0,1,0,0,1
96,9.212999820709229,5.1549999713897705,-7.775999546051025,0,1,0,0,0,1
96,-1.4089999198913574,-0.6719999313354488,-13.449999570846558,0,0,1,0,0,1
97,0.0,0.0,0.0,0,1,0,0,0,1
97,-3.314000129699707,2.2890000343322754,-3.7420001029968253,0,0,1,0,1,1
97,-0.8270001411437988,-6.338000059127808,2.860999584197999,1,0,0,0,1,1
97,0.8459997177124023,-8.041000127792358,-2.126999855041503,0,0,1,0,0,1
97,8.352999687194824,-3.35699999332428,0.16400003433227628,1,0,0,0,0,1
97,8.38599967956543,-1.183000087738037,-4.9149999618530265,0,1,0,0,0,1
97,6.475000381469727,0.27500009536743164,-8.556000053882599,0,0,1,0,0,1
97,2.48699951171875,-2.7179999351501465,-10.819000005722046,0,1,0,0,0,1
97,-11.47100019454956,0.5469999313354492,-4.194000005722044,0,0,1,0,0,1
97,9.508000373840332,-8.04200005531311,2.3099999427795437,0,0,1,0,0,1
98,0.0,0.0,0.0,0,0,1,0,0,1
98,3.314000129699707,-2.2890000343322754,3.7420001029968253,0,1,0,0,1,1
98,-8.157000064849854,-1.7420001029968262,-0.4519999027252193,0,0,1,0,1,1
98,5.800999641418457,-5.006999969482422,-7.07699990272522,0,1,0,0,0,1
98,9.789000511169434,-2.0139999389648438,-4.813999950885773,0,0,1,0,0,1
98,2.486999988555908,-8.627000093460083,6.602999687194824,1,0,0,0,0,1
98,4.159999847412109,-10.330000162124634,1.6150002479553223,0,0,1,0,0,1
98,-9.8919997215271,-3.1500000953674316,-5.150999903678894,1,0,0,0,0,1
98,1.0780000686645508,-9.299000024795532,-6.846999883651733,0,0,1,0,0,1
98,11.699999809265137,-3.4720001220703125,-1.1729998588562012,0,1,0,0,0,1
99,0.0,0.0,0.0,0,0,1,0,0,1
99,-1.734999656677246,-1.4079999923706055,-4.699000000953674,1,0,0,0,0,1
99,-4.228000164031982,-3.2679998874664307,-0.3840000629425053,0,0,0,1,1,1
99,8.157000064849854,1.7420001029968262,0.4519999027252193,0,0,1,0,1,1
99,0.20100021362304688,-4.505999982357025,-8.431999921798706,0,1,0,0,0,1
99,11.47100019454956,-0.5469999313354492,4.194000005722044,0,1,0,0,0,1
99,9.235000133514404,-7.556999921798706,-6.394999980926514,0,0,1,0,0,1
99,7.112000226974487,-10.989999771118164,-4.1760000586509705,0,0,1,0,0,1
99,10.644000053405762,-6.884999990463257,7.054999589920044,1,0,0,0,0,1
99,0.32399988174438477,-9.38100004196167,-11.360999822616577,1,0,0,0,0,1
100,0.0,0.0,0.0,0,0,0,1,0,1
100,2.4930005073547363,1.8599998950958252,-4.314999938011169,1,0,0,0,1,1
100,4.228000164031982,3.2679998874664307,0.3840000629425053,0,0,1,0,1,1
100,4.429000377655029,-1.2380000948905945,-8.047999858856201,0,1,0,0,0,1
100,-7.788999557495117,-9.260999917984009,-3.595999985933304,0,0,1,0,0,1
100,6.785000324249268,-10.731000185012817,-3.744000017642975,0,0,1,0,0,1
100,4.552000045776367,-6.113000154495239,-10.976999759674072,1,0,0,0,0,1
100,12.385000228881836,5.009999990463257,0.8359999656677246,0,0,1,0,0,1
100,-3.307000160217285,-12.715999841690063,-3.1349999979138374,0,0,1,0,0,1
100,1.9510002136230469,-13.234999895095825,-3.488999992609024,0,0,0,1,0,1
101,0.0,0.0,0.0,1,0,0,0,0,1
101,1.734999656677246,1.4079999923706055,4.699000000953674,0,0,1,0,0,1
101,1.935999870300293,-3.0979999899864197,-3.7329999208450317,0,1,0,0,1,1
101,-2.4930005073547363,-1.8599998950958252,4.314999938011169,0,0,0,1,1,1
101,2.058999538421631,-7.9730000495910645,-6.661999821662903,1,0,0,0,0,1
101,9.8919997215271,3.1500000953674316,5.150999903678894,0,0,1,0,0,1
101,10.96999979019165,-6.148999929428101,-1.6959999799728394,0,0,1,0,0,1
101,8.846999883651733,-9.581999778747559,0.5229999423027039,0,0,1,0,0,1
101,4.291999816894531,-12.591000080108643,0.5709999203681946,0,0,1,0,0,1
101,-0.5750002861022949,-12.410999774932861,-7.772999882698059,0,1,0,0,0,1
102,0.0,0.0,0.0,0,1,0,0,0,1
102,-1.935999870300293,3.0979999899864197,3.7329999208450317,1,0,0,0,1,1
102,0.12299966812133789,-4.875000059604645,-2.928999900817871,1,0,0,0,1,1
102,-4.429000377655029,1.2380000948905945,8.047999858856201,0,0,0,1,0,1
102,-0.20100021362304688,4.505999982357025,8.431999921798706,0,0,1,0,0,1
102,9.033999919891357,-3.0509999394416805,2.0369999408721924,0,0,1,0,0,1
102,6.91100001335144,-6.48399978876114,4.255999863147736,0,0,1,0,0,1
102,-2.511000156402588,-9.312999784946442,-4.039999961853027,0,1,0,0,0,1
102,2.3559999465942383,-9.493000090122223,4.303999841213226,0,0,1,0,0,1
102,-2.4780001640319824,-11.99699980020523,4.558999866247177,0,0,0,1,0,1
103,0.0,0.0,0.0,1,0,0,0,0,1
103,-2.633999824523926,-4.437999725341797,-1.1110000610351562,0,1,0,0,1,1
103,-0.12299966812133789,4.875000059604645,2.928999900817871,0,1,0,0,1,1
103,2.2330002784729004,-4.618000030517578,7.232999742031097,0,0,1,0,0,1
103,6.7880003452301025,-1.6089997291564955,7.184999763965607,0,0,1,0,0,1
103,-7.461999893188477,-6.901999473571779,-1.1570005416870117,0,1,0,0,0,1
103,8.91100025177002,1.8240001201629639,4.9659998416900635,0,0,1,0,0,1
103,-2.058999538421631,7.9730000495910645,6.661999821662903,1,0,0,0,0,1
103,-2.6009998321533203,-7.121999740600586,7.487999767065048,0,0,0,1,0,1
103,-7.859000205993652,-6.602999687194824,7.841999761760235,0,0,1,0,0,1
104,0.0,0.0,0.0,0,1,0,0,0,1
104,2.633999824523926,4.437999725341797,1.1110000610351562,1,0,0,0,1,1
104,-4.828000068664551,-2.4639997482299822,-0.04600048065185547,0,1,0,0,1,1
104,0.03299999237060547,-2.684000015258789,8.598999828100204,0,0,0,1,0,1
104,4.867000102996826,-0.18000030517578125,8.343999803066254,0,0,1,0,0,1
104,2.511000156402588,9.312999784946442,4.039999961853027,0,1,0,0,0,1
104,-5.225000381469727,-2.1649999618530273,8.952999822795391,0,0,1,0,0,1
104,9.422000169754028,2.828999996185302,8.295999825000763,0,0,1,0,0,1
104,-9.706999778747559,1.2899999618530273,8.491999834775925,0,0,1,0,0,1
104,11.545000076293945,6.261999845504761,6.07699990272522,0,0,1,0,0,1
105,0.0,0.0,0.0,0,1,0,0,0,1
105,4.828000068664551,2.4639997482299822,0.04600048065185547,0,1,0,0,1,1
105,-0.3970003128051758,0.2989997863769549,8.999000303447247,0,0,1,0,0,1
105,4.861000061035156,-0.22000026702880682,8.64500030875206,0,0,0,1,0,1
105,7.461999893188477,6.901999473571779,1.1570005416870117,1,0,0,0,0,1
105,-4.878999710083008,3.7539997100830096,8.53800031542778,0,0,1,0,0,1
105,9.695000171661377,2.283999443054201,8.39000028371811,0,0,1,0,0,1
105,7.339000225067139,11.776999533176424,4.086000442504883,0,1,0,0,0,1
105,14.250000238418579,5.292999744415284,8.342000305652618,0,0,1,0,0,1
105,5.403000354766846,14.874999523162844,7.8190003633499146,1,0,0,0,0,1
106,0.0,0.0,0.0,0,0,1,0,0,1
106,0.24100017547607422,2.4579999148845673,-4.019999980926514,1,0,0,0,0,1
106,6.375999927520752,2.6189999133348465,-3.263000011444092,0,1,0,0,0,1
106,-3.190999746322632,0.22699999809265137,-7.468999862670898,1,0,0,0,0,1
106,-6.042999744415283,-5.21500015258789,-1.6539998054504395,0,0,1,0,1,1
106,-6.800999879837036,-5.13700008392334,9.235000610351562,1,0,0,0,0,1
106,-3.961999773979187,-2.576000213623047,-11.865999937057495,0,1,0,0,0,1
106,-7.6479997634887695,-9.825000286102295,-3.691999912261963,0,1,0,0,0,1
106,12.065000057220459,3.2719998955726624,-4.328000068664551,0,1,0,0,0,1
106,7.165999889373779,-11.589000225067139,5.702000617980957,0,1,0,0,0,1
107,0.0,0.0,0.0,0,0,1,0,0,1
107,-1.6050000190734863,-4.610000133514405,-2.0380001068115234,0,1,0,0,1,1
107,6.042999744415283,5.21500015258789,1.6539998054504395,0,0,1,0,1,1
107,2.8519999980926514,5.442000150680541,-5.815000057220459,1,0,0,0,0,1
107,6.283999919891357,7.673000067472457,-2.366000175476074,1,0,0,0,0,1
107,-0.9939999580383301,-9.450999736785889,-4.521000146865845,0,0,1,0,0,1
107,2.080999970436096,2.638999938964843,-10.212000131607056,0,1,0,0,0,1
107,-0.7580001354217529,0.0780000686645499,10.889000415802002,1,0,0,0,0,1
107,3.131999969482422,-2.7599997520446786,-11.651999950408936,0,0,1,0,0,1
107,-4.9720001220703125,-4.855999469757081,12.389000415802002,0,0,1,0,0,1
108,0.0,0.0,0.0,0,1,0,0,0,1
108,1.6050000190734863,4.610000133514405,2.0380001068115234,0,0,1,0,1,1
108,0.6110000610351562,-4.840999603271484,-2.4830000400543213,0,0,1,0,1,1
108,3.744999945163727,-8.440999984741211,-4.944999933242798,0,0,1,0,0,1
108,4.736999988555908,1.8500003814697266,-9.613999843597412,0,0,1,0,0,1
108,3.6859999895095825,7.249000072479248,-8.174000024795532,0,1,0,0,0,1
108,4.457000017166138,10.052000284194946,-3.7769999504089355,1,0,0,0,0,1
108,7.6479997634887695,9.825000286102295,3.691999912261963,0,0,1,0,0,1
108,8.831999778747559,-2.6449995040893537,-9.184000015258789,0,1,0,0,0,1
108,0.8469998836517334,4.688000202178955,12.927000522613525,1,0,0,0,0,1
109,0.0,0.0,0.0,0,0,1,0,0,1
109,3.1339998841285706,-3.6000003814697266,-2.4619998931884766,0,0,1,0,1,1
109,-0.6110000610351562,4.840999603271484,2.4830000400543213,0,1,0,0,1,1
109,7.757999897003174,-6.698999404907227,-2.1449998915195465,1,0,0,0,0,1
109,0.9939999580383301,9.450999736785889,4.521000146865845,0,0,1,0,0,1
109,4.125999927520752,6.690999984741211,-7.130999803543091,0,0,1,0,0,1
109,8.220999717712402,2.1960000991821307,-6.700999975204468,0,1,0,0,0,1
109,8.431999683380127,-7.380001068115234,3.3339998722076416,0,1,0,0,0,1
109,13.162000179290771,0.2700004577636719,-3.397999882698059,0,1,0,0,0,1
109,3.0749999284744263,12.089999675750732,-5.690999984741211,0,1,0,0,0,1
110,0.0,0.0,0.0,0,0,1,0,0,1
110,-3.1339998841285706,3.6000003814697266,2.4619998931884766,0,0,1,0,1,1
110,4.624000012874603,-3.0989990234375,0.31700000166893005,1,0,0,0,1,1
110,5.297999799251556,-3.780000686645508,5.795999765396118,0,1,0,0,0,1
110,5.086999833583833,5.796000480651857,-4.239000082015991,0,1,0,0,0,1
110,-3.744999945163727,8.440999984741211,4.944999933242798,0,1,0,0,0,1
110,10.028000295162201,3.8700008392333984,-0.9359999895095825,0,1,0,0,0,1
110,0.9920000433921814,10.291000366210938,-4.668999910354614,0,0,1,0,0,1
110,12.644999921321869,-4.871999740600582,4.610999822616577,0,1,0,0,0,1
110,-2.1399999260902405,13.051000118255615,6.983000040054321,0,0,1,0,0,1
111,0.0,0.0,0.0,1,0,0,0,0,1
111,0.6739997863769531,-0.6810016632080078,5.478999763727188,0,1,0,0,1,1
111,-4.624000012874603,3.0989990234375,-0.31700000166893005,0,0,1,0,1,1
111,5.404000282287598,6.968999862670898,-1.2529999911785126,0,1,0,0,0,1
111,8.020999908447266,-1.7730007171630824,4.293999820947647,0,1,0,0,0,1
111,0.4629998207092294,8.894999504089357,-4.556000083684921,0,1,0,0,0,1
111,-7.757999897003174,6.698999404907227,2.1449998915195465,0,0,1,0,0,1
111,9.607000350952148,9.010999679565428,3.3730000555515294,0,0,1,0,0,1
111,10.985000610351562,-0.9270000457763672,8.416999965906143,0,1,0,0,0,1
111,-3.631999969482422,13.389999389648438,-4.985999912023544,0,0,1,0,0,1
112,0.0,0.0,0.0,0,1,0,0,0,1
112,-0.6739997863769531,0.6810016632080078,-5.478999763727188,1,0,0,0,1,1
112,7.3470001220703125,-1.0919990539550746,-1.184999942779541,0,1,0,0,1,1
112,-5.297999799251556,3.780000686645508,-5.795999765396118,0,0,1,0,0,1
112,10.31100082397461,-0.24599838256835938,2.938000202178955,0,1,0,0,0,1
112,4.7300004959106445,7.650001525878906,-6.731999754905701,0,1,0,0,0,1
112,-8.431999683380127,7.380001068115234,-3.3339998722076416,0,0,1,0,0,1
112,-2.8999998569488525,4.409000396728516,12.211000919342041,0,1,0,0,0,1
112,8.933000564575195,9.692001342773436,-2.1059997081756587,0,0,1,0,0,1
112,-0.21099996566772372,9.576001167297365,-10.03499984741211,0,1,0,0,0,1
113,0.0,0.0,0.0,0,1,0,0,0,1
113,2.964000701904297,0.8460006713867152,4.123000144958496,0,1,0,0,1,1
113,-7.3470001220703125,1.0919990539550746,1.184999942779541,0,1,0,0,1,1
113,-8.020999908447266,1.7730007171630824,-4.293999820947647,1,0,0,0,0,1
113,4.743000030517575,2.7910003662109304,8.72700023651123,0,0,1,0,0,1
113,-2.616999626159668,8.74200057983398,-5.54699981212616,0,1,0,0,0,1
113,1.5860004425048828,10.78400039672851,-0.9209997653961177,0,0,1,0,0,1
113,1.3819999694824219,11.569000244140621,4.734000205993652,0,0,1,0,0,1
113,-12.644999921321869,4.871999740600582,-4.610999822616577,0,0,1,0,0,1
113,-1.5760002136230469,11.54899978637695,9.72800064086914,0,1,0,0,0,1
114,0.0,0.0,0.0,0,1,0,0,0,1
114,-2.964000701904297,-0.8460006713867152,-4.123000144958496,0,1,0,0,1,1
114,1.7789993286132777,1.9449996948242152,4.604000091552734,0,0,1,0,1,1
114,-10.31100082397461,0.24599838256835938,-2.938000202178955,0,1,0,0,0,1
114,-1.582000732421875,10.722999572753906,0.6110000610351562,0,0,1,0,0,1
114,-1.378000259399414,9.937999725341795,-5.043999910354614,0,0,1,0,0,1
114,0.6789989471435547,4.1609992980957,10.607000350952148,0,0,1,0,0,1
114,-4.540000915527344,10.702999114990234,5.6050004959106445,0,1,0,0,0,1
114,-5.581000328063965,7.895999908447266,-9.669999957084656,0,1,0,0,0,1
114,-10.985000610351562,0.9270000457763672,-8.416999965906143,1,0,0,0,0,1
115,0.0,0.0,0.0,0,0,1,0,0,1
115,-1.7789993286132777,-1.9449996948242152,-4.604000091552734,0,1,0,0,1,1
115,-1.100000381469723,2.2159996032714844,6.003000259399414,0,0,1,0,0,1
115,-3.3610000610351527,8.777999877929691,-3.993000030517578,0,0,1,0,0,1
115,-4.743000030517575,-2.7910003662109304,-8.72700023651123,0,1,0,0,0,1
115,3.0559997558593786,-5.343999862670895,8.517999649047852,0,0,0,1,1,1
115,-4.975999832153317,4.393999099731449,8.370000839233398,0,0,1,0,0,1
115,-6.3190002441406214,8.75799942016602,1.0010004043579102,0,1,0,0,0,1
115,-3.1569995880126918,7.99300003051758,-9.648000001907349,0,0,1,0,0,1
115,-10.91300010681152,6.3029994964599645,3.858999252319336,0,1,0,0,0,1
116,0.0,0.0,0.0,0,0,0,1,0,1
116,-4.156000137329102,7.559999465942379,-2.5149993896484375,0,0,1,0,1,1
116,-3.0559997558593786,5.343999862670895,-8.517999649047852,0,0,1,0,1,1
116,-8.031999588012695,9.737998962402344,-0.14799880981445312,0,0,1,0,0,1
116,-4.834999084472656,3.3990001678466797,-13.121999740600586,0,1,0,0,0,1
116,-12.97599983215332,10.940999984741211,0.698999404907223,0,0,0,1,0,1
116,-9.375,14.101999282836914,-7.516999244689941,0,1,0,0,0,1
116,-13.968999862670898,11.64699935913086,-4.659000396728516,0,1,0,0,0,1
116,-7.798999786376953,2.5529994964599645,-17.244999885559082,0,1,0,0,0,1
116,-6.416999816894531,14.121999740600586,-12.51099967956543,0,0,1,0,0,1
117,0.0,0.0,0.0,0,0,1,0,0,1
117,-3.8759994506835938,2.1779994964599645,2.3670005798339844,0,0,1,0,1,1
117,1.100000381469723,-2.2159996032714844,-6.003000259399414,0,0,1,0,0,1
117,4.156000137329102,-7.559999465942379,2.5149993896484375,0,0,0,1,1,1
117,-5.218999862670898,6.541999816894535,-5.001999855041504,0,1,0,0,0,1
117,-8.819999694824219,3.3810005187988317,3.2139987945556605,0,0,0,1,0,1
117,-9.812999725341797,4.08699989318848,-2.144001007080078,0,1,0,0,0,1
117,-0.6789989471435547,-4.1609992980957,-10.607000350952148,0,1,0,0,0,1
117,-2.2609996795654297,6.562000274658207,-9.996000289916992,0,0,1,0,0,1
117,-13.889999628067017,0.4939994812011754,-1.3339996337890625,0,1,0,0,0,1
118,0.0,0.0,0.0,0,0,1,0,0,1
118,3.8759994506835938,-2.1779994964599645,-2.3670005798339844,0,0,1,0,1,1
118,-4.944000244140625,1.2030010223388672,0.8469982147216761,0,0,0,1,1,1
118,-5.937000274658203,1.9090003967285156,-4.5110015869140625,0,1,0,0,0,1
118,-1.3430004119873047,4.36400032043457,-7.369000434875488,0,1,0,0,0,1
118,4.975999832153317,-4.393999099731449,-8.370000839233398,0,0,1,0,0,1
118,-10.507000207901001,0.1639995574951172,2.1099987030029297,0,0,1,0,0,1
118,-10.014000177383423,-1.684000015258789,-3.701000213623047,0,1,0,0,0,1
118,8.031999588012695,-9.737998962402344,0.14799880981445312,0,0,0,1,0,1
118,1.614999771118164,4.384000778198242,-12.363000869750977,0,0,1,0,0,1
119,0.0,0.0,0.0,0,0,0,1,0,1
119,4.944000244140625,-1.2030010223388672,-0.8469982147216761,0,0,1,0,1,1
119,-0.9930000305175781,0.7059993743896484,-5.357999801635739,0,1,0,0,0,1
119,-5.562999963760376,-1.03900146484375,1.2630004882812536,0,0,1,0,1,1
119,-5.069999933242798,-2.8870010375976562,-4.547998428344723,0,1,0,0,0,1
119,3.6009998321533203,3.160999298095703,-8.215998649597164,0,1,0,0,0,1
119,8.819999694824219,-3.3810005187988317,-3.2139987945556605,0,0,1,0,0,1
119,-7.72299987077713,-7.098001480102539,-3.882999420166012,1,0,0,0,0,1
119,-9.15999984741211,-3.864999771118164,7.162000656127933,0,0,1,0,0,1
119,-7.845999836921692,-11.402000427246094,-0.9219989776611293,0,1,0,0,0,1
120,0.0,0.0,0.0,0,0,1,0,0,1
120,5.562999963760376,1.03900146484375,-1.2630004882812536,0,0,0,1,1,1
120,0.4930000305175781,-1.8479995727539062,-5.810998916625977,0,1,0,0,0,1
120,-3.5969998836517334,-2.825998306274414,5.89900016784668,0,0,1,0,1,1
120,4.569999933242798,1.7450008392333984,-6.621000289916992,0,1,0,0,0,1
120,-2.159999907016754,-6.059000015258789,-5.145999908447266,1,0,0,0,0,1
120,-7.391999959945679,-5.205999374389648,2.17600059509277,1,0,0,0,0,1
120,10.507000207901001,-0.1639995574951172,-2.1099987030029297,0,0,1,0,0,1
120,-2.282999873161316,-10.362998962402344,-2.184999465942383,0,1,0,0,0,1
120,-9.016999959945679,5.718001365661621,-4.4459991455078125,0,0,1,0,0,1
121,0.0,0.0,0.0,0,0,1,0,0,1
121,-3.7950000762939453,-2.3800010681152344,-3.72299957275391,1,0,0,0,1,1
121,3.5969998836517334,2.825998306274414,-5.89900016784668,0,0,1,0,1,1
121,-5.806000232696533,-5.829000473022461,1.1140003204345668,0,0,1,0,0,1
121,-10.111000061035156,-4.0,-0.07299995422363281,0,1,0,0,0,1
121,1.3140000104904175,-7.53700065612793,-8.083999633789062,0,1,0,0,0,1
121,-8.140999794006348,-1.8200016021728516,-7.4739990234375,1,0,0,0,0,1
121,1.4369999766349792,-3.233001708984375,-11.045000076293945,1,0,0,0,0,1
121,1.4169999957084656,-10.74100112915039,-4.530000686645508,1,0,0,0,0,1
121,9.15999984741211,3.864999771118164,-7.162000656127933,0,0,0,1,0,1
122,0.0,0.0,0.0,1,0,0,0,0,1
122,-4.345999717712402,0.5599994659423828,-3.75099945068359,1,0,0,0,1,1
122,3.7950000762939453,2.3800010681152344,3.72299957275391,0,0,1,0,1,1
122,-2.011000156402588,-3.4489994049072266,4.836999893188477,0,0,1,0,0,1
122,-6.315999984741211,-1.6199989318847656,3.649999618530277,0,1,0,0,0,1
122,5.109000086784363,-5.156999588012695,-4.361000061035153,0,1,0,0,0,1
122,5.232000052928925,-0.8530006408691406,-7.3220005035400355,1,0,0,0,0,1
122,7.391999959945679,5.205999374389648,-2.17600059509277,0,0,1,0,0,1
122,5.212000072002411,-8.361000061035156,-0.807001113891598,1,0,0,0,0,1
122,-6.906000137329103,4.669000625610352,-5.77400016784668,0,1,0,0,0,1
123,0.0,0.0,0.0,1,0,0,0,0,1
123,-2.560000419616701,4.109001159667969,-2.0230007171630895,0,1,0,0,1,1
123,4.345999717712402,-0.5599994659423828,3.75099945068359,1,0,0,0,1,1
123,-1.9700002670288086,-2.1799983978271484,7.400999069213867,0,1,0,0,0,1
123,-5.953000068664551,1.2180004119873011,6.615999221801761,0,0,0,1,0,1
123,2.3349995613098145,-4.008998870849609,8.587999343872067,0,0,1,0,0,1
123,9.577999770641327,-1.4130001068115234,-3.5710010528564453,1,0,0,0,0,1
123,-2.289000511169432,10.078001022338869,-2.7580013275146484,1,0,0,0,0,1
123,-6.810000419616701,6.4029998779296875,5.560998916625977,0,0,0,1,0,1
123,1.169999599456788,-10.37700080871582,3.4559993743896484,0,0,1,0,0,1
124,0.0,0.0,0.0,0,1,0,0,0,1
124,2.560000419616701,-4.109001159667969,2.0230007171630895,1,0,0,0,1,1
124,0.2709999084472692,5.9689998626709,-0.735000610351559,1,0,0,0,1,1
124,5.281000137329103,6.255000114440918,-0.8479995727539027,0,0,1,0,0,1
124,-4.25,2.2939987182617188,7.583999633789066,0,0,0,1,0,1
124,-3.39299964904785,-2.8910007476806676,8.63899993896485,0,0,0,1,0,1
124,6.906000137329103,-4.669000625610352,5.77400016784668,1,0,0,0,0,1
124,-1.3969993591308576,7.488999366760254,7.761999130249027,0,0,1,0,0,1
124,0.5900001525878924,-6.288999557495117,9.423999786376957,0,1,0,0,0,1
124,12.138000190258028,-5.522001266479492,-1.5480003356933558,1,0,0,0,0,1
125,0.0,0.0,0.0,1,0,0,0,0,1
125,5.010000228881834,0.28600025177001775,-0.11299896240234375,0,0,1,0,1,1
125,-0.2709999084472692,-5.9689998626709,0.735000610351559,0,1,0,0,1,1
125,-1.6679992675781268,1.5199995040893537,8.496999740600586,0,0,1,0,0,1
125,-4.520999908447269,-3.6750011444091815,8.319000244140625,0,0,0,1,0,1
125,2.289000511169432,-10.078001022338869,2.7580013275146484,1,0,0,0,0,1
125,9.224000215530394,5.219999790191649,-1.6129989624023438,1,0,0,0,0,1
125,2.777000427246092,4.958999633789061,9.19900131225586,0,0,0,1,0,1
125,8.372000217437742,7.021999835968015,2.838001251220703,0,1,0,0,0,1
125,5.824000358581541,8.409999847412108,8.443000793457031,0,0,1,0,0,1
126,0.0,0.0,0.0,0,0,1,0,0,1
126,-5.010000228881834,-0.28600025177001775,0.11299896240234375,1,0,0,0,1,1
126,4.21399998664856,4.933999538421631,-1.5,1,0,0,0,1,1
126,3.361999988555908,6.735999584197997,2.951000213623047,0,1,0,0,0,1
126,-5.281000137329103,-6.255000114440918,0.8479995727539027,0,1,0,0,0,1
126,-2.232999801635742,4.672999382019043,9.312000274658203,0,0,0,1,0,1
126,-6.677999496459961,1.233999252319336,8.60999870300293,0,0,1,0,0,1
126,-2.7209997177124023,-10.364001274108887,2.871000289916992,1,0,0,0,0,1
126,9.016999959945679,-5.718001365661621,4.4459991455078125,0,0,1,0,0,1
126,0.814000129699707,8.12399959564209,8.555999755859375,0,0,1,0,0,1
127,0.0,0.0,0.0,1,0,0,0,0,1
127,-0.8519999980926514,1.8020000457763663,4.451000213623047,0,1,0,0,1,1
127,-4.21399998664856,-4.933999538421631,1.5,0,0,1,0,1,1
127,-9.224000215530394,-5.219999790191649,1.6129989624023438,1,0,0,0,0,1
127,0.7580001354217529,-0.0780000686645499,-10.889000415802002,0,0,1,0,0,1
127,-3.3999998569488525,3.190000057220459,10.055999755859375,0,0,1,0,0,1
127,6.800999879837036,5.13700008392334,-9.235000610351562,0,0,1,0,0,1
127,-6.446999788284302,-0.2610001564025879,10.812000274658203,0,0,0,1,0,1
127,9.372999906539917,-8.907000064849854,-0.6750011444091797,0,1,0,0,0,1
127,4.802999973297119,-10.652000904083252,5.9459991455078125,0,0,1,0,0,1
128,0.0,0.0,0.0,0,1,0,0,0,1
128,0.8519999980926514,-1.8020000457763663,-4.451000213623047,1,0,0,0,1,1
128,-2.547999858856201,1.3880000114440927,5.604999542236328,0,0,1,0,1,1
128,-3.361999988555908,-6.735999584197997,-2.951000213623047,0,0,1,0,0,1
128,-5.59499979019165,-2.063000202178954,6.361000061035156,0,0,0,1,0,1
128,-8.372000217437742,-7.021999835968015,-2.838001251220703,1,0,0,0,0,1
128,-10.03999948501587,-5.502000331878661,5.658998489379883,0,0,1,0,0,1
128,5.6549999713897705,-12.45400094985962,1.4949989318847656,0,0,1,0,0,1
128,1.6100001335144043,-1.8800001144409162,-15.340000629425049,0,0,1,0,0,1
128,10.224999904632568,-10.70900011062622,-5.126001358032227,0,1,0,0,0,1
129,0.0,0.0,0.0,0,0,1,0,0,1
129,-3.046999931335449,-3.451000213623047,0.7560005187988281,0,0,0,1,1,1
129,2.547999858856201,-1.3880000114440927,-5.604999542236328,0,1,0,0,1,1
129,-7.491999626159668,-6.890000343322754,0.05399894714355469,0,0,1,0,0,1
129,3.3999998569488525,-3.190000057220459,-10.055999755859375,1,0,0,0,0,1
129,-0.814000129699707,-8.12399959564209,-8.555999755859375,0,0,1,0,0,1
129,-5.824000358581541,-8.409999847412108,-8.443000793457031,1,0,0,0,0,1
129,-10.34500026702881,-12.085000991821289,-0.12400054931640625,0,0,0,1,0,1
129,8.202999830245972,-13.842000961303711,-4.1100006103515625,0,0,1,0,0,1
129,4.605999946594238,-16.667999267578125,1.7889995574951172,0,0,1,0,0,1
130,0.0,0.0,0.0,0,0,0,1,0,1
130,3.046999931335449,3.451000213623047,-0.7560005187988281,0,0,1,0,1,1
130,-4.444999694824219,-3.439000129699707,-0.7020015716552734,0,0,1,0,1,1
130,5.59499979019165,2.063000202178954,-6.361000061035156,0,1,0,0,0,1
130,2.232999801635742,-4.672999382019043,-9.312000274658203,0,0,1,0,0,1
130,-2.777000427246092,-4.958999633789061,-9.19900131225586,1,0,0,0,0,1
130,-7.298000335693361,-8.634000778198242,-0.8800010681152344,0,0,0,1,0,1
130,6.446999788284302,0.2610001564025879,-10.812000274658203,1,0,0,0,0,1
130,-3.048000335693361,-10.927999496459961,-8.4640007019043,0,1,0,0,0,1
130,-6.440999984741211,-13.819000244140629,0.17499923706055043,0,0,0,1,0,1
131,0.0,0.0,0.0,0,0,1,0,0,1
131,4.444999694824219,3.439000129699707,0.7020015716552734,0,0,0,1,1,1
131,-2.8530006408691424,-5.195000648498535,-0.17799949645996094,0,0,0,1,1,1
131,1.6679992675781268,-1.5199995040893537,-8.496999740600586,1,0,0,0,0,1
131,7.491999626159668,6.890000343322754,-0.05399894714355469,0,0,1,0,0,1
131,-1.9960002899169922,-10.380000114440922,0.8770008087158239,0,0,0,1,0,1
131,1.3969993591308576,-7.488999366760254,-7.761999130249027,0,1,0,0,0,1
131,6.677999496459961,-1.233999252319336,-8.60999870300293,0,0,1,0,0,1
131,10.03999948501587,5.502000331878661,-5.658998489379883,0,1,0,0,0,1
131,3.9569997787475586,-11.598000526428223,-5.7389984130859375,1,0,0,0,0,1
132,0.0,0.0,0.0,0,0,0,1,0,1
132,0.8570003509521502,-5.184999465942386,1.0550003051757848,0,0,0,1,1,1
132,2.8530006408691424,5.195000648498535,0.17799949645996094,0,0,1,0,1,1
132,4.25,-2.2939987182617188,-7.583999633789066,0,1,0,0,0,1
132,4.840000152587892,-8.582998275756836,1.8400001525878906,0,1,0,0,0,1
132,4.520999908447269,3.6750011444091815,-8.319000244140625,1,0,0,0,0,1
132,6.810000419616701,-6.4029998779296875,-5.560998916625977,1,0,0,0,0,1
132,7.298000335693361,8.634000778198242,0.8800010681152344,0,0,0,1,0,1
132,11.156000137329103,-6.96299934387207,-1.8099994659423864,1,0,0,0,0,1
132,9.531000137329103,3.961001396179199,-8.431999206542969,0,0,1,0,0,1
133,0.0,0.0,0.0,0,0,0,1,0,1
133,3.982999801635742,-3.3979988098144496,0.7849998474121058,0,1,0,0,1,1
133,-0.8570003509521502,5.184999465942386,-1.0550003051757848,0,0,0,1,1,1
133,5.953000068664551,-1.2180004119873011,-6.615999221801761,1,0,0,0,0,1
133,3.39299964904785,2.8910007476806676,-8.63899993896485,0,1,0,0,0,1
133,8.287999629974365,-5.2269992828369105,1.9720001220703054,0,0,1,0,0,1
133,1.9960002899169922,10.380000114440922,-0.8770008087158239,0,0,1,0,0,1
133,10.298999786376953,-1.777999877929684,-2.864999771118171,1,0,0,0,0,1
133,3.663999557495119,8.860000610351568,-9.37400054931641,1,0,0,0,0,1
133,7.122999668121339,-11.595001220703121,-3.159999847412113,0,0,1,0,0,1
134,0.0,0.0,0.0,0,1,0,0,0,1
134,4.304999828338623,-1.829000473022461,1.1870002746581996,0,0,1,0,1,1
134,-3.982999801635742,3.3979988098144496,-0.7849998474121058,0,0,0,1,1,1
134,6.315999984741211,1.6199989318847656,-3.649999618530277,1,0,0,0,0,1
134,1.9700002670288086,2.1799983978271484,-7.400999069213867,1,0,0,0,0,1
134,3.1399998664855966,-8.197002410888672,-3.9449996948242188,0,0,1,0,0,1
134,-4.840000152587892,8.582998275756836,-1.8400001525878906,0,0,0,1,0,1
134,10.111000061035156,4.0,0.07299995422363281,0,0,1,0,0,1
134,-0.5900001525878924,6.288999557495117,-9.423999786376957,0,1,0,0,0,1
134,7.696000099182129,-9.031002044677734,-5.715000152587891,1,0,0,0,0,1
135,0.0,0.0,0.0,0,0,1,0,0,1
135,-4.304999828338623,1.829000473022461,-1.1870002746581996,0,1,0,0,1,1
135,2.011000156402588,3.4489994049072266,-4.836999893188477,1,0,0,0,0,1
135,-1.1649999618530265,-6.368001937866211,-5.131999969482418,0,0,1,0,1,1
135,5.806000232696533,5.829000473022461,-1.1140003204345668,0,0,1,0,0,1
135,-2.3349995613098145,4.008998870849609,-8.587999343872067,1,0,0,0,0,1
135,-8.287999629974365,5.2269992828369105,-1.9720001220703054,0,0,0,1,0,1
135,7.223000228404999,-4.91200065612793,-5.644001007080075,1,0,0,0,0,1
135,3.3910002708435054,-7.202001571655273,-6.90200042724609,1,0,0,0,0,1
135,7.120000243186951,-1.7080001831054688,-9.19799995422363,0,1,0,0,0,1
136,0.0,0.0,0.0,0,0,1,0,0,1
136,4.556000232696531,-0.8339996337890625,-1.7700004577636719,1,0,0,0,1,1
136,1.1649999618530265,6.368001937866211,5.131999969482418,0,0,1,0,1,1
136,8.388000190258026,1.4560012817382812,-0.5120010375976562,1,0,0,0,0,1
136,-3.1399998664855966,8.197002410888672,3.9449996948242188,0,1,0,0,0,1
136,3.1760001182556143,9.817001342773438,0.29500007629394176,1,0,0,0,0,1
136,8.285000205039978,4.660001754760742,-4.065999984741211,0,1,0,0,0,1
136,-1.169999599456788,10.37700080871582,-3.4559993743896484,1,0,0,0,0,1
136,-7.122999668121339,11.595001220703121,3.159999847412113,0,0,0,1,0,1
136,8.40800017118454,8.964000701904297,-7.027000427246094,1,0,0,0,0,1
137,0.0,0.0,0.0,1,0,0,0,0,1
137,3.8319999575614934,2.2900009155273438,1.2579994201660156,1,0,0,0,1,1
137,-4.556000232696531,0.8339996337890625,1.7700004577636719,0,0,1,0,1,1
137,3.7289999723434453,5.494001388549805,-2.295999526977539,0,1,0,0,0,1
137,-3.3910002708435054,7.202001571655273,6.90200042724609,0,0,1,0,0,1
137,-1.3800001144409175,10.6510009765625,2.0650005340576136,1,0,0,0,0,1
137,3.851999938488007,9.79800033569336,-5.256999969482422,1,0,0,0,0,1
137,-5.72599983215332,11.211000442504883,-1.6859989166259766,1,0,0,0,0,1
137,-7.696000099182129,9.031002044677734,5.715000152587891,0,1,0,0,0,1
137,2.414999961853028,13.031002044677734,5.788000106811523,0,0,1,0,0,1
138,0.0,0.0,0.0,1,0,0,0,0,1
138,-3.8319999575614934,-2.2900009155273438,-1.2579994201660156,1,0,0,0,1,1
138,-0.1029999852180481,3.204000473022461,-3.5539989471435547,0,1,0,0,1,1
138,-8.388000190258026,-1.4560012817382812,0.5120010375976562,0,0,1,0,0,1
138,-5.212000072002411,8.361000061035156,0.807001113891598,1,0,0,0,0,1
138,0.019999980926513672,7.507999420166016,-6.5149993896484375,1,0,0,0,0,1
138,-7.223000228404999,4.91200065612793,5.644001007080075,0,0,1,0,0,1
138,-1.4169999957084656,10.74100112915039,4.530000686645508,0,0,1,0,0,1
138,-9.557999789714813,8.920999526977539,-2.943998336791992,1,0,0,0,0,1
138,2.179999887943268,13.566999435424805,-1.3689994812011719,0,0,1,0,0,1
139,0.0,0.0,0.0,0,1,0,0,0,1
139,0.1029999852180481,-3.204000473022461,3.5539989471435547,1,0,0,0,1,1
139,0.12299996614456177,4.303998947143555,-2.961000442504883,1,0,0,0,1,1
139,-3.7289999723434453,-5.494001388549805,2.295999526977539,1,0,0,0,0,1
139,-5.109000086784363,5.156999588012695,4.361000061035153,1,0,0,0,0,1
139,2.775999903678894,8.514999389648438,-3.6259994506835938,0,1,0,0,0,1
139,-8.285000205039978,-4.660001754760742,4.065999984741211,0,0,1,0,0,1
139,2.282999873161316,10.362998962402344,2.184999465942383,0,0,1,0,0,1
139,-9.454999804496765,5.716999053955078,0.6100006103515625,1,0,0,0,0,1
139,-1.3140000104904175,7.53700065612793,8.083999633789062,0,0,1,0,0,1
140,0.0,0.0,0.0,1,0,0,0,0,1
140,2.6529999375343323,4.211000442504883,-0.6649990081787109,0,1,0,0,1,1
140,-0.12299996614456177,-4.303998947143555,2.961000442504883,0,1,0,0,1,1
140,2.159999907016754,6.059000015258789,5.145999908447266,0,0,1,0,0,1
140,-5.232000052928925,0.8530006408691406,7.3220005035400355,1,0,0,0,0,1
140,-0.019999980926513672,-7.507999420166016,6.5149993896484375,1,0,0,0,0,1
140,-9.577999770641327,1.4130001068115234,3.5710010528564453,1,0,0,0,0,1
140,6.729999840259552,7.8040008544921875,-1.4750003814697266,0,1,0,0,0,1
140,7.72299987077713,7.098001480102539,3.882999420166012,0,0,0,1,0,1
140,-1.4369999766349792,3.233001708984375,11.045000076293945,0,0,1,0,0,1
141,0.0,0.0,0.0,0,1,0,0,0,1
141,-2.6529999375343323,-4.211000442504883,0.6649990081787109,1,0,0,0,1,1
141,4.07699990272522,3.5930004119873047,-0.8100013732910156,0,1,0,0,1,1
141,-0.4930000305175781,1.8479995727539062,5.810998916625977,0,0,1,0,0,1
141,5.069999933242798,2.8870010375976562,4.547998428344723,0,0,0,1,0,1
141,-2.775999903678894,-8.514999389648438,3.6259994506835938,0,1,0,0,0,1
141,10.014000177383423,1.684000015258789,3.701000213623047,0,0,1,0,0,1
141,8.670999765396118,6.048000335693359,-3.6680002212524414,0,1,0,0,0,1
141,-7.884999990463257,-3.357999801635742,7.9869995117187464,1,0,0,0,0,1
141,-9.509999990463257,7.566000938415527,1.364999771118164,0,0,1,0,0,1
142,0.0,0.0,0.0,0,1,0,0,0,1
142,-4.07699990272522,-3.5930004119873047,0.8100013732910156,0,1,0,0,1,1
142,0.9930000305175781,-0.7059993743896484,5.357999801635739,0,0,0,1,0,1
142,4.593999862670898,2.4549999237060547,-2.857998847961426,0,1,0,0,1,1
142,5.937000274658203,-1.9090003967285156,4.5110015869140625,0,0,1,0,0,1
142,-4.569999933242798,-1.7450008392333984,6.621000289916992,0,0,1,0,0,1
142,-6.729999840259552,-7.8040008544921875,1.4750003814697266,1,0,0,0,0,1
142,9.812999725341797,-4.08699989318848,2.144001007080078,0,0,1,0,0,1
142,7.552000045776367,2.4750003814697266,-7.851999282836914,0,0,1,0,0,1
142,-9.372999906539917,8.907000064849854,0.6750011444091797,1,0,0,0,0,1
143,0.0,0.0,0.0,0,1,0,0,0,1
143,2.9580001831054688,0.020000457763671875,-4.994000434875488,0,0,1,0,1,1
143,-4.593999862670898,-2.4549999237060547,2.857998847961426,0,1,0,0,1,1
143,1.3430004119873047,-4.36400032043457,7.369000434875488,0,0,1,0,0,1
143,-3.6009998321533203,-3.160999298095703,8.215998649597164,0,0,0,1,0,1
143,5.218999862670898,-6.541999816894535,5.001999855041504,0,0,1,0,0,1
143,6.3190002441406214,-8.75799942016602,-1.0010004043579102,0,0,1,0,0,1
143,3.1620006561279297,-0.7649993896484393,-10.649000406265259,0,0,1,0,0,1
143,-8.670999765396118,-6.048000335693359,3.6680002212524414,0,1,0,0,0,1
143,4.540000915527344,-10.702999114990234,-5.6050004959106445,0,1,0,0,0,1
144,0.0,0.0,0.0,0,0,1,0,0,1
144,0.20400047302246094,-0.7849998474121112,-5.6549999713897705,0,0,1,0,1,1
144,-2.9580001831054688,-0.020000457763671875,4.994000434875488,0,1,0,0,1,1
144,3.3610000610351527,-8.777999877929691,3.993000030517578,0,0,1,0,0,1
144,1.582000732421875,-10.722999572753906,-0.6110000610351562,0,1,0,0,0,1
144,-7.552000045776367,-2.4750003814697266,7.851999282836914,0,1,0,0,0,1
144,-3.99899959564209,-2.8269996643066406,-10.281000018119812,0,1,0,0,0,1
144,2.2609996795654297,-6.562000274658207,9.996000289916992,0,0,1,0,0,1
144,-1.3819999694824219,-11.569000244140621,-4.734000205993652,0,1,0,0,0,1
144,-1.614999771118164,-4.384000778198242,12.363000869750977,0,0,1,0,0,1
145,0.0,0.0,0.0,0,0,1,0,0,1
145,-0.20400047302246094,0.7849998474121112,5.6549999713897705,0,0,1,0,1,1
145,-4.203000068664551,-2.0419998168945295,-4.6260000467300415,0,1,0,0,1,1
145,-1.5860004425048828,-10.78400039672851,0.9209997653961177,0,1,0,0,0,1
145,-3.1620006561279297,0.7649993896484393,10.649000406265259,0,1,0,0,0,1
145,1.378000259399414,-9.937999725341795,5.043999910354614,0,1,0,0,0,1
145,-9.14400053024292,-0.11600017547607067,-7.92900013923645,0,1,0,0,0,1
145,3.1569995880126918,-7.99300003051758,9.648000001907349,0,0,1,0,0,1
145,-8.933000564575195,-9.692001342773436,2.1059997081756587,0,1,0,0,0,1
145,-9.607000350952148,-9.010999679565428,-3.3730000555515294,1,0,0,0,0,1
146,0.0,0.0,0.0,0,1,0,0,0,1
146,-4.941000461578368,1.9259996414184588,-3.3030000925064087,0,1,0,0,1,1
146,4.203000068664551,2.0419998168945295,4.6260000467300415,0,0,1,0,1,1
146,-5.404000282287598,-6.968999862670898,1.2529999911785126,1,0,0,0,0,1
146,2.616999626159668,-8.74200057983398,5.54699981212616,0,1,0,0,0,1
146,-10.028000295162201,-3.8700008392333984,0.9359999895095825,0,0,1,0,0,1
146,-4.7300004959106445,-7.650001525878906,6.731999754905701,0,1,0,0,0,1
146,3.99899959564209,2.8269996643066406,10.281000018119812,0,0,1,0,0,1
146,-9.03600025177002,6.420999526977539,-3.7329999208450317,0,0,1,0,0,1
146,-13.162000179290771,-0.2700004577636719,3.397999882698059,0,0,1,0,0,1
147,0.0,0.0,0.0,0,1,0,0,0,1
147,-4.094999790191651,4.49499988555908,-0.42999982833862305,0,0,1,0,1,1
147,4.941000461578368,-1.9259996414184588,3.3030000925064087,0,1,0,0,1,1
147,-5.086999833583833,-5.796000480651857,4.239000082015991,0,0,1,0,0,1
147,-0.4629998207092294,-8.894999504089357,4.556000083684921,1,0,0,0,0,1
147,-8.220999717712402,-2.1960000991821307,6.700999975204468,0,0,1,0,0,1
147,-5.145999789237977,9.893999576568602,1.0099999904632568,0,1,0,0,0,1
147,9.14400053024292,0.11600017547607067,7.92900013923645,0,0,1,0,0,1
147,-8.831999778747559,2.6449995040893537,9.184000015258789,0,1,0,0,0,1
147,0.21099996566772372,-9.576001167297365,10.03499984741211,0,1,0,0,0,1
148,0.0,0.0,0.0,0,0,1,0,0,1
148,-1.0509999990463257,5.3989996910095215,1.4399998188018799,0,1,0,0,1,1
148,4.094999790191651,-4.49499988555908,0.42999982833862305,0,1,0,0,1,1
148,-0.2799999713897705,8.20199990272522,5.836999893188477,1,0,0,0,0,1
148,-4.125999927520752,-6.690999984741211,7.130999803543091,0,0,1,0,0,1
148,-4.736999988555908,-1.8500003814697266,9.613999843597412,0,1,0,0,0,1
148,-0.9920000433921814,-10.291000366210938,4.668999910354614,0,0,1,0,0,1
148,9.03600025177002,-6.420999526977539,3.7329999208450317,0,1,0,0,0,1
148,-3.131999969482422,2.7599997520446786,11.651999950408936,0,0,1,0,0,1
148,3.1519999504089355,10.432999819517136,9.285999774932861,1,0,0,0,0,1
149,0.0,0.0,0.0,0,1,0,0,0,1
149,0.7710000276565552,2.8030002117156982,4.397000074386597,1,0,0,0,1,1
149,1.0509999990463257,-5.3989996910095215,-1.4399998188018799,0,0,1,0,1,1
149,4.202999949455261,5.034000128507614,7.8459999561309814,1,0,0,0,0,1
149,-2.080999970436096,-2.638999938964843,10.212000131607056,0,0,1,0,0,1
149,5.145999789237977,-9.893999576568602,-1.0099999904632568,0,1,0,0,0,1
149,-3.6859999895095825,-7.249000072479248,8.174000024795532,0,1,0,0,0,1
149,3.961999773979187,2.576000213623047,11.865999937057495,0,0,1,0,0,1
149,-3.0749999284744263,-12.089999675750732,5.690999984741211,0,0,1,0,0,1
149,10.337999701499939,5.195000126957893,8.602999925613403,0,1,0,0,0,1
150,0.0,0.0,0.0,1,0,0,0,0,1
150,-0.7710000276565552,-2.8030002117156982,-4.397000074386597,0,1,0,0,1,1
150,3.431999921798706,2.230999916791916,3.4489998817443848,1,0,0,0,1,1
150,3.190999746322632,-0.22699999809265137,7.468999862670898,0,0,1,0,0,1
150,-2.8519999980926514,-5.442000150680541,5.815000057220459,0,0,1,0,0,1
150,0.2799999713897705,-8.20199990272522,-5.836999893188477,0,0,1,0,0,1
150,9.566999673843384,2.391999915242195,4.205999851226807,0,1,0,0,0,1
150,-4.457000017166138,-10.052000284194946,3.7769999504089355,0,1,0,0,0,1
150,4.374999761581422,-12.6969997882843,-5.4070000648498535,0,1,0,0,0,1
150,-3.8459999561309814,-14.89299988746643,1.2939999103546143,0,0,1,0,0,1
151,0.0,0.0,0.0,1,0,0,0,0,1
151,-0.24100017547607422,-2.4579999148845673,4.019999980926514,0,0,1,0,0,1
151,-3.431999921798706,-2.230999916791916,-3.4489998817443848,1,0,0,0,1,1
151,6.134999752044678,0.1609999984502792,0.7569999694824219,0,1,0,0,1,1
151,-6.283999919891357,-7.673000067472457,2.366000175476074,0,0,1,0,0,1
151,-4.202999949455261,-5.034000128507614,-7.8459999561309814,0,1,0,0,0,1
151,11.823999881744385,0.8139999806880951,-0.3080000877380371,0,1,0,0,0,1
151,-3.1519999504089355,-10.432999819517136,-9.285999774932861,0,0,1,0,0,1
151,-7.888999938964844,-12.283000200986862,0.3280000686645508,0,1,0,0,0,1
151,15.695000171661377,1.7259999811649323,-4.279999852180481,0,1,0,0,0,1
152,0.0,0.0,0.0,0,1,0,0,0,1
152,5.689000129699707,0.6529999822378159,-1.065000057220459,0,1,0,0,1,1
152,-6.134999752044678,-0.1609999984502792,-0.7569999694824219,1,0,0,0,1,1
152,-6.375999927520752,-2.6189999133348465,3.263000011444092,0,0,1,0,0,1
152,-9.566999673843384,-2.391999915242195,-4.205999851226807,1,0,0,0,0,1
152,9.5600004196167,1.564999982714653,-5.036999821662903,0,1,0,0,0,1
152,8.017001152038574,-3.1839999705553055,-10.960000038146973,0,0,1,0,0,1
152,-10.337999701499939,-5.195000126957893,-8.602999925613403,0,1,0,0,0,1
152,10.547999382019043,3.0049999207258224,-9.774999618530273,0,0,0,1,0,1
152,-12.418999671936035,-7.834000065922736,1.6090002059936523,0,0,1,0,0,1
153,0.0,0.0,0.0,0,1,0,0,0,1
153,3.871000289916992,0.9120000004768372,-3.971999764442444,0,1,0,0,1,1
153,-5.689000129699707,-0.6529999822378159,1.065000057220459,0,1,0,0,1,1
153,4.858999252319336,2.3519999384880066,-8.709999561309814,0,0,0,1,0,1
153,2.328001022338867,-3.8369999527931213,-9.894999980926514,0,0,1,0,0,1
153,-11.823999881744385,-0.8139999806880951,0.3080000877380371,1,0,0,0,0,1
153,-12.065000057220459,-3.2719998955726624,4.328000068664551,0,0,1,0,0,1
153,0.047000885009765625,-1.1979999542236328,-13.932999610900879,0,0,1,0,0,1
153,4.333999633789059,4.761000096797943,-13.529999732971191,0,0,1,0,0,1
153,-1.73699951171875,-15.62599951028824,-0.6189997196197505,0,0,1,0,0,1
154,0.0,0.0,0.0,0,1,0,0,0,1
154,0.9879989624023438,1.4399999380111694,-4.737999796867371,0,0,0,1,1,1
154,-3.871000289916992,-0.9120000004768372,3.971999764442444,0,1,0,0,1,1
154,-1.542999267578125,-4.7489999532699585,-5.92300021648407,0,0,1,0,0,1
154,0.46299934387206676,3.849000096321106,-9.557999968528748,0,0,1,0,0,1
154,-3.8239994049072266,-2.10999995470047,-9.960999846458435,0,0,1,0,0,1
154,-9.5600004196167,-1.564999982714653,5.036999821662903,0,1,0,0,0,1
154,-7.38100051879883,1.531000018119812,-11.77899968624115,1,0,0,0,0,1
154,-2.599000930786133,7.242000222206116,-12.559999823570251,0,0,1,0,0,1
154,-10.003999710083008,6.23199999332428,-10.955999732017517,0,1,0,0,0,1
155,0.0,0.0,0.0,0,0,0,1,0,1
155,-0.9879989624023438,-1.4399999380111694,4.737999796867371,0,1,0,0,1,1
155,-0.524999618530277,2.4090001583099365,-4.820000171661377,0,0,1,0,1,1
155,-2.5309982299804688,-6.188999891281128,-1.1850004196166992,0,0,1,0,0,1
155,-4.81199836730957,-3.5499998927116394,-5.2230000495910645,0,0,1,0,0,1
155,-4.858999252319336,-2.3519999384880066,8.709999561309814,0,1,0,0,0,1
155,-3.5869998931884766,5.802000284194946,-7.822000026702881,0,0,1,0,0,1
155,-8.368999481201174,0.09100008010864258,-7.040999889373779,1,0,0,0,0,1
155,-10.991998672485352,4.79200005531311,-6.2179999351501465,0,1,0,0,0,1
155,-10.547999382019043,-3.0049999207258224,9.774999618530273,0,1,0,0,0,1
156,0.0,0.0,0.0,0,0,1,0,0,1
156,0.524999618530277,-2.4090001583099365,4.820000171661377,0,0,0,1,1,1
156,-3.0620002746581996,3.3930001258850098,-3.001999855041504,0,0,1,0,1,1
156,-4.286998748779293,-5.959000051021576,-0.4029998779296875,0,0,1,0,0,1
156,-7.843999862670897,-2.318000078201294,-2.2209997177124023,1,0,0,0,0,1
156,-2.0059986114501918,-8.598000049591064,3.6349997520446777,0,0,1,0,0,1
156,-0.46299934387206676,-3.849000096321106,9.557999968528748,0,1,0,0,0,1
156,-10.466999053955075,2.382999897003174,-1.3979997634887695,0,1,0,0,0,1
156,-5.830999374389645,8.73199987411499,-3.357999801635744,0,0,1,0,0,1
156,-12.139999389648434,7.0370001792907715,1.5460000038146982,0,1,0,0,0,1
157,0.0,0.0,0.0,0,0,1,0,0,1
157,3.0620002746581996,-3.3930001258850098,3.001999855041504,0,0,1,0,1,1
157,-2.7689990997314453,5.3389997482299805,-0.35599994659424006,0,0,1,0,1,1
157,-4.781999588012697,-5.711000204086304,0.7810001373291016,1,0,0,0,0,1
157,-7.404998779296875,-1.010000228881836,1.6040000915527344,0,1,0,0,0,1
157,-1.2249984741210938,-9.352000176906586,2.5989999771118164,0,0,1,0,0,1
157,3.5869998931884766,-5.802000284194946,7.822000026702881,0,0,0,1,0,1
157,-1.6369991302490234,10.391999244689945,2.2769994735717773,1,0,0,0,0,1
157,-9.077999114990234,3.6440000534057617,4.547999858856202,0,1,0,0,0,1
157,1.2100009918212855,12.23799991607666,5.804999828338623,0,0,1,0,0,1
158,0.0,0.0,0.0,0,0,1,0,0,1
158,1.1319999694824219,5.0529994964599645,2.6329994201660174,1,0,0,0,1,1
158,2.7689990997314453,-5.3389997482299805,0.35599994659424006,0,0,1,0,1,1
158,-4.63599967956543,-6.348999977111816,1.9600000381469744,0,1,0,0,0,1
158,-6.309000015258789,-1.6949996948242188,4.903999805450442,0,1,0,0,0,1
158,3.979000091552731,6.89900016784668,6.160999774932863,0,0,1,0,0,1
158,-5.479000091552736,1.8149995803833008,9.245999813079836,0,1,0,0,0,1
158,5.830999374389645,-8.73199987411499,3.357999801635744,0,0,1,0,0,1
158,-2.0130004882812518,-11.049999952316284,1.1370000839233416,1,0,0,0,0,1
158,-2.2170000076293963,3.4039993286132812,13.127999782562258,0,0,0,1,0,1
159,0.0,0.0,0.0,1,0,0,0,0,1
159,2.847000122070309,1.8460006713867152,3.5280003547668457,0,0,1,0,1,1
159,-1.1319999694824219,-5.0529994964599645,-2.6329994201660174,0,0,1,0,1,1
159,-6.611000061035158,-3.2379999160766637,6.613000392913818,0,1,0,0,0,1
159,-7.440999984741211,-6.747999191284183,2.2710003852844247,0,1,0,0,0,1
159,4.933000564575195,6.947999954223629,6.2290003299713135,1,0,0,0,0,1
159,1.6369991302490234,-10.391999244689945,-2.2769994735717773,0,0,1,0,0,1
159,3.6369991302490234,3.7100009918212855,9.711000338196754,0,1,0,0,0,1
159,-3.348999977111818,-1.6490001678466832,10.49500036239624,0,0,0,1,0,1
159,-5.767999649047852,-11.401999473571781,-0.672999382019043,0,1,0,0,0,1
160,0.0,0.0,0.0,0,0,1,0,0,1
160,-2.847000122070309,-1.8460006713867152,-3.5280003547668457,1,0,0,0,1,1
160,2.0860004425048864,5.101999282836914,2.7009999752044678,1,0,0,0,1,1
160,0.7899990081787145,1.8640003204345703,6.182999983429909,0,1,0,0,0,1
160,-6.196000099182127,-3.4950008392333984,6.9670000076293945,0,0,0,1,0,1
160,-3.979000091552731,-6.89900016784668,-6.160999774932863,0,0,1,0,0,1
160,-3.123001098632809,-0.9650001525878871,9.599999904632568,0,0,1,0,0,1
160,-9.458000183105467,-5.084000587463379,3.0850000381469727,0,1,0,0,0,1
160,-10.28800010681152,-8.593999862670898,-1.256999969482421,0,1,0,0,0,1
160,-1.2100009918212855,-12.23799991607666,-5.804999828338623,0,0,1,0,0,1
161,0.0,0.0,0.0,1,0,0,0,0,1
161,-1.2960014343261719,-3.2379989624023438,3.482000008225441,0,1,0,0,1,1
161,-2.0860004425048864,-5.101999282836914,-2.7009999752044678,0,0,1,0,1,1
161,-4.933000564575195,-6.947999954223629,-6.2290003299713135,1,0,0,0,0,1
161,-5.209001541137695,-6.066999435424801,6.898999929428101,0,0,1,0,0,1
161,-8.282000541687013,-8.597000122070312,4.266000032424927,0,0,0,1,0,1
161,-11.544000625610353,-10.185999870300293,0.3840000629425049,0,1,0,0,0,1
161,-6.065000534057617,-12.000999450683594,-8.86199975013733,0,0,1,0,0,1
161,-12.374000549316406,-13.695999145507812,-3.9579999446868888,0,1,0,0,0,1
161,-3.296001434326172,-17.339999198913574,-8.50599980354309,0,0,1,0,0,1
162,0.0,0.0,0.0,0,1,0,0,0,1
162,1.2960014343261719,3.2379989624023438,-3.482000008225441,1,0,0,0,1,1
162,-3.9130001068115234,-2.8290004730224574,3.4169999212026596,0,0,1,0,1,1
162,-0.7899990081787145,-1.8640003204345703,-6.182999983429909,0,0,1,0,0,1
162,-6.985999107360842,-5.359001159667969,0.7840000241994858,0,0,0,1,0,1
162,-3.6369991302490234,-3.7100009918212855,-9.711000338196754,1,0,0,0,0,1
162,-10.247999191284181,-6.948000907897949,-3.097999945282936,0,1,0,0,0,1
162,-4.768999099731445,-8.76300048828125,-12.343999758362772,0,0,1,0,0,1
162,-11.077999114990234,-10.458000183105469,-7.43999995291233,0,1,0,0,0,1
162,-2.0,-14.10200023651123,-11.987999811768532,0,0,1,0,0,1
163,0.0,0.0,0.0,0,0,1,0,0,1
163,-3.072999000549318,-2.5300006866455114,-2.632999897003174,0,0,0,1,1,1
163,3.9130001068115234,2.8290004730224574,-3.4169999212026596,0,1,0,0,1,1
163,-6.334999084472658,-4.119000434875492,-6.514999866485596,0,1,0,0,0,1
163,3.123001098632809,0.9650001525878871,-9.599999904632568,0,0,1,0,0,1
163,5.209001541137695,6.066999435424801,-6.898999929428101,1,0,0,0,0,1
163,0.2760009765625,-0.8810005187988281,-13.128000259399414,1,0,0,0,0,1
163,-7.164999008178711,-7.628999710083011,-10.85699987411499,0,1,0,0,0,1
163,-0.8559989929199219,-5.934000015258793,-15.760999679565431,0,0,1,0,0,1
163,1.9130001068115234,-11.272999763488773,-15.404999732971191,0,0,1,0,0,1
164,0.0,0.0,0.0,0,0,0,1,0,1
164,3.072999000549318,2.5300006866455114,2.632999897003174,0,0,1,0,1,1
164,-3.26200008392334,-1.5889997482299805,-3.881999969482422,0,1,0,0,1,1
164,6.985999107360842,5.359001159667969,-0.7840000241994858,0,1,0,0,0,1
164,6.196000099182127,3.4950008392333984,-6.9670000076293945,0,0,1,0,0,1
164,-4.092000007629393,-5.0989990234375,-8.223999977111816,0,1,0,0,0,1
164,3.348999977111818,1.6490001678466832,-10.49500036239624,1,0,0,0,0,1
164,8.282000541687013,8.597000122070312,-4.266000032424927,1,0,0,0,0,1
164,2.2170000076293963,-3.4039993286132812,-13.127999782562258,0,0,1,0,0,1
164,-2.4189996719360334,-9.752999305725098,-11.167999744415283,0,1,0,0,0,1
165,0.0,0.0,0.0,0,1,0,0,0,1
165,3.26200008392334,1.5889997482299805,3.881999969482422,0,0,0,1,1,1
165,-0.8299999237060529,-3.5099992752075195,-4.342000007629394,0,1,0,0,1,1
165,6.611000061035158,3.2379999160766637,-6.613000392913818,1,0,0,0,0,1
165,6.334999084472658,4.119000434875492,6.514999866485596,0,0,1,0,0,1
165,5.479000091552736,-1.8149995803833008,-9.245999813079836,0,0,1,0,0,1
165,0.8430004119873065,-8.163999557495117,-7.285999774932861,0,1,0,0,0,1
165,9.458000183105467,5.084000587463379,-3.0850000381469727,0,0,1,0,0,1
165,10.247999191284181,6.948000907897949,3.097999945282936,0,1,0,0,0,1
165,8.247999191284181,-7.153999328613281,-8.889999866485596,0,0,1,0,0,1
166,0.0,0.0,0.0,0,1,0,0,0,1
166,0.8299999237060529,3.5099992752075195,4.342000007629394,0,1,0,0,1,1
166,1.6730003356933594,-4.654000282287598,-2.9439997673034677,0,1,0,0,1,1
166,6.309000015258789,1.6949996948242188,-4.903999805450442,0,0,1,0,0,1
166,7.440999984741211,6.747999191284183,-2.2710003852844247,1,0,0,0,0,1
166,4.092000007629393,5.0989990234375,8.223999977111816,0,0,0,1,0,1
166,9.077999114990234,-3.6440000534057617,-4.547999858856202,0,0,1,0,0,1
166,4.295999526977537,-9.355000257492065,-3.7669997215271005,1,0,0,0,0,1
166,10.28800010681152,8.593999862670898,1.256999969482421,0,0,1,0,0,1
166,12.139999389648434,-7.0370001792907715,-1.5460000038146982,0,0,1,0,0,1
167,0.0,0.0,0.0,0,1,0,0,0,1
167,2.622999191284178,-4.700999975204468,-0.8229999542236328,1,0,0,0,1,1
167,-1.6730003356933594,4.654000282287598,2.9439997673034677,0,1,0,0,1,1
167,7.404998779296875,1.010000228881836,-1.6040000915527344,0,0,1,0,0,1
167,4.63599967956543,6.348999977111816,-1.9600000381469744,0,0,1,0,0,1
167,6.180000305175781,-8.34199994802475,0.994999885559082,0,0,1,0,0,1
167,10.466999053955075,-2.382999897003174,1.3979997634887695,0,0,1,0,0,1
167,-0.8430004119873065,8.163999557495117,7.285999774932861,0,1,0,0,0,1
167,5.767999649047852,11.401999473571781,0.672999382019043,1,0,0,0,0,1
167,10.991998672485352,-4.79200005531311,6.2179999351501465,0,0,0,1,0,1
168,0.0,0.0,0.0,1,0,0,0,0,1
168,3.5570011138916033,-3.640999972820282,1.8179998397827148,0,0,1,0,1,1
168,-2.622999191284178,4.700999975204468,0.8229999542236328,0,1,0,0,1,1
168,4.781999588012697,5.711000204086304,-0.7810001373291016,0,0,1,0,0,1
168,7.843999862670897,2.318000078201294,2.2209997177124023,0,0,1,0,0,1
168,5.838001251220705,-6.2799999713897705,5.85599946975708,0,0,1,0,0,1
168,8.368999481201174,-0.09100008010864258,7.040999889373779,0,0,0,1,0,1
168,-4.295999526977537,9.355000257492065,3.7669997215271005,0,1,0,0,0,1
168,2.0130004882812518,11.049999952316284,-1.1370000839233416,0,0,1,0,0,1
168,7.38100051879883,-1.531000018119812,11.77899968624115,0,1,0,0,0,1
169,0.0,0.0,0.0,0,0,1,0,0,1
169,2.2810001373291016,-2.6389999985694885,4.037999629974365,0,0,1,0,1,1
169,-3.5570011138916033,3.640999972820282,-1.8179998397827148,1,0,0,0,1,1
169,4.286998748779293,5.959000051021576,0.4029998779296875,0,0,1,0,0,1
169,4.81199836730957,3.5499998927116394,5.2230000495910645,0,0,0,1,0,1
169,1.2249984741210938,9.352000176906586,-2.5989999771118164,0,0,1,0,0,1
169,-6.180000305175781,8.34199994802475,-0.994999885559082,0,1,0,0,0,1
169,3.8239994049072266,2.10999995470047,9.960999846458435,0,1,0,0,0,1
169,-0.047000885009765625,1.1979999542236328,13.932999610900879,0,1,0,0,0,1
169,-1.5440006256103516,14.690999925136566,-2.9549999237060565,0,0,1,0,0,1
170,0.0,0.0,0.0,0,0,1,0,0,1
170,-2.2810001373291016,2.6389999985694885,-4.037999629974365,0,0,1,0,1,1
170,2.5309982299804688,6.188999891281128,1.1850004196166992,0,0,0,1,0,1
170,1.542999267578125,4.7489999532699585,5.92300021648407,0,1,0,0,0,1
170,2.0059986114501918,8.598000049591064,-3.6349997520446777,0,0,1,0,0,1
170,-5.838001251220705,6.2799999713897705,-5.85599946975708,1,0,0,0,0,1
170,-2.328001022338867,3.8369999527931213,9.894999980926514,0,1,0,0,0,1
170,-1.0560016632080078,11.991000175476074,-6.636999607086182,0,0,1,0,0,1
170,-8.017001152038574,3.1839999705553055,10.960000038146973,0,1,0,0,0,1
170,-8.461000442504883,10.980999946594238,-5.032999515533447,0,1,0,0,0,1
171,0.0,0.0,0.0,1,0,0,0,0,1
171,-0.5760040283203125,6.6490020751953125,1.6049957275390625,0,0,0,1,1,1
171,-5.2469940185546875,-1.4720001220703125,4.2119903564453125,0,0,1,0,0,1
171,-0.7760009765625,-7.4799957275390625,3.800994873046875,1,0,0,0,0,1
171,0.156005859375,-4.5410003662109375,8.408996582031193,0,0,0,1,0,1
171,-9.690994262695312,-3.944000244140625,-1.652008056640625,0,0,0,1,0,1
171,-4.186004638671875,0.2190093994140625,9.871994018554716,0,0,0,1,0,1
171,3.36700439453125,-0.69000244140625,10.509994506835938,0,1,0,0,0,1
171,-6.75,-6.2809906005859375,6.740997314453125,0,0,0,1,0,1
171,5.59100341796875,3.46600341796875,12.351989746093778,1,0,0,0,0,1
172,0.0,0.0,0.0,0,0,0,1,0,1
172,0.5760040283203125,-6.6490020751953125,-1.6049957275390625,1,0,0,0,1,1
172,2.5830078125,7.0500030517578125,0.67999267578125,0,0,0,1,0,1
172,-1.9149932861328125,7.5,-2.0619964599609375,0,0,0,1,1,1
172,5.7350006103515625,5.552001953125,4.843994140625,0,1,0,0,0,1
172,-4.670989990234375,-8.121002197265625,2.60699462890625,0,0,1,0,0,1
172,-3.6100006103515625,-6.42999267578125,8.266998291015653,0,0,0,1,0,1
172,7.0579986572265625,1.89599609375,8.82499694824213,0,0,0,1,0,1
172,3.9430084228515625,-7.3390045166015625,8.904998779296875,0,1,0,0,0,1
172,-2.037994384765625,-2.535003662109375,11.893997192382812,1,0,0,0,0,1
173,0.0,0.0,0.0,0,0,0,1,0,1
173,4.4980010986328125,-0.4499969482421875,2.7419891357421875,0,0,0,1,1,1
173,1.9149932861328125,-7.5,2.0619964599609375,0,0,0,1,1,1
173,2.1510009765625,2.917999267578125,9.049987792968722,0,0,0,1,0,1
173,7.649993896484375,-1.947998046875,6.9059906005859375,0,1,0,0,0,1
173,3.147003173828125,10.695999145507812,1.274993896484375,0,0,1,0,0,1
173,1.6020050048828125,10.399993896484375,5.92498779296875,0,0,0,1,0,1
173,3.076995849609375,-0.48699951171875,13.125991821289091,1,0,0,0,0,1
173,2.490997314453125,-14.149002075195312,0.457000732421875,1,0,0,0,0,1
173,8.972991943359375,-5.60400390625,10.886993408203068,0,0,0,1,0,1
174,0.0,0.0,0.0,0,0,0,1,0,1
174,-4.4980010986328125,0.4499969482421875,-2.7419891357421875,0,0,0,1,1,1
174,3.1519927978515625,-1.4980010986328125,4.16400146484375,0,1,0,0,1,1
174,-2.3470001220703125,3.3679962158203125,6.307998657226534,0,0,0,1,0,1
174,-2.5830078125,-7.0500030517578125,-0.67999267578125,0,0,0,1,0,1
174,-1.4210052490234375,-0.0370025634765625,10.384002685546903,1,0,0,0,0,1
174,4.4749908447265625,-5.1540069580078125,8.14500427246088,0,0,0,1,0,1
174,-1.3509979248046875,11.14599609375,-1.4669952392578125,0,0,1,0,0,1
174,-2.89599609375,10.849990844726562,3.1829986572265625,0,0,0,1,0,1
174,-3.141998291015625,-4.7989959716796875,12.396011352539062,0,0,1,0,0,1
175,0.0,0.0,0.0,0,1,0,0,0,1
175,-3.1519927978515625,1.4980010986328125,-4.16400146484375,0,0,0,1,1,1
175,1.322998046875,-3.656005859375,3.9810028076171307,0,0,0,1,1,1
175,-5.498992919921875,4.865997314453125,2.143997192382784,0,0,0,1,0,1
175,-4.572998046875,1.46099853515625,6.220001220703153,1,0,0,0,0,1
175,-5.7350006103515625,-5.552001953125,-4.843994140625,0,0,0,1,0,1
175,-7.649993896484375,1.947998046875,-6.9059906005859375,0,0,0,1,0,1
175,0.4320068359375,-8.735000610351562,5.902999877929716,1,0,0,0,0,1
175,-6.2939910888671875,-3.300994873046875,8.232009887695312,0,0,1,0,0,1
175,-7.7729949951171875,-8.087005615234375,7.0500030517578125,1,0,0,0,0,1
176,0.0,0.0,0.0,0,0,0,1,0,1
176,-0.8909912109375,-5.0789947509765625,1.9219970703125853,1,0,0,0,1,1
176,-1.322998046875,3.656005859375,-3.9810028076171307,0,1,0,0,1,1
176,-5.89599609375,5.11700439453125,2.2389984130860228,1,0,0,0,0,1
176,-7.6169891357421875,0.355010986328125,4.251007080078182,0,0,1,0,0,1
176,-3.114990234375,-9.235000610351562,0.08000183105474434,0,1,0,0,0,1
176,-9.095993041992188,-4.430999755859375,3.069000244140682,1,0,0,0,0,1
176,-4.4749908447265625,5.1540069580078125,-8.14500427246088,0,0,0,1,0,1
176,-6.821990966796875,8.522003173828125,-1.8370056152343466,0,0,0,1,0,1
176,-7.0579986572265625,-1.89599609375,-8.82499694824213,0,0,0,1,0,1
177,0.0,0.0,0.0,1,0,0,0,0,1
177,-2.2239990234375,-4.156005859375,-1.841995239257841,0,1,0,0,1,1
177,0.8909912109375,5.0789947509765625,-1.9219970703125853,0,0,0,1,1,1
177,-8.205001831054688,0.6479949951171875,1.1470031738280966,1,0,0,0,0,1
177,-6.7259979248046875,5.4340057373046875,2.3290100097655966,0,0,1,0,0,1
177,-5.43499755859375,-8.007003784179688,-3.9429931640625853,0,0,0,1,0,1
177,-0.4320068359375,8.735000610351562,-5.902999877929716,0,1,0,0,0,1
177,-9.777008056640625,-3.2469940185546875,-2.4799957275390625,0,0,0,1,0,1
177,-5.0050048828125,10.195999145507812,0.3170013427734375,1,0,0,0,0,1
177,-6.1670074462890625,3.1829986572265625,-10.746994018554716,0,0,0,1,0,1
178,0.0,0.0,0.0,0,1,0,0,0,1
178,2.2239990234375,4.156005859375,1.841995239257841,1,0,0,0,1,1
178,-3.21099853515625,-3.8509979248046875,-2.1009979248047443,0,0,0,1,1,1
178,-7.553009033203125,0.9090118408203125,-0.6380004882812216,0,0,0,1,0,1
178,-5.9810028076171875,4.8040008544921875,2.9889984130859375,1,0,0,0,0,1
178,3.114990234375,9.235000610351562,-0.08000183105474434,0,0,0,1,0,1
178,-4.14300537109375,-6.7899932861328125,-6.7089996337890625,1,0,0,0,0,1
178,-8.613998413085938,-0.7819976806640625,-6.298004150390625,0,0,1,0,0,1
178,-3.36700439453125,0.69000244140625,-10.509994506835938,1,0,0,0,0,1
178,-4.5019989013671875,9.590011596679688,4.1710052490234375,0,0,1,0,0,1
179,0.0,0.0,0.0,0,0,0,1,0,1
179,3.21099853515625,3.8509979248046875,2.1009979248047443,0,1,0,0,1,1
179,-0.9320068359375,-2.938995361328125,-4.608001708984318,1,0,0,0,1,1
179,-4.342010498046875,4.760009765625,1.4629974365235228,0,0,0,1,0,1
179,-6.906005859375,-1.739990234375,-1.6679992675780682,0,0,0,1,0,1
179,-5.4029998779296875,3.069000244140625,-4.197006225585881,0,0,1,0,0,1
179,-0.156005859375,4.5410003662109375,-8.408996582031193,1,0,0,0,0,1
179,-2.7700042724609375,8.654998779296875,5.089996337890682,1,0,0,0,0,1
179,5.43499755859375,8.007003784179688,3.9429931640625853,1,0,0,0,0,1
179,-0.7320098876953125,11.19000244140625,-6.804000854492131,0,0,0,1,0,1
180,0.0,0.0,0.0,1,0,0,0,0,1
180,0.9320068359375,2.938995361328125,4.608001708984318,0,0,0,1,1,1
180,-5.9739990234375,1.199005126953125,2.94000244140625,0,0,0,1,1,1
180,-4.4709930419921875,6.00799560546875,0.4109954833984375,0,0,1,0,0,1
180,0.7760009765625,7.4799957275390625,-3.800994873046875,1,0,0,0,0,1
180,-3.410003662109375,7.699005126953125,6.070999145507841,0,0,0,1,0,1
180,4.14300537109375,6.7899932861328125,6.7089996337890625,0,1,0,0,0,1
180,-8.914993286132812,3.5359954833984375,-5.4530029296875,0,0,0,1,0,1
180,0.1999969482421875,14.128997802734375,-2.1959991455078125,0,0,0,1,0,1
180,-1.8379974365234375,11.593994140625,9.697998046875,1,0,0,0,0,1
181,0.0,0.0,0.0,0,0,0,1,0,1
181,1.5030059814453125,4.808990478515625,-2.5290069580078125,0,0,1,0,0,1
181,5.9739990234375,-1.199005126953125,-2.94000244140625,1,0,0,0,1,1
181,6.906005859375,1.739990234375,1.6679992675780682,0,0,0,1,0,1
181,2.563995361328125,6.5,3.130996704101591,0,0,0,1,0,1
181,-2.9409942626953125,2.3369903564453125,-8.39300537109375,0,0,0,1,1,1
181,6.75,6.2809906005859375,-6.740997314453125,1,0,0,0,0,1
181,10.11700439453125,5.5909881591796875,3.7689971923828125,0,1,0,0,0,1
181,4.1360015869140625,10.394989013671875,6.75799560546875,1,0,0,0,0,1
181,6.1739959716796875,12.92999267578125,-5.1360015869140625,0,0,0,1,0,1
182,0.0,0.0,0.0,0,0,0,1,0,1
182,4.444000244140625,2.4720001220703125,5.8639984130859375,0,0,1,0,1,1
182,2.9409942626953125,-2.3369903564453125,8.39300537109375,0,0,0,1,1,1
182,9.690994262695312,3.944000244140625,1.652008056640625,1,0,0,0,0,1
182,8.914993286132812,-3.5359954833984375,5.4530029296875,1,0,0,0,0,1
182,5.5049896240234375,4.1630096435546875,11.524002075195341,0,0,0,1,0,1
182,9.847000122070312,-0.5970001220703125,10.061004638671818,0,0,0,1,0,1
182,9.114990234375,10.593002319335938,3.2570037841796875,0,0,0,1,0,1
182,13.057998657226562,3.253997802734375,12.162002563476562,0,1,0,0,0,1
182,7.076995849609375,8.057998657226562,15.1510009765625,1,0,0,0,0,1
183,0.0,0.0,0.0,0,0,1,0,0,1
183,-1.5030059814453125,-4.808990478515625,2.5290069580078125,0,0,0,1,0,1
183,1.0609893798828125,1.691009521484375,5.660003662109403,0,0,0,1,1,1
183,5.2469940185546875,1.4720001220703125,-4.2119903564453125,1,0,0,0,0,1
183,5.4029998779296875,-3.069000244140625,4.197006225585881,0,0,0,1,0,1
183,4.4709930419921875,-6.00799560546875,-0.4109954833984375,1,0,0,0,0,1
183,-4.444000244140625,-2.4720001220703125,-5.8639984130859375,0,0,0,1,1,1
183,4.670989990234375,8.121002197265625,-2.60699462890625,0,0,0,1,0,1
183,8.613998413085938,0.7819976806640625,6.298004150390625,0,1,0,0,0,1
183,2.63299560546875,5.58599853515625,9.287002563476562,1,0,0,0,0,1
184,0.0,0.0,0.0,0,0,0,1,0,1
184,1.5720062255859375,3.894989013671875,3.626998901367159,1,0,0,0,1,1
184,-1.0609893798828125,-1.691009521484375,-5.660003662109403,0,0,1,0,1,1
184,4.342010498046875,-4.760009765625,-1.4629974365235228,0,0,0,1,0,1
184,7.553009033203125,-0.9090118408203125,0.6380004882812216,0,1,0,0,0,1
184,-2.563995361328125,-6.5,-3.130996704101591,0,0,0,1,0,1
184,3.410003662109375,-7.699005126953125,-6.070999145507841,1,0,0,0,0,1
184,3.0510101318359375,8.680999755859375,4.809005737304659,0,0,1,0,0,1
184,9.777008056640625,3.2469940185546875,2.4799957275390625,1,0,0,0,0,1
184,4.186004638671875,-0.2190093994140625,-9.871994018554716,1,0,0,0,0,1
185,0.0,0.0,0.0,1,0,0,0,0,1
185,1.47900390625,4.7860107421875,1.1820068359375,0,0,1,0,1,1
185,-1.5720062255859375,-3.894989013671875,-3.626998901367159,0,0,0,1,1,1
185,5.9810028076171875,-4.8040008544921875,-2.9889984130859375,0,1,0,0,0,1
185,8.205001831054688,-0.6479949951171875,-1.1470031738280966,1,0,0,0,0,1
185,3.1999969482421875,9.548004150390625,-0.8300018310546591,1,0,0,0,0,1
185,2.7700042724609375,-8.654998779296875,-5.089996337890682,0,0,0,1,0,1
185,9.095993041992188,4.430999755859375,-3.069000244140682,0,0,0,1,0,1
185,-2.63299560546875,-5.58599853515625,-9.287002563476562,0,0,1,0,0,1
185,2.037994384765625,2.535003662109375,-11.893997192382812,0,0,0,1,0,1
186,0.0,0.0,0.0,0,0,1,0,0,1
186,-1.47900390625,-4.7860107421875,-1.1820068359375,1,0,0,0,1,1
186,1.7209930419921875,4.761993408203125,-2.012008666992159,1,0,0,0,1,1
186,7.6169891357421875,-0.355010986328125,-4.251007080078182,0,0,0,1,0,1
186,6.7259979248046875,-5.4340057373046875,-2.3290100097655966,1,0,0,0,0,1
186,0.7949981689453125,8.1669921875,-6.088012695312528,0,0,0,1,0,1
186,-3.0510101318359375,-8.680999755859375,-4.809005737304659,0,0,0,1,0,1
186,6.2939910888671875,3.300994873046875,-8.232009887695312,0,1,0,0,0,1
186,4.5019989013671875,-9.590011596679688,-4.1710052490234375,0,1,0,0,0,1
186,0.558990478515625,-2.251007080078125,-13.076004028320312,0,0,0,1,0,1
187,0.0,0.0,0.0,1,0,0,0,0,1
187,-0.925994873046875,3.404998779296875,-4.076004028320369,0,0,0,1,1,1
187,-1.7209930419921875,-4.761993408203125,2.012008666992159,0,0,1,0,1,1
187,4.572998046875,-1.46099853515625,-6.220001220703153,0,1,0,0,0,1
187,5.89599609375,-5.11700439453125,-2.2389984130860228,0,0,0,1,0,1
187,-3.1999969482421875,-9.548004150390625,0.8300018310546591,1,0,0,0,0,1
187,1.4210052490234375,0.0370025634765625,-10.384002685546903,0,0,0,1,0,1
187,5.0050048828125,-10.195999145507812,-0.3170013427734375,1,0,0,0,0,1
187,-1.4749908447265625,10.886993408203125,-7.201004028320341,0,0,0,1,0,1
187,-1.1620025634765625,-7.01300048828125,-11.063995361328153,0,0,0,1,0,1
188,0.0,0.0,0.0,0,0,0,1,0,1
188,0.925994873046875,-3.404998779296875,4.076004028320369,1,0,0,0,1,1
188,2.3470001220703125,-3.3679962158203125,-6.307998657226534,0,0,0,1,0,1
188,5.498992919921875,-4.865997314453125,-2.143997192382784,0,1,0,0,0,1
188,-0.5489959716796875,7.48199462890625,-3.1249999999999716,0,0,0,1,1,1
188,-2.1510009765625,-2.917999267578125,-9.049987792968722,0,0,0,1,0,1
188,-0.7949981689453125,-8.1669921875,6.088012695312528,0,0,1,0,0,1
188,0.996002197265625,7.7779998779296875,-7.774993896484347,0,0,1,0,0,1
188,6.821990966796875,-8.522003173828125,1.8370056152343466,0,0,0,1,0,1
188,-0.2360076904296875,-10.417999267578125,-6.987991333007784,0,0,0,1,0,1
189,0.0,0.0,0.0,0,0,0,1,0,1
189,1.5449981689453125,0.2960052490234375,-4.649993896484375,0,0,1,0,1,1
189,0.5489959716796875,-7.48199462890625,3.1249999999999716,0,0,0,1,1,1
189,4.4799957275390625,3.439010620117216,-8.542999267578125,0,0,1,0,0,1
189,2.89599609375,-10.849990844726562,-3.1829986572265625,0,0,0,1,0,1
189,-1.6020050048828125,-10.399993896484375,-5.92498779296875,0,0,0,1,0,1
189,1.4749908447265625,-10.886993408203125,7.201004028320341,1,0,0,0,0,1
189,6.0479888916015625,-12.347991943359375,0.9810028076171875,0,1,0,0,0,1
189,8.795989990234375,6.444000244140625,-9.298995971679688,1,0,0,0,0,1
189,12.893997192382812,7.9250030517578125,-7.00299072265625,0,0,1,0,0,1
190,0.0,0.0,0.0,0,0,1,0,0,1
190,-1.5449981689453125,-0.2960052490234375,4.649993896484375,0,0,0,1,1,1
190,2.93499755859375,3.1430053710937784,-3.89300537109375,0,0,1,0,1,1
190,7.2509918212890625,6.1479949951171875,-4.6490020751953125,1,0,0,0,0,1
190,-0.996002197265625,-7.7779998779296875,7.774993896484347,0,0,0,1,0,1
190,-3.147003173828125,-10.695999145507812,-1.274993896484375,0,0,0,1,0,1
190,1.3509979248046875,-11.14599609375,1.4669952392578125,0,0,0,1,0,1
190,11.3489990234375,7.628997802734375,-2.352996826171875,0,0,1,0,0,1
190,4.50299072265625,-12.643997192382812,5.6309967041015625,0,1,0,0,0,1
190,-0.07000732421875,-11.182998657226562,11.850997924804716,1,0,0,0,0,1
191,0.0,0.0,0.0,0,0,1,0,0,1
191,4.3159942626953125,3.004989624023409,-0.7559967041015625,1,0,0,0,1,1
191,-2.93499755859375,-3.1430053710937784,3.89300537109375,0,0,1,0,1,1
191,8.41400146484375,4.485992431640597,1.540008544921875,0,0,1,0,0,1
191,-4.4799957275390625,-3.439010620117216,8.542999267578125,0,0,0,1,0,1
191,12.110992431640625,6.983001708984375,5.1620025634765625,0,1,0,0,0,1
191,-6.082000732421875,-13.839004516601591,2.618011474609375,0,0,0,1,0,1
191,-1.5839996337890625,-14.289001464843778,5.3600006103515625,0,0,0,1,0,1
191,-3.930999755859375,-10.921005249023466,11.667999267578097,0,0,0,1,0,1
191,1.5679931640625,-15.787002563476591,9.524002075195312,0,1,0,0,0,1
192,0.0,0.0,0.0,1,0,0,0,0,1
192,4.0980072021484375,1.4810028076171875,2.2960052490234375,0,0,1,0,1,1
192,-4.3159942626953125,-3.004989624023409,0.7559967041015625,0,0,1,0,1,1
192,7.7949981689453125,3.978012084960966,5.917999267578125,0,1,0,0,0,1
192,-7.2509918212890625,-6.1479949951171875,4.6490020751953125,0,0,1,0,0,1
192,-8.795989990234375,-6.444000244140625,9.298995971679688,0,0,0,1,0,1
192,11.781005859375028,3.8200073242187216,9.916000366210938,1,0,0,0,0,1
192,-5.899993896484375,-17.293991088867188,6.115997314453125,0,0,0,1,0,1
192,-10.397994995117188,-16.843994140625,3.3740081787109375,0,0,0,1,0,1
192,15.727005004882812,1.45001220703125,12.701995849609375,1,0,0,0,0,1
193,0.0,0.0,0.0,0,0,1,0,0,1
193,-4.0980072021484375,-1.4810028076171875,-2.2960052490234375,1,0,0,0,1,1
193,3.696990966796875,2.4970092773437784,3.6219940185546875,0,1,0,0,1,1
193,-8.41400146484375,-4.485992431640597,-1.540008544921875,0,0,1,0,0,1
193,7.682998657226591,2.339004516601534,7.6199951171875,1,0,0,0,0,1
193,-11.3489990234375,-7.628997802734375,2.352996826171875,0,0,1,0,0,1
193,11.628997802734375,-0.0309906005859375,10.405990600585938,1,0,0,0,0,1
193,-12.893997192382812,-7.9250030517578125,7.00299072265625,0,0,0,1,0,1
193,14.498001098632841,-4.514999389648466,10.99200439453125,0,1,0,0,0,1
193,16.763992309570256,-9.498992919921875,9.47698974609375,1,0,0,0,0,1
194,0.0,0.0,0.0,0,1,0,0,0,1
194,3.986007690429716,-0.15800476074224434,3.9980010986328125,1,0,0,0,1,1
194,-3.696990966796875,-2.4970092773437784,-3.6219940185546875,0,0,1,0,1,1
194,-7.7949981689453125,-3.978012084960966,-5.917999267578125,1,0,0,0,0,1
194,7.9320068359375,-2.527999877929716,6.78399658203125,1,0,0,0,0,1
194,10.801010131835966,-7.012008666992244,7.3700103759765625,0,1,0,0,0,1
194,-12.110992431640625,-6.983001708984375,-5.1620025634765625,0,0,1,0,0,1
194,-15.045989990234375,-10.126007080078153,-1.2689971923828125,0,0,1,0,0,1
194,13.06700134277338,-11.996002197265653,5.8549957275390625,1,0,0,0,0,1
194,-16.590988159179688,-10.422012329101591,3.3809967041015625,0,0,0,1,0,1
195,0.0,0.0,0.0,1,0,0,0,0,1
195,3.945999145507784,-2.3699951171874716,2.7859954833984375,1,0,0,0,1,1
195,-3.986007690429716,0.15800476074224434,-3.9980010986328125,0,1,0,0,1,1
195,6.81500244140625,-6.85400390625,3.37200927734375,0,1,0,0,0,1
195,-7.682998657226591,-2.339004516601534,-7.6199951171875,0,0,1,0,0,1
195,9.080993652343665,-11.837997436523409,1.85699462890625,1,0,0,0,0,1
195,-11.781005859375028,-3.8200073242187216,-9.916000366210938,1,0,0,0,0,1
195,11.201004028320284,-14.753997802734347,-1.9879913330078125,0,1,0,0,0,1
195,-16.09700012207034,-6.824996948242131,-9.160003662109375,0,0,1,0,0,1
195,11.793991088867188,-15.968994140624972,-7.1750030517578125,0,1,0,0,0,1
196,0.0,0.0,0.0,1,0,0,0,0,1
196,2.869003295898466,-4.484008789062528,0.5860137939453125,0,1,0,0,1,1
196,-3.945999145507784,2.3699951171874716,-2.7859954833984375,1,0,0,0,1,1
196,-7.9320068359375,2.527999877929716,-6.78399658203125,0,1,0,0,0,1
196,5.134994506835881,-9.468002319335938,-0.9290008544921875,1,0,0,0,0,1
196,7.2550048828125,-12.384002685546875,-4.77398681640625,0,1,0,0,0,1
196,-11.628997802734375,0.0309906005859375,-10.405990600585938,0,0,1,0,0,1
196,7.847991943359403,-13.5989990234375,-9.96099853515625,0,1,0,0,0,1
196,-15.727005004882812,-1.45001220703125,-12.701995849609375,1,0,0,0,0,1
196,8.621002197265625,-12.0260009765625,-15.293991088867188,0,0,0,1,0,1
197,0.0,0.0,0.0,0,1,0,0,0,1
197,-2.869003295898466,4.484008789062528,-0.5860137939453125,1,0,0,0,1,1
197,2.2659912109374147,-4.983993530273409,-1.5150146484375,1,0,0,0,1,1
197,-6.81500244140625,6.85400390625,-3.37200927734375,1,0,0,0,0,1
197,4.386001586914034,-7.899993896484347,-5.3600006103515625,0,1,0,0,0,1
197,4.9789886474609375,-9.114990234374972,-10.547012329101562,0,1,0,0,0,1
197,-10.801010131835966,7.012008666992244,-7.3700103759765625,0,1,0,0,0,1
197,5.751998901367159,-7.541992187499972,-15.8800048828125,0,0,0,1,0,1
197,-14.498001098632841,4.514999389648466,-10.99200439453125,0,0,1,0,0,1
197,7.369003295898381,-3.802993774414034,-19.614013671875,0,0,1,0,0,1
198,0.0,0.0,0.0,1,0,0,0,0,1
198,2.1200103759766193,-2.9160003662109375,-3.8449859619140625,0,1,0,0,1,1
198,-2.2659912109374147,4.983993530273409,1.5150146484375,0,1,0,0,1,1
198,2.7129974365235228,-4.1309967041015625,-9.031997680664062,0,1,0,0,0,1
198,-5.134994506835881,9.468002319335938,0.9290008544921875,1,0,0,0,0,1
198,3.4860076904297443,-2.5579986572265625,-14.364990234375,0,0,0,1,0,1
198,-9.080993652343665,11.837997436523409,-1.85699462890625,1,0,0,0,0,1
198,-13.06700134277338,11.996002197265653,-5.8549957275390625,0,1,0,0,0,1
198,5.103012084960966,1.180999755859375,-18.0989990234375,0,0,1,0,0,1
198,8.14601135253912,5.658996582031278,-18.248992919921875,1,0,0,0,0,1
199,0.0,0.0,0.0,0,1,0,0,0,1
199,-2.1200103759766193,2.9160003662109375,3.8449859619140625,1,0,0,0,1,1
199,0.5929870605469034,-1.214996337890625,-5.18701171875,0,1,0,0,1,1
199,-4.386001586914034,7.899993896484347,5.3600006103515625,0,1,0,0,0,1
199,1.365997314453125,0.358001708984375,-10.520004272460938,0,0,0,1,0,1
199,-7.2550048828125,12.384002685546875,4.77398681640625,1,0,0,0,0,1
199,2.9830017089843466,4.0970001220703125,-14.254013061523438,0,0,1,0,0,1
199,6.0260009765625,8.574996948242216,-14.404006958007812,1,0,0,0,0,1
199,-11.201004028320284,14.753997802734347,1.9879913330078125,1,0,0,0,0,1
199,8.657989501953125,13.323989868164062,-13.262008666992188,1,0,0,0,0,1
200,0.0,0.0,0.0,0,1,0,0,0,1
200,-0.5929870605469034,1.214996337890625,5.18701171875,0,1,0,0,1,1
200,0.7730102539062216,1.572998046875,-5.3329925537109375,0,0,0,1,1,1
200,-2.7129974365235228,4.1309967041015625,9.031997680664062,1,0,0,0,0,1
200,2.390014648437443,5.3119964599609375,-9.067001342773438,0,0,1,0,0,1
200,5.433013916015597,9.789993286132841,-9.216995239257812,1,0,0,0,0,1
200,-4.9789886474609375,9.114990234374972,10.547012329101562,0,1,0,0,0,1
200,8.065002441406222,14.538986206054688,-8.074996948242188,1,0,0,0,0,1
200,-7.847991943359403,13.5989990234375,9.96099853515625,1,0,0,0,0,1
200,-11.793991088867188,15.968994140624972,7.1750030517578125,1,0,0,0,0,1
201,0.0,0.0,0.0,0,0,0,1,0,1
201,1.6170043945312216,3.7389984130859375,-3.7340087890625,0,0,1,0,1,1
201,-0.7730102539062216,-1.572998046875,5.3329925537109375,0,1,0,0,1,1
201,4.660003662109375,8.216995239257841,-3.884002685546875,1,0,0,0,0,1
201,-1.365997314453125,-0.358001708984375,10.520004272460938,0,1,0,0,0,1
201,-3.4860076904297443,2.5579986572265625,14.364990234375,1,0,0,0,0,1
201,7.2919921875,12.965988159179688,-2.74200439453125,1,0,0,0,0,1
201,-5.751998901367159,7.541992187499972,15.8800048828125,0,1,0,0,0,1
201,10.518997192382841,16.295989990234318,0.114990234375,0,0,1,0,0,1
201,-8.621002197265625,12.0260009765625,15.293991088867188,1,0,0,0,0,1
202,0.0,0.0,0.0,0,0,1,0,0,1
202,3.0429992675781534,4.477996826171903,-0.149993896484375,1,0,0,0,1,1
202,-1.6170043945312216,-3.7389984130859375,3.7340087890625,0,0,0,1,1,1
202,-2.390014648437443,-5.3119964599609375,9.067001342773438,0,1,0,0,0,1
202,5.674987792968778,9.22698974609375,0.99200439453125,1,0,0,0,0,1
202,-2.9830017089843466,-4.0970001220703125,14.254013061523438,0,1,0,0,0,1
202,8.90199279785162,12.55699157714838,3.8489990234375,0,0,1,0,0,1
202,-5.103012084960966,-1.180999755859375,18.0989990234375,1,0,0,0,0,1
202,12.845993041992216,13.082000732421903,7.4130096435546875,1,0,0,0,0,1
202,-7.369003295898381,3.802993774414034,19.614013671875,0,1,0,0,0,1
203,0.0,0.0,0.0,1,0,0,0,0,1
203,-3.0429992675781534,-4.477996826171903,0.149993896484375,0,0,1,0,1,1
203,2.631988525390625,4.748992919921847,1.141998291015625,1,0,0,0,1,1
203,-4.660003662109375,-8.216995239257841,3.884002685546875,0,0,0,1,0,1
203,5.858993530273466,8.078994750976477,3.998992919921875,0,0,1,0,0,1
203,-5.433013916015597,-9.789993286132841,9.216995239257812,0,1,0,0,0,1
203,9.802993774414062,8.60400390625,7.5630035400390625,1,0,0,0,0,1
203,-6.0260009765625,-8.574996948242216,14.404006958007812,0,1,0,0,0,1
203,13.724990844726534,7.035995483398409,11.029006958007812,1,0,0,0,0,1
203,-8.14601135253912,-5.658996582031278,18.248992919921875,1,0,0,0,0,1
204,0.0,0.0,0.0,1,0,0,0,0,1
204,3.227005004882841,3.3300018310546307,2.85699462890625,0,0,1,0,1,1
204,-2.631988525390625,-4.748992919921847,-1.141998291015625,1,0,0,0,1,1
204,7.1710052490234375,3.8550109863281534,6.4210052490234375,1,0,0,0,0,1
204,-5.674987792968778,-9.22698974609375,-0.99200439453125,0,0,1,0,0,1
204,11.093002319335909,2.2870025634765625,9.887008666992188,1,0,0,0,0,1
204,-7.2919921875,-12.965988159179688,2.74200439453125,0,0,0,1,0,1
204,-8.065002441406222,-14.538986206054688,8.074996948242188,0,1,0,0,0,1
204,15.066009521484375,-0.938995361328125,11.145004272460938,0,0,1,0,0,1
204,-8.657989501953125,-13.323989868164062,13.262008666992188,0,1,0,0,0,1
205,0.0,0.0,0.0,0,0,1,0,0,1
205,3.9440002441405966,0.5250091552735228,3.5640106201171875,1,0,0,0,1,1
205,-3.227005004882841,-3.3300018310546307,-2.85699462890625,1,0,0,0,1,1
205,7.865997314453068,-1.0429992675780682,7.0300140380859375,1,0,0,0,0,1
205,-5.858993530273466,-8.078994750976477,-3.998992919921875,1,0,0,0,0,1
205,11.839004516601534,-4.268997192382756,8.288009643554688,0,0,1,0,0,1
205,-8.90199279785162,-12.55699157714838,-3.8489990234375,0,0,1,0,0,1
205,14.546997070312472,-8.46800231933588,6.7740020751953125,0,0,1,0,0,1
205,-10.518997192382841,-16.295989990234318,-0.114990234375,0,0,0,1,0,1
205,16.858001708984347,-13.039993286132756,4.0150146484375,0,1,0,0,0,1
206,0.0,0.0,0.0,1,0,0,0,0,1
206,-3.9440002441405966,-0.5250091552735228,-3.5640106201171875,0,0,1,0,1,1
206,3.9219970703124716,-1.568008422851591,3.46600341796875,1,0,0,0,1,1
206,-7.1710052490234375,-3.8550109863281534,-6.4210052490234375,1,0,0,0,0,1
206,7.8950042724609375,-4.794006347656278,4.7239990234375,0,0,1,0,0,1
206,10.602996826171875,-8.993011474609403,3.209991455078125,0,0,1,0,0,1
206,-9.802993774414062,-8.60400390625,-7.5630035400390625,1,0,0,0,0,1
206,12.91400146484375,-13.565002441406278,0.4510040283203125,0,1,0,0,0,1
206,-12.845993041992216,-13.082000732421903,-7.4130096435546875,0,0,1,0,0,1
206,15.5570068359375,-15.580001831054716,-3.8209991455078125,0,0,0,1,0,1
207,0.0,0.0,0.0,1,0,0,0,0,1
207,3.973007202148466,-3.2259979248046875,1.25799560546875,0,0,1,0,1,1
207,-3.9219970703124716,1.568008422851591,-3.46600341796875,1,0,0,0,1,1
207,6.680999755859403,-7.4250030517578125,-0.256011962890625,0,0,1,0,0,1
207,-7.865997314453068,1.0429992675780682,-7.0300140380859375,0,0,1,0,0,1
207,-11.093002319335909,-2.2870025634765625,-9.887008666992188,1,0,0,0,0,1
207,8.992004394531278,-11.996994018554688,-3.0149993896484375,0,1,0,0,0,1
207,-13.724990844726534,-7.035995483398409,-11.029006958007812,1,0,0,0,0,1
207,11.635009765625028,-14.011993408203125,-7.2870025634765625,0,0,0,1,0,1
207,-16.767990112304688,-11.513992309570312,-10.879013061523438,0,0,1,0,0,1
208,0.0,0.0,0.0,0,0,1,0,0,1
208,2.7079925537109375,-4.199005126953125,-1.514007568359375,0,0,1,0,1,1
208,-3.973007202148466,3.2259979248046875,-1.25799560546875,1,0,0,0,1,1
208,-7.8950042724609375,4.794006347656278,-4.7239990234375,1,0,0,0,0,1
208,5.0189971923828125,-8.77099609375,-4.2729949951171875,0,1,0,0,0,1
208,-11.839004516601534,4.268997192382756,-8.288009643554688,0,0,1,0,0,1
208,7.6620025634765625,-10.785995483398438,-8.544998168945312,0,0,0,1,0,1
208,-15.066009521484375,0.938995361328125,-11.145004272460938,1,0,0,0,0,1
208,-17.697998046875,-3.8099975585937216,-12.287002563476562,1,0,0,0,0,1
208,-20.740997314453153,-8.287994384765625,-12.137008666992188,0,0,1,0,0,1
209,0.0,0.0,0.0,0,0,1,0,0,1
209,-2.7079925537109375,4.199005126953125,1.514007568359375,0,0,1,0,1,1
209,2.311004638671875,-4.571990966796875,-2.7589874267578125,0,1,0,0,1,1
209,-6.680999755859403,7.4250030517578125,0.256011962890625,1,0,0,0,0,1
209,4.954010009765625,-6.5869903564453125,-7.0309906005859375,0,0,0,1,0,1
209,-10.602996826171875,8.993011474609403,-3.209991455078125,1,0,0,0,0,1
209,-14.546997070312472,8.46800231933588,-6.7740020751953125,0,0,1,0,0,1
209,-17.774002075195312,5.13800048828125,-9.630996704101562,1,0,0,0,0,1
209,-20.405990600585938,0.3890075683594034,-10.772994995117188,1,0,0,0,0,1
209,-23.44898986816409,-4.0889892578125,-10.623001098632812,0,0,1,0,0,1
210,0.0,0.0,0.0,0,1,0,0,0,1
210,2.64300537109375,-2.0149993896484375,-4.272003173828125,0,0,0,1,1,1
210,-2.311004638671875,4.571990966796875,2.7589874267578125,0,0,1,0,1,1
210,-5.0189971923828125,8.77099609375,4.2729949951171875,0,0,1,0,0,1
210,-8.992004394531278,11.996994018554688,3.0149993896484375,1,0,0,0,0,1
210,-12.91400146484375,13.565002441406278,-0.4510040283203125,1,0,0,0,0,1
210,-16.858001708984347,13.039993286132756,-4.0150146484375,0,0,1,0,0,1
210,-20.085006713867188,9.709991455078125,-6.87200927734375,1,0,0,0,0,1
210,-22.716995239257812,4.960998535156278,-8.014007568359375,1,0,0,0,0,1
210,-25.759994506835966,0.483001708984375,-7.864013671875,0,0,1,0,0,1
211,0.0,0.0,0.0,0,0,0,1,0,1
211,-2.64300537109375,2.0149993896484375,4.272003173828125,0,1,0,0,1,1
211,-4.954010009765625,6.5869903564453125,7.0309906005859375,0,0,1,0,0,1
211,-7.6620025634765625,10.785995483398438,8.544998168945312,0,0,1,0,0,1
211,-11.635009765625028,14.011993408203125,7.2870025634765625,1,0,0,0,0,1
211,-15.5570068359375,15.580001831054716,3.8209991455078125,1,0,0,0,0,1
211,-19.501007080078097,15.054992675781193,0.256988525390625,0,0,1,0,0,1
211,-22.728012084960938,11.724990844726562,-2.600006103515625,1,0,0,0,0,1
211,-25.360000610351562,6.975997924804716,-3.74200439453125,1,0,0,0,0,1
211,-28.402999877929716,2.4980010986328125,-3.592010498046875,0,0,1,0,0,1
212,0.0,0.0,0.0,0,0,1,0,0,1
212,-4.5989990234375,2.071000099182129,-1.7609996795654297,0,0,1,0,1,1
212,-7.315999984741211,4.634999752044678,-5.506999969482422,0,1,0,0,0,1
212,-3.0340003967285156,10.533999919891357,-1.4720001220703125,0,1,0,0,0,1
212,-3.6949996948242188,11.558000087738037,-6.940999984741211,0,1,0,0,0,1
212,-7.451000213623047,5.381999969482422,-11.693999767303467,0,1,0,0,0,1
212,-0.6739997863769531,10.764999866485596,-11.352999687194824,0,0,1,0,0,1
212,2.5670013427734375,8.032000064849854,-13.529999732971191,1,0,0,0,0,1
212,1.779998779296875,5.186999797821045,-16.57099974155426,1,0,0,0,0,1
212,-1.1269989013671875,-0.7459999918937683,-18.335999727249146,0,0,1,0,0,1
213,0.0,0.0,0.0,0,0,1,0,0,1
213,-2.717000961303711,2.563999652862549,-3.746000289916992,0,1,0,0,1,1
213,4.5989990234375,-2.071000099182129,1.7609996795654297,0,0,1,0,1,1
213,1.5649986267089844,8.462999820709229,0.2889995574951172,0,1,0,0,0,1
213,0.9039993286132812,9.486999988555908,-5.180000305175781,0,1,0,0,0,1
213,-2.852001190185547,3.310999870300293,-9.933000087738037,0,1,0,0,0,1
213,3.924999237060547,8.693999767303467,-9.592000007629395,0,0,1,0,0,1
213,7.1660003662109375,5.960999965667725,-11.769000053405762,1,0,0,0,0,1
213,-3.487001419067383,1.560999870300293,-15.243000030517578,0,0,0,1,0,1
213,6.378997802734375,3.115999698638916,-14.81000006198883,1,0,0,0,0,1
214,0.0,0.0,0.0,0,1,0,0,0,1
214,2.717000961303711,-2.563999652862549,3.746000289916992,0,0,1,0,1,1
214,-0.13500022888183594,0.7470002174377441,-6.186999797821045,0,1,0,0,1,1
214,3.621000289916992,6.923000335693359,-1.434000015258789,0,1,0,0,0,1
214,4.281999588012695,5.89900016784668,4.034999847412109,0,1,0,0,0,1
214,7.315999984741211,-4.634999752044678,5.506999969482422,0,0,1,0,0,1
214,6.642000198364258,6.130000114440918,-5.845999717712402,0,0,1,0,0,1
214,-0.7700004577636719,-1.0029997825622559,-11.496999740600586,0,0,0,1,0,1
214,9.883001327514648,3.397000312805176,-8.02299976348877,1,0,0,0,0,1
214,9.095998764038086,0.5520000457763672,-11.063999772071838,1,0,0,0,0,1
215,0.0,0.0,0.0,0,1,0,0,0,1
215,-0.6350002288818359,-1.75,-5.309999942779542,0,0,0,1,1,1
215,0.13500022888183594,-0.7470002174377441,6.186999797821045,0,1,0,0,1,1
215,3.756000518798828,6.176000118255615,4.752999782562256,0,1,0,0,0,1
215,6.777000427246094,5.382999897003174,0.34100008010864213,0,0,1,0,0,1
215,9.230998992919922,-0.19500017166137695,-4.8769999742507935,1,0,0,0,0,1
215,10.018001556396484,2.6500000953674316,-1.835999965667725,1,0,0,0,0,1
215,-0.7469997406005824,-6.1700000166893005,-8.787000179290771,0,0,1,0,0,1
215,2.852001190185547,-3.310999870300293,9.933000087738037,0,0,1,0,0,1
215,6.324001312255859,-6.12799996137619,-6.641999959945679,0,0,1,0,0,1
216,0.0,0.0,0.0,0,0,0,1,0,1
216,-0.11199951171874645,-4.4200000166893005,-3.4770002365112305,0,0,1,0,1,1
216,0.6350002288818359,1.75,5.309999942779542,0,1,0,0,1,1
216,6.959001541137695,-4.37799996137619,-1.3320000171661375,0,0,1,0,0,1
216,9.865999221801758,1.554999828338623,0.4329999685287478,1,0,0,0,0,1
216,-0.3289985656738281,-9.683000087738037,-5.229000091552734,1,0,0,0,0,1
216,5.74200248718261,-9.210000038146973,-2.20300006866455,1,0,0,0,0,1
216,0.7700004577636719,1.0029997825622559,11.496999740600586,0,1,0,0,0,1
216,7.41200065612793,7.132999897003174,5.651000022888184,0,0,1,0,0,1
216,10.65300178527832,4.400000095367432,3.4739999771118164,1,0,0,0,0,1
217,0.0,0.0,0.0,0,0,1,0,0,1
217,-0.21699905395508168,-5.263000071048737,-1.751999855041504,1,0,0,0,1,1
217,0.11199951171874645,4.4200000166893005,3.4770002365112305,0,0,0,1,1,1
217,7.071001052856442,0.04200005531311046,2.1450002193450928,0,0,1,0,0,1
217,5.8540019989013565,-4.790000021457672,1.2740001678466801,1,0,0,0,0,1
217,0.7469997406005824,6.1700000166893005,8.787000179290771,0,1,0,0,0,1
217,3.725000381469723,-9.806999742984772,2.445000171661377,0,1,0,0,0,1
217,-1.7360000610351598,-10.789999544620514,-1.8299999237060547,0,0,1,0,0,1
217,9.977998733520504,5.974999845027924,3.910000205039978,1,0,0,0,0,1
217,-6.055000305175785,-12.679000437259674,-0.016999721527100498,0,0,1,0,0,1
218,0.0,0.0,0.0,1,0,0,0,0,1
218,0.21699905395508168,5.263000071048737,1.751999855041504,0,0,1,0,1,1
218,-1.5190010070800781,-5.526999473571777,-0.07800006866455078,0,0,1,0,1,1
218,6.071001052856438,0.473000049591064,3.026000022888184,1,0,0,0,0,1
218,3.9419994354248047,-4.543999671936035,4.197000026702881,0,1,0,0,0,1
218,-5.838001251220703,-7.4160003662109375,1.7350001335144034,0,0,1,0,0,1
218,7.288000106811523,5.305000126361847,3.8970000743865967,0,0,1,0,0,1
218,1.3059997558593714,-7.906000137329102,7.220000088214874,0,0,0,1,0,1
218,0.3289985656738281,9.683000087738037,5.229000091552734,0,0,0,1,0,1
218,-2.585000991821289,-10.911999702453613,9.575999975204468,0,1,0,0,0,1
219,0.0,0.0,0.0,0,0,1,0,0,1
219,-4.319000244140625,-1.8890008926391602,1.8130002021789542,0,0,1,0,1,1
219,1.5190010070800781,5.526999473571777,0.07800006866455078,1,0,0,0,1,1
219,5.461000442504883,0.9829998016357422,4.275000095367432,0,1,0,0,0,1
219,2.8250007629394496,-2.379000663757324,7.298000156879425,0,0,0,1,0,1
219,7.590002059936516,5.999999523162842,3.104000091552735,1,0,0,0,0,1
219,1.7360000610351598,10.789999544620514,1.8299999237060547,0,0,1,0,0,1
219,-1.065999984741211,-5.385000228881836,9.654000043869019,0,1,0,0,0,1
219,-11.101999282836914,-3.3990001678466797,2.0620002746582022,1,0,0,0,0,1
219,-6.003999710083004,-5.616000175476074,9.855000257492065,1,0,0,0,0,1
220,0.0,0.0,0.0,0,0,1,0,0,1
220,4.319000244140625,1.8890008926391602,-1.8130002021789542,0,0,1,0,1,1
220,-6.782999038696289,-1.5099992752075195,0.24900007247924805,1,0,0,0,1,1
220,-5.696998596191406,-1.8399991989135742,5.346999943256379,0,0,1,0,0,1
220,7.144001007080075,-0.48999977111816406,5.484999954700471,0,0,0,1,0,1
220,-1.6849994659423793,-3.726999282836914,8.04200005531311,1,0,0,0,0,1
220,3.253000259399414,-3.495999336242676,7.840999841690064,0,1,0,0,0,1
220,5.838001251220703,7.4160003662109375,-1.7350001335144034,1,0,0,0,0,1
220,9.780000686645508,2.8720006942749023,2.4619998931884775,0,1,0,0,0,1
220,6.055000305175785,12.679000437259674,0.016999721527100498,0,0,1,0,0,1
221,0.0,0.0,0.0,1,0,0,0,0,1
221,1.0860004425048828,-0.3299999237060547,5.097999870777131,0,0,1,0,1,1
221,6.782999038696289,1.5099992752075195,-0.24900007247924805,0,0,1,0,1,1
221,5.09799957275391,-2.2170000076293945,7.792999982833863,1,0,0,0,0,1
221,11.101999282836914,3.3990001678466797,-2.0620002746582022,0,0,1,0,0,1
221,10.035999298095703,-1.9860000610351562,7.591999769210816,0,1,0,0,0,1
221,13.927000045776364,1.0199995040893555,5.235999882221223,0,0,0,1,0,1
221,12.621000289916992,8.925999641418457,-1.9840002059936515,1,0,0,0,0,1
221,16.562999725341797,4.381999969482422,2.2129998207092294,0,1,0,0,0,1
221,12.837999343872074,14.188999712467194,-0.23200035095214755,0,0,1,0,0,1
222,0.0,0.0,0.0,0,0,1,0,0,1
222,4.011999130249027,-1.8870000839233398,2.695000112056732,1,0,0,0,1,1
222,-1.0860004425048828,0.3299999237060547,-5.097999870777131,1,0,0,0,1,1
222,5.696998596191406,1.8399991989135742,-5.346999943256379,0,0,1,0,0,1
222,8.94999885559082,-1.6560001373291016,2.4939998984336853,0,1,0,0,0,1
222,10.015998840332031,3.7290000915527344,-7.160000145435333,0,0,1,0,0,1
222,12.84099960327148,1.3499994277954102,0.13800001144409182,0,0,0,1,0,1
222,11.53499984741211,9.255999565124512,-7.0820000767707825,1,0,0,0,0,1
222,15.476999282836914,4.711999893188477,-2.8850000500679016,0,1,0,0,0,1
222,11.751998901367191,14.518999636173248,-5.330000221729279,0,0,1,0,0,1
223,0.0,0.0,0.0,1,0,0,0,0,1
223,4.937999725341793,0.23099994659423828,-0.20100021362304688,0,1,0,0,1,1
223,-4.011999130249027,1.8870000839233398,-2.695000112056732,0,0,1,0,1,1
223,1.6849994659423793,3.726999282836914,-8.04200005531311,0,0,1,0,0,1
223,-5.09799957275391,2.2170000076293945,-7.792999982833863,1,0,0,0,0,1
223,8.829000473022454,3.23699951171875,-2.5570001006126404,0,0,0,1,0,1
223,6.003999710083004,5.616000175476074,-9.855000257492065,0,0,1,0,0,1
223,11.465000152587887,6.598999977111816,-5.580000162124634,0,1,0,0,0,1
223,7.523000717163082,11.142999649047852,-9.777000188827515,1,0,0,0,0,1
223,13.59400177001952,11.615999698638916,-6.751000165939331,1,0,0,0,0,1
224,0.0,0.0,0.0,0,1,0,0,0,1
224,-4.937999725341793,-0.23099994659423828,0.20100021362304688,1,0,0,0,1,1
224,3.8910007476806605,3.0059995651245117,-2.3559998869895935,0,0,0,1,1,1
224,-3.253000259399414,3.495999336242676,-7.840999841690064,0,0,1,0,0,1
224,-8.94999885559082,1.6560001373291016,-2.4939998984336853,0,0,1,0,0,1
224,6.527000427246094,6.368000030517578,-5.378999948501587,0,1,0,0,0,1
224,1.065999984741211,5.385000228881836,-9.654000043869019,0,0,1,0,0,1
224,-10.035999298095703,1.9860000610351562,-7.591999769210816,1,0,0,0,0,1
224,2.585000991821289,10.911999702453613,-9.575999975204468,1,0,0,0,0,1
224,8.656002044677727,11.384999752044678,-6.549999952316284,1,0,0,0,0,1
225,0.0,0.0,0.0,0,0,0,1,0,1
225,2.6359996795654332,3.3620004653930664,-3.0230000615119934,0,1,0,0,1,1
225,-3.8910007476806605,-3.0059995651245117,2.3559998869895935,0,1,0,0,1,1
225,-2.8250007629394496,2.379000663757324,-7.298000156879425,0,0,1,0,0,1
225,-7.144001007080075,0.48999977111816406,-5.484999954700471,0,0,1,0,0,1
225,-8.829000473022454,-3.23699951171875,2.5570001006126404,1,0,0,0,0,1
225,4.765001296997067,8.379000186920166,-4.194000065326691,1,0,0,0,0,1
225,-1.3059997558593714,7.906000137329102,-7.220000088214874,1,0,0,0,0,1
225,-12.84099960327148,-1.3499994277954102,-0.13800001144409182,0,0,1,0,0,1
225,-1.0890007019042898,13.169000208377838,-5.46800023317337,0,0,1,0,0,1
226,0.0,0.0,0.0,0,1,0,0,0,1
226,-2.6359996795654332,-3.3620004653930664,3.0230000615119934,0,0,0,1,1,1
226,2.1290016174316335,5.0169997215271,-1.1710000038146968,1,0,0,0,1,1
226,-5.461000442504883,-0.9829998016357422,-4.275000095367432,0,0,1,0,0,1
226,-3.9419994354248047,4.543999671936035,-4.197000026702881,1,0,0,0,0,1
226,3.3460006713867188,9.848999798297882,-0.2999999523162842,0,0,1,0,0,1
226,-9.780000686645508,-2.8720006942749023,-2.4619998931884775,0,0,1,0,0,1
226,-6.527000427246094,-6.368000030517578,5.378999948501587,0,1,0,0,0,1
226,-3.725000381469723,9.806999742984772,-2.445000171661377,0,0,1,0,0,1
226,-11.465000152587887,-6.598999977111816,5.580000162124634,1,0,0,0,0,1
227,0.0,0.0,0.0,1,0,0,0,0,1
227,1.2169990539550852,4.8320000767707825,0.8710000514984126,0,0,1,0,1,1
227,-2.1290016174316335,-5.0169997215271,1.1710000038146968,0,1,0,0,1,1
227,-6.071001052856438,-0.473000049591064,-3.026000022888184,1,0,0,0,0,1
227,-5.8540019989013565,4.790000021457672,-1.2740001678466801,0,0,1,0,0,1
227,-7.590002059936516,-5.999999523162842,-3.104000091552735,0,0,1,0,0,1
227,-4.765001296997067,-8.379000186920166,4.194000065326691,0,0,0,1,0,1
227,-5.74200248718261,9.210000038146973,2.20300006866455,0,0,0,1,0,1
227,4.123996734619148,10.764999866485596,2.636000037193298,1,0,0,0,0,1
227,-5.107002258300774,10.960000038146973,7.513000011444092,0,1,0,0,0,1
228,0.0,0.0,0.0,0,0,1,0,0,1
228,-1.2169990539550852,-4.8320000767707825,-0.8710000514984126,1,0,0,0,1,1
228,2.9069976806640625,5.932999789714813,1.7649999856948853,1,0,0,0,1,1
228,-7.071001052856442,-0.04200005531311046,-2.1450002193450928,0,0,1,0,0,1
228,-6.959001541137695,4.37799996137619,1.3320000171661375,0,0,0,1,0,1
228,-7.288000106811523,-5.305000126361847,-3.8970000743865967,1,0,0,0,0,1
228,-3.3460006713867188,-9.848999798297882,0.2999999523162842,0,1,0,0,0,1
228,3.694000244140625,8.778000056743622,4.805999994277954,1,0,0,0,0,1
228,-6.324001312255859,6.12799996137619,6.641999959945679,0,1,0,0,0,1
228,0.4529991149902344,11.510999858379364,6.983000040054321,0,0,1,0,0,1
229,0.0,0.0,0.0,1,0,0,0,0,1
229,0.7870025634765625,2.8450002670288086,3.041000008583069,1,0,0,0,1,1
229,-2.9069976806640625,-5.932999789714813,-1.7649999856948853,0,0,1,0,1,1
229,-2.453998565673828,5.578000068664551,5.218000054359436,0,0,1,0,0,1
229,-9.865999221801758,-1.554999828338623,-0.4329999685287478,0,0,0,1,0,1
229,-9.230998992919922,0.19500017166137695,4.8769999742507935,0,1,0,0,0,1
229,-4.123996734619148,-10.764999866485596,-2.636000037193298,1,0,0,0,0,1
229,-9.977998733520504,-5.974999845027924,-3.910000205039978,0,0,1,0,0,1
229,-5.474998474121094,6.371000289916992,9.62999975681305,0,1,0,0,0,1
229,-9.095998764038086,-0.5520000457763672,11.063999772071838,0,1,0,0,0,1
230,0.0,0.0,0.0,1,0,0,0,0,1
230,-0.7870025634765625,-2.8450002670288086,-3.041000008583069,1,0,0,0,1,1
230,-3.2410011291503906,2.732999801635742,2.177000045776367,0,0,1,0,1,1
230,-6.262001037597656,3.5260000228881836,6.5889997482299805,0,1,0,0,0,1
230,-10.018001556396484,-2.6500000953674316,1.835999965667725,0,1,0,0,0,1
230,-3.694000244140625,-8.778000056743622,-4.805999994277954,0,0,1,0,0,1
230,-10.65300178527832,-4.400000095367432,-3.4739999771118164,0,0,0,1,0,1
230,-9.883001327514648,-3.397000312805176,8.02299976348877,0,1,0,0,0,1
230,-5.601001739501953,2.501999855041504,12.057999610900879,0,1,0,0,0,1
230,-7.1660003662109375,-5.960999965667725,11.769000053405762,0,0,1,0,0,1
231,0.0,0.0,0.0,0,0,1,0,0,1
231,3.2410011291503906,-2.732999801635742,-2.177000045776367,1,0,0,0,1,1
231,-3.0209999084472656,0.7930002212524414,4.411999702453613,0,1,0,0,1,1
231,2.453998565673828,-5.578000068664551,-5.218000054359436,1,0,0,0,0,1
231,-6.777000427246094,-5.382999897003174,-0.34100008010864213,0,1,0,0,0,1
231,-2.3600006103515625,-0.23099994659423828,9.880999565124512,0,1,0,0,0,1
231,-6.642000198364258,-6.130000114440918,5.845999717712402,0,1,0,0,0,1
231,-7.41200065612793,-7.132999897003174,-5.651000022888184,0,0,0,1,0,1
231,-0.4529991149902344,-11.510999858379364,-6.983000040054321,0,0,1,0,0,1
231,-3.924999237060547,-8.693999767303467,9.592000007629395,0,0,1,0,0,1
232,0.0,0.0,0.0,0,1,0,0,0,1
232,3.0209999084472656,-0.7930002212524414,-4.411999702453613,0,0,1,0,1,1
232,0.6609992980957031,-1.0240001678466797,5.468999862670898,0,1,0,0,1,1
232,-3.621000289916992,-6.923000335693359,1.434000015258789,0,1,0,0,0,1
232,-3.756000518798828,-6.176000118255615,-4.752999782562256,0,1,0,0,0,1
232,6.262001037597656,-3.5260000228881836,-6.5889997482299805,1,0,0,0,0,1
232,-0.9039993286132812,-9.486999988555908,5.180000305175781,0,0,1,0,0,1
232,5.474998474121094,-6.371000289916992,-9.62999975681305,1,0,0,0,0,1
232,-4.391000747680664,-7.926000118255615,-10.062999725341797,0,0,0,1,0,1
232,3.6949996948242188,-11.558000087738037,6.940999984741211,0,0,1,0,0,1
233,0.0,0.0,0.0,0,1,0,0,0,1
233,-0.6609992980957031,1.0240001678466797,-5.468999862670898,0,1,0,0,1,1
233,-4.281999588012695,-5.89900016784668,-4.034999847412109,0,1,0,0,0,1
233,-1.5649986267089844,-8.462999820709229,-0.2889995574951172,0,0,1,0,0,1
233,2.3600006103515625,0.23099994659423828,-9.880999565124512,0,0,1,0,0,1
233,3.0340003967285156,-10.533999919891357,1.4720001220703125,0,0,1,0,0,1
233,-4.416999816894531,-5.1519999504089355,-10.221999645233154,0,1,0,0,0,1
233,5.601001739501953,-2.501999855041504,-12.057999610900879,1,0,0,0,0,1
233,4.813999176025391,-5.3470001220703125,-15.098999619483948,1,0,0,0,0,1
233,-5.052000045776367,-6.9019999504089355,-15.531999588012695,0,0,0,1,0,1
234,0.0,0.0,0.0,1,0,0,0,0,1
234,-2.8600006103515625,1.3640022277832031,-6.3339996337890625,0,0,0,1,1,1
234,-5.581001281738281,6.104999542236328,-5.394004821777344,0,0,0,1,0,1
234,-4.16400146484375,6.256999969482422,-12.007003784179688,0,0,0,1,0,1
234,-7.47700119018554,13.314002990722656,-11.702003479003906,0,0,0,1,0,1
234,-2.8790016174316406,16.735000610351562,-10.445999145507812,0,0,0,1,0,1
234,3.01300048828125,20.23100280761718,-5.881004333496094,0,0,1,0,0,1
234,9.157997131347656,24.472000122070312,2.3219985961914062,0,1,0,0,0,1
234,3.5260009765625,25.248001098632812,-6.480003356933594,0,0,0,1,0,1
234,6.810997009277344,25.774002075195312,7.240997314453125,0,0,1,0,0,1
235,0.0,0.0,0.0,0,0,0,1,0,1
235,-2.7210006713867188,4.740997314453125,0.9399948120117188,0,0,0,1,1,1
235,2.8600006103515625,-1.3640022277832031,6.3339996337890625,1,0,0,0,1,1
235,-1.3040008544921875,4.892997741699219,-5.673004150390625,0,0,0,1,0,1
235,-4.617000579833977,11.950000762939453,-5.368003845214844,0,0,0,1,0,1
235,-0.019001007080078125,15.37099838256836,-4.11199951171875,0,0,0,1,0,1
235,5.8730010986328125,18.867000579833977,0.45299530029296875,0,0,1,0,0,1
235,6.3860015869140625,23.88399887084961,-0.14600372314453125,0,0,0,1,0,1
235,5.7989959716796875,15.890998840332031,-20.269001007080078,0,0,0,1,0,1
235,12.017997741699219,23.10799789428711,8.655998229980469,0,1,0,0,0,1
236,0.0,0.0,0.0,0,0,0,1,0,1
236,2.7210006713867188,-4.740997314453125,-0.9399948120117188,0,0,0,1,1,1
236,1.4169998168945312,0.15200042724609375,-6.612998962402344,0,0,0,1,1,1
236,-1.8959999084472585,7.209003448486328,-6.3079986572265625,0,0,0,1,0,1
236,5.581001281738281,-6.104999542236328,5.394004821777344,1,0,0,0,0,1
236,2.7019996643066406,10.630001068115234,-5.051994323730469,0,0,0,1,0,1
236,8.594001770019531,14.126003265380852,-0.48699951171875,0,0,1,0,0,1
236,9.107002258300781,19.143001556396484,-1.08599853515625,0,0,0,1,0,1
236,8.807998657226562,22.27300262451172,-4.668998718261719,0,0,1,0,0,1
236,14.738998413085938,18.367000579833984,7.71600341796875,0,1,0,0,0,1
237,0.0,0.0,0.0,0,0,0,1,0,1
237,-1.4169998168945312,-0.15200042724609375,6.612998962402344,0,0,0,1,1,1
237,1.3040008544921875,-4.892997741699219,5.673004150390625,0,0,0,1,0,1
237,-3.3129997253417898,7.057003021240234,0.30500030517578125,0,0,0,1,1,1
237,1.2849998474121094,10.47800064086914,1.561004638671875,0,0,0,1,0,1
237,4.16400146484375,-6.256999969482422,12.007003784179688,1,0,0,0,0,1
237,7.177001953125,13.974002838134759,6.125999450683594,0,0,1,0,0,1
237,7.102996826171875,10.998001098632812,-14.595996856689453,0,0,0,1,0,1
237,7.69000244140625,18.99100112915039,5.527000427246094,0,0,0,1,0,1
237,7.390998840332031,22.121002197265625,1.944000244140625,0,0,1,0,0,1
238,0.0,0.0,0.0,0,0,0,1,0,1
238,4.597999572753899,3.4209976196289062,1.2560043334960938,0,0,0,1,1,1
238,3.3129997253417898,-7.057003021240234,-0.30500030517578125,0,0,0,1,1,1
238,1.8959999084472585,-7.209003448486328,6.3079986572265625,0,0,0,1,0,1
238,10.49000167846679,6.916999816894524,5.8209991455078125,0,0,1,0,0,1
238,4.617000579833977,-11.950000762939453,5.368003845214844,0,0,0,1,0,1
238,11.00300216674804,11.933998107910156,5.2220001220703125,0,0,0,1,0,1
238,10.703998565673821,15.06399917602539,1.6389999389648438,0,0,1,0,0,1
238,10.415996551513665,3.940998077392578,-14.900997161865234,0,0,0,1,0,1
238,7.47700119018554,-13.314002990722656,11.702003479003906,1,0,0,0,0,1
239,0.0,0.0,0.0,0,0,0,1,0,1
239,-4.597999572753899,-3.4209976196289062,-1.2560043334960938,0,0,0,1,1,1
239,5.892002105712891,3.496002197265618,4.564994812011719,0,0,1,0,1,1
239,-1.2849998474121094,-10.47800064086914,-1.561004638671875,0,0,0,1,0,1
239,6.405002593994141,8.51300048828125,3.9659957885742188,0,0,0,1,0,1
239,-2.7019996643066406,-10.630001068115234,5.051994323730469,0,0,0,1,0,1
239,6.105998992919922,11.643001556396484,0.38299560546875,0,0,1,0,0,1
239,0.019001007080078125,-15.37099838256836,4.11199951171875,0,0,0,1,0,1
239,13.920001983642578,9.805999755859382,1.9639968872070312,0,1,0,0,0,1
239,5.817996978759766,0.5200004577636719,-16.157001495361328,0,0,0,1,0,1
240,0.0,0.0,0.0,0,0,1,0,0,1
240,0.51300048828125,5.016998291015632,-0.5989990234375,0,0,0,1,1,1
240,-5.892002105712891,-3.496002197265618,-4.564994812011719,0,0,0,1,1,1
240,0.21399688720703125,8.146999359130866,-4.181999206542969,0,0,1,0,0,1
240,8.027999877929688,6.309997558593764,-2.6009979248046875,0,1,0,0,0,1
240,6.144996643066406,4.240997314453132,8.2030029296875,0,1,0,0,0,1
240,10.062995910644531,4.831996917724609,5.402000427246094,0,0,1,0,0,1
240,7.904998779296875,7.648998260498054,-7.644996643066406,1,0,0,0,0,1
240,-10.49000167846679,-6.916999816894524,-5.8209991455078125,0,0,0,1,0,1
240,3.7979965209960938,5.542999267578132,13.122001647949219,0,0,1,0,0,1
241,0.0,0.0,0.0,0,0,0,1,0,1
241,-0.29900360107421875,3.1300010681152344,-3.5830001831054688,0,0,1,0,1,1
241,-0.51300048828125,-5.016998291015632,0.5989990234375,0,0,1,0,1,1
241,7.5149993896484375,1.292999267578132,-2.0019989013671875,0,1,0,0,0,1
241,5.631996154785156,-0.7760009765625,8.802001953125,0,1,0,0,0,1
241,7.391998291015625,2.631999969482422,-7.045997619628906,1,0,0,0,0,1
241,1.33599853515625,6.886997222900391,-7.9160003662109375,0,1,0,0,0,1
241,9.549995422363281,-0.18500137329102273,6.000999450683594,0,0,1,0,0,1
241,-6.405002593994141,-8.51300048828125,-3.9659957885742188,0,0,0,1,0,1
241,5.75,2.5800018310546875,-12.315998077392578,0,1,0,0,0,1
242,0.0,0.0,0.0,0,0,1,0,0,1
242,0.29900360107421875,-3.1300010681152344,3.5830001831054688,0,0,0,1,1,1
242,1.6350021362304688,3.7569961547851562,-4.333000183105469,0,1,0,0,1,1
242,7.814002990722656,-1.8370018005371023,1.5810012817382812,0,1,0,0,0,1
242,7.691001892089844,-0.4980010986328125,-3.4629974365234375,1,0,0,0,0,1
242,-0.21399688720703125,-8.146999359130866,4.181999206542969,0,0,1,0,0,1
242,6.049003601074219,-0.5499992370605469,-8.73299789428711,0,1,0,0,0,1
242,1.0800018310546875,5.777000427246094,-9.798000335693366,0,1,0,0,0,1
242,-6.105998992919922,-11.643001556396484,-0.38299560546875,0,0,0,1,0,1
242,9.8489990234375,-3.315002441406257,9.583999633789062,0,0,1,0,0,1
243,0.0,0.0,0.0,0,1,0,0,0,1
243,-0.5550003051757812,2.0200042724609375,-5.465000152587898,0,1,0,0,1,1
243,-1.6350021362304688,-3.7569961547851562,4.333000183105469,0,0,1,0,1,1
243,6.055999755859375,-4.254997253417969,0.8700027465820312,1,0,0,0,0,1
243,4.41400146484375,-4.306995391845703,-4.399997711181641,0,1,0,0,0,1
243,6.1790008544921875,-5.5939979553222585,5.91400146484375,0,1,0,0,0,1
243,-1.33599853515625,-6.886997222900391,7.9160003662109375,0,0,0,1,0,1
243,2.08599853515625,-4.515998840332031,-9.342998504638672,0,0,1,0,0,1
243,-4.243999481201172,2.8440017700195312,-10.036998748779297,0,1,0,0,0,1
243,-2.668998718261726,-6.426998138427734,-12.007999420166016,0,0,1,0,0,1
244,0.0,0.0,0.0,0,1,0,0,0,1
244,0.5550003051757812,-2.0200042724609375,5.465000152587898,0,1,0,0,1,1
244,-3.6889991760253906,0.8239974975585938,-4.571998596191399,0,1,0,0,1,1
244,2.6409988403320312,-6.536003112792969,-3.877998352050774,0,0,1,0,0,1
244,4.969001770019531,-6.326999664306641,1.065002441406257,0,1,0,0,0,1
244,-2.1139984130859446,-8.447002410888672,-6.542999267578118,0,0,1,0,0,1
244,-8.78499984741211,-4.663002014160156,-4.64899826049804,0,1,0,0,0,1
244,6.611000061035156,-6.275001525878906,6.335002899169929,1,0,0,0,0,1
244,-1.0800018310546875,-5.777000427246094,9.798000335693366,0,0,1,0,0,1
244,-6.272998809814453,-8.972000122070312,-7.883998870849602,0,0,1,0,0,1
245,0.0,0.0,0.0,0,1,0,0,0,1
245,3.6889991760253906,-0.8239974975585938,4.571998596191399,0,1,0,0,1,1
245,-5.096000671386719,-5.48699951171875,-0.07699966430664062,0,1,0,0,0,1
245,-4.8300018310546875,5.3379974365234375,-4.193000793457031,1,0,0,0,1,1
245,-5.467002868652344,-1.0149993896484375,-7.069999694824219,0,0,0,1,0,1
245,1.575000762939446,-9.270999908447266,-1.9710006713867188,0,0,1,0,0,1
245,6.329998016357422,-7.3600006103515625,0.694000244140625,0,0,1,0,0,1
245,-2.5839996337890625,-9.795997619628906,-3.312000274658203,0,0,1,0,0,1
245,4.243999481201172,-2.8440017700195312,10.036998748779297,0,1,0,0,0,1
245,8.658000946044922,-7.150997161865234,5.637001037597656,0,1,0,0,0,1
246,0.0,0.0,0.0,1,0,0,0,0,1
246,-0.6370010375976562,-6.352996826171875,-2.8769989013671875,0,0,0,1,1,1
246,4.8300018310546875,-5.3379974365234375,4.193000793457031,0,1,0,0,1,1
246,-0.26599884033203125,-10.824996948242188,4.116001129150391,0,1,0,0,0,1
246,8.519001007080078,-6.161994934082031,8.76499938964843,0,1,0,0,0,1
246,2.246002197265625,-15.133995056152344,0.8810005187988281,0,0,1,0,0,1
246,6.4050025939941335,-14.608997344970703,2.2220001220703125,0,0,1,0,0,1
246,11.15999984741211,-12.697998046875,4.887001037597656,0,0,1,0,0,1
246,9.07400131225586,-8.181999206542969,14.229999542236328,0,1,0,0,0,1
246,6.828998565673828,-17.887996673583977,-2.940998077392578,0,0,0,1,0,1
247,0.0,0.0,0.0,0,0,0,1,0,1
247,0.6370010375976562,6.352996826171875,2.8769989013671875,1,0,0,0,1,1
247,0.371002197265625,-4.4720001220703125,6.993000030517578,0,1,0,0,1,1
247,5.467002868652344,1.0149993896484375,7.069999694824219,0,1,0,0,0,1
247,2.8830032348632812,-8.780998229980469,3.7579994201660156,0,0,1,0,0,1
247,7.04200363159179,-8.256000518798828,5.0989990234375,0,0,1,0,0,1
247,7.465999603271484,-11.534999847412102,-0.06399917602539062,0,0,0,1,0,1
247,9.156002044677734,0.19100189208984375,11.641998291015618,0,1,0,0,0,1
247,11.797000885009766,-6.345001220703125,7.763999938964844,0,0,1,0,0,1
247,7.787998199462891,-16.708999633789062,4.900001525878906,0,0,0,1,0,1
248,0.0,0.0,0.0,0,1,0,0,0,1
248,2.5120010375976562,-4.308998107910156,-3.2350006103515625,0,0,1,0,1,1
248,5.096000671386719,5.48699951171875,0.07699966430664062,0,1,0,0,0,1
248,6.671001434326165,-3.7840003967285156,-1.8940010070800781,0,0,1,0,0,1
248,-0.371002197265625,4.4720001220703125,-6.993000030517578,0,0,0,1,1,1
248,8.78499984741211,4.663002014160156,4.64899826049804,0,1,0,0,0,1
248,0.26599884033203125,10.824996948242188,-4.116001129150391,1,0,0,0,0,1
248,11.42599868774414,-1.8730010986328125,0.7709999084472656,0,0,1,0,0,1
248,7.094997406005859,-7.06299972534179,-7.056999206542969,0,0,0,1,0,1
248,9.34000015258789,2.6429977416992188,10.113998413085938,0,1,0,0,0,1
249,0.0,0.0,0.0,0,0,1,0,0,1
249,4.1590003967285085,0.5249977111816406,1.3409996032714844,0,0,1,0,0,1
249,-2.5120010375976562,4.308998107910156,3.2350006103515625,0,1,0,0,1,1
249,4.582996368408203,-2.7540016174316335,-3.8219985961914062,0,0,0,1,1,1
249,4.904994964599609,-7.928001403808594,1.1420021057128906,0,0,0,1,0,1
249,-2.8830032348632812,8.780998229980469,-3.7579994201660156,0,0,0,1,0,1
249,8.913997650146484,2.4359970092773438,4.006000518798828,0,0,1,0,0,1
249,2.5839996337890625,9.795997619628906,3.312000274658203,0,1,0,0,0,1
249,6.272998809814453,8.972000122070312,7.883998870849602,0,1,0,0,0,1
249,11.242000579833984,2.645000457763672,8.94900131225586,0,1,0,0,0,1
250,0.0,0.0,0.0,0,0,0,1,0,1
250,-0.4239959716796946,3.278999328613274,5.162998199462891,0,0,1,0,0,1
250,-4.582996368408203,2.7540016174316335,3.8219985961914062,0,0,1,0,1,1
250,0.32199859619140625,-5.17399978637696,4.964000701904297,0,0,0,1,1,1
250,4.331001281738281,5.189998626708977,7.827999114990234,0,0,1,0,0,1
250,-7.094997406005859,7.06299972534179,7.056999206542969,0,1,0,0,0,1
250,-7.465999603271484,11.534999847412102,0.06399917602539062,0,0,0,1,0,1
250,-1.9989967346191406,12.54999923706054,7.133998870849609,0,1,0,0,0,1
250,6.659004211425781,5.399002075195305,12.770999908447266,0,1,0,0,0,1
250,1.69000244140625,11.726001739501946,11.705997467041009,0,1,0,0,0,1
251,0.0,0.0,0.0,0,0,0,1,0,1
251,-0.32199859619140625,5.17399978637696,-4.964000701904297,0,0,0,1,1,1
251,-0.7459945678711009,8.452999114990234,0.19899749755859375,0,0,1,0,1,1
251,-4.904994964599609,7.928001403808594,-1.1420021057128906,0,0,1,0,0,1
251,4.009002685546875,10.363998413085938,2.8639984130859375,0,0,1,0,0,1
251,-7.416996002197266,12.23699951171875,2.092998504638672,0,1,0,0,0,1
251,6.337005615234375,10.573001861572266,7.806999206542969,0,1,0,0,0,1
251,-5.817996978759766,-0.5200004577636719,16.157001495361328,0,0,0,1,0,1
251,-2.320995330810547,17.7239990234375,2.1699981689453125,0,1,0,0,0,1
251,1.3680038452148438,16.900001525878906,6.741996765136712,0,1,0,0,0,1
252,0.0,0.0,0.0,0,0,1,0,0,1
252,-4.1590003967285085,-0.5249977111816406,-1.3409996032714844,0,0,1,0,0,1
252,4.754997253417976,1.9109992980957031,2.6650009155273438,0,0,1,0,1,1
252,0.4239959716796946,-3.278999328613274,-5.162998199462891,0,0,0,1,0,1
252,-6.671001434326165,3.7840003967285156,1.8940010070800781,0,1,0,0,0,1
252,0.7459945678711009,-8.452999114990234,-0.19899749755859375,0,0,0,1,1,1
252,-1.575000762939446,9.270999908447266,1.9710006713867188,0,1,0,0,0,1
252,7.083000183105476,2.1200027465820312,7.608001708984375,0,1,0,0,0,1
252,2.1139984130859446,8.447002410888672,6.542999267578118,0,1,0,0,0,1
252,-7.04200363159179,8.256000518798828,-5.0989990234375,0,0,0,1,0,1
253,0.0,0.0,0.0,0,0,1,0,0,1
253,2.3280029296875,0.20900344848632812,4.943000793457031,0,1,0,0,1,1
253,-4.754997253417976,-1.9109992980957031,-2.6650009155273438,0,0,1,0,1,1
253,-2.6409988403320312,6.536003112792969,3.877998352050774,0,1,0,0,0,1
253,-6.329998016357422,7.3600006103515625,-0.694000244140625,0,1,0,0,0,1
253,-8.913997650146484,-2.4359970092773438,-4.006000518798828,0,0,1,0,0,1
253,-4.331001281738281,-5.189998626708977,-7.827999114990234,0,0,0,1,0,1
253,-2.08599853515625,4.515998840332031,9.342998504638672,0,1,0,0,0,1
253,3.970001220703125,0.2610015869140625,10.213001251220703,1,0,0,0,0,1
253,-4.009002685546875,-10.363998413085938,-2.8639984130859375,0,0,0,1,0,1
254,0.0,0.0,0.0,0,1,0,0,0,1
254,-2.3280029296875,-0.20900344848632812,-4.943000793457031,0,0,1,0,1,1
254,1.641998291015625,0.051998138427734375,5.270000457763672,1,0,0,0,1,1
254,-4.41400146484375,4.306995391845703,4.399997711181641,0,1,0,0,0,1
254,-4.969001770019531,6.326999664306641,-1.065002441406257,0,1,0,0,0,1
254,1.7649993896484375,-1.2870025634765554,10.31399917602539,0,1,0,0,0,1
254,-7.083000183105476,-2.1200027465820312,-7.608001708984375,0,0,1,0,0,1
254,-6.049003601074219,0.5499992370605469,8.73299789428711,0,0,1,0,0,1
254,-8.658000946044922,7.150997161865234,-5.637001037597656,0,1,0,0,0,1
254,-5.75,-2.5800018310546875,12.315998077392578,0,0,0,1,0,1
255,0.0,0.0,0.0,1,0,0,0,0,1
255,0.1230010986328125,-1.3390007019042898,5.043998718261719,0,1,0,0,1,1
255,-1.641998291015625,-0.051998138427734375,-5.270000457763672,0,1,0,0,1,1
255,-6.055999755859375,4.254997253417969,-0.8700027465820312,0,1,0,0,0,1
255,-7.691001892089844,0.4980010986328125,3.4629974365234375,0,0,1,0,0,1
255,-7.391998291015625,-2.631999969482422,7.045997619628906,0,0,0,1,0,1
255,-3.970001220703125,-0.2610015869140625,-10.213001251220703,0,0,1,0,0,1
255,-6.611000061035156,6.275001525878906,-6.335002899169929,0,1,0,0,0,1
255,-7.904998779296875,-7.648998260498054,7.644996643066406,0,0,1,0,0,1
255,2.1579971313476562,-2.8170013427734446,13.0469970703125,0,0,1,0,0,1
256,0.0,0.0,0.0,0,1,0,0,0,1
256,-0.1230010986328125,1.3390007019042898,-5.043998718261719,1,0,0,0,1,1
256,-7.5149993896484375,-1.292999267578132,2.0019989013671875,0,0,0,1,0,1
256,-7.814002990722656,1.8370018005371023,-1.5810012817382812,0,0,1,0,0,1
256,2.0349960327148438,-1.4780006408691548,8.002998352050781,0,0,1,0,1,1
256,-6.1790008544921875,5.5939979553222585,-5.91400146484375,0,1,0,0,0,1
256,-8.027999877929688,-6.309997558593764,2.6009979248046875,0,0,1,0,0,1
256,-1.7649993896484375,1.2870025634765554,-10.31399917602539,0,1,0,0,0,1
256,-1.8830032348632812,-2.069000244140632,10.804000854492188,0,1,0,0,0,1
256,-6.734001159667969,7.614002227783196,-11.379001617431648,0,1,0,0,0,1
257,0.0,0.0,0.0,0,0,1,0,0,1
257,-3.917999267578125,-0.5909996032714773,2.8010025024414062,0,1,0,0,1,1
257,-2.0349960327148438,1.4780006408691548,-8.002998352050781,0,1,0,0,1,1
257,-6.2649993896484375,0.7110023498535227,7.720001220703125,0,0,1,0,0,1
257,-9.549995422363281,0.18500137329102273,-6.000999450683594,0,0,0,1,0,1
257,-10.062995910644531,-4.831996917724609,-5.402000427246094,0,0,1,0,0,1
257,-2.1579971313476562,2.8170013427734446,-13.0469970703125,1,0,0,0,0,1
257,-9.8489990234375,3.315002441406257,-9.583999633789062,0,0,1,0,0,1
257,-6.941993713378906,3.559001922607436,12.287002563476562,0,0,0,1,0,1
257,-8.213996887207031,7.071998596191413,-13.916999816894531,0,1,0,0,0,1
258,0.0,0.0,0.0,0,1,0,0,0,1
258,3.917999267578125,0.5909996032714773,-2.8010025024414062,0,0,1,0,1,1
258,-2.3470001220703125,1.302001953125,4.918998718261719,0,0,1,0,1,1
258,-5.631996154785156,0.7760009765625,-8.802001953125,0,0,0,1,0,1
258,-3.0239944458007812,4.150001525878913,9.486000061035156,0,0,0,1,0,1
258,-6.144996643066406,-4.240997314453132,-8.2030029296875,0,0,1,0,0,1
258,1.8830032348632812,2.069000244140632,-10.804000854492188,0,1,0,0,0,1
258,-5.930999755859375,3.9060020446777344,-12.385002136230469,0,0,1,0,0,1
258,-2.2949981689453125,8.673999786376953,11.814002990722656,0,0,1,0,0,1
258,1.7600021362304688,3.408000946044922,-15.847999572753906,1,0,0,0,0,1
259,0.0,0.0,0.0,0,0,1,0,0,1
259,-0.6769943237304688,2.8479995727539134,4.5670013427734375,0,0,0,1,1,1
259,2.3470001220703125,-1.302001953125,-4.918998718261719,0,1,0,0,1,1
259,6.2649993896484375,-0.7110023498535227,-7.720001220703125,0,0,1,0,0,1
259,0.052001953125,7.371997833251953,6.8950042724609375,0,0,1,0,0,1
259,-3.2849960327148438,-0.5260009765625,-13.721000671386719,0,0,0,1,0,1
259,1.246002197265625,11.821002960205078,7.7870025634765625,0,1,0,0,0,1
259,-3.7979965209960938,-5.542999267578132,-13.122001647949219,0,0,1,0,0,1
259,4.230003356933594,0.7669982910156321,-15.722999572753906,0,1,0,0,0,1
259,-3.5839996337890625,2.6040000915527344,-17.304000854492188,0,0,1,0,0,1
260,0.0,0.0,0.0,0,0,0,1,0,1
260,0.7289962768554688,4.52399826049804,2.3280029296875,0,0,1,0,1,1
260,0.6769943237304688,-2.8479995727539134,-4.5670013427734375,0,0,1,0,1,1
260,1.9229965209960938,8.973003387451165,3.220001220703125,0,1,0,0,0,1
260,3.0239944458007812,-4.150001525878913,-9.486000061035156,0,1,0,0,0,1
260,4.5709991455078125,13.301998138427727,2.0,0,0,0,1,0,1
260,6.941993713378906,-3.559001922607436,-12.287002563476562,0,0,1,0,0,1
260,-2.608001708984375,-3.3740005493164134,-18.288002014160156,0,0,0,1,0,1
260,6.5059967041015625,17.60499954223632,-1.2750015258789062,0,0,1,0,0,1
260,-3.121002197265625,-8.390998840332045,-17.689002990722656,0,0,1,0,0,1
261,0.0,0.0,0.0,0,0,1,0,0,1
261,1.194000244140625,4.449005126953125,0.891998291015625,0,1,0,0,1,1
261,-0.7289962768554688,-4.52399826049804,-2.3280029296875,0,0,0,1,1,1
261,3.8420028686523438,8.777999877929688,-0.3280029296875,0,0,0,1,0,1
261,-0.052001953125,-7.371997833251953,-6.8950042724609375,0,0,1,0,0,1
261,5.777000427246094,13.081001281738281,-3.6030044555664062,0,0,1,0,0,1
261,2.2949981689453125,-8.673999786376953,-11.814002990722656,0,1,0,0,0,1
261,6.2129974365234375,-8.083000183105476,-14.615005493164062,0,0,1,0,0,1
261,5.010002136230469,16.38500213623047,-7.366004943847656,0,0,1,0,0,1
261,1.5400009155273438,18.145004272460938,-10.550003051757812,1,0,0,0,0,1
262,0.0,0.0,0.0,0,1,0,0,0,1
262,-1.194000244140625,-4.449005126953125,-0.891998291015625,0,0,1,0,1,1
262,2.6480026245117188,4.3289947509765625,-1.220001220703125,0,0,0,1,1,1
262,-1.9229965209960938,-8.973003387451165,-3.220001220703125,0,0,0,1,0,1
262,4.583000183105469,8.631996154785156,-4.495002746582031,0,0,1,0,0,1
262,-1.246002197265625,-11.821002960205078,-7.7870025634765625,0,0,1,0,0,1
262,3.8160018920898438,11.935997009277344,-8.258003234863281,0,0,1,0,0,1
262,0.34600067138671875,13.695999145507812,-11.442001342773438,1,0,0,0,0,1
262,1.1009979248046875,-13.123004913330078,-12.706001281738281,0,1,0,0,0,1
262,-4.094001770019531,13.937995910644531,-14.355003356933594,0,0,0,1,0,1
263,0.0,0.0,0.0,0,0,0,1,0,1
263,-2.6480026245117188,-4.3289947509765625,1.220001220703125,0,1,0,0,1,1
263,1.93499755859375,4.303001403808594,-3.2750015258789062,0,0,1,0,1,1
263,-3.8420028686523438,-8.777999877929688,0.3280029296875,0,0,1,0,0,1
263,1.167999267578125,7.607002258300781,-7.038002014160156,0,0,1,0,0,1
263,-2.302001953125,9.36700439453125,-10.222000122070312,1,0,0,0,0,1
263,-4.5709991455078125,-13.301998138427727,-2.0,0,0,0,1,0,1
263,-6.74200439453125,9.609001159667969,-13.135002136230469,0,0,0,1,0,1
263,-3.8940048217773438,-16.14999771118164,-6.5670013427734375,0,0,1,0,0,1
263,-1.5470046997070312,-17.45199966430664,-11.486000061035156,0,1,0,0,0,1
264,0.0,0.0,0.0,0,0,1,0,0,1
264,-0.766998291015625,3.3040008544921875,-3.76300048828125,0,0,1,0,1,1
264,-1.93499755859375,-4.303001403808594,3.2750015258789062,0,0,0,1,1,1
264,-4.23699951171875,5.064002990722656,-6.946998596191406,1,0,0,0,0,1
264,-4.583000183105469,-8.631996154785156,4.495002746582031,0,1,0,0,0,1
264,-8.677001953125,5.305999755859375,-9.860000610351562,0,0,0,1,0,1
264,-5.777000427246094,-13.081001281738281,3.6030044555664062,0,0,1,0,0,1
264,-13.868000030517578,5.515998840332031,-10.912002563476562,0,0,0,1,0,1
264,-6.5059967041015625,-17.60499954223632,1.2750015258789062,0,0,0,1,0,1
264,-5.829002380371094,-20.452999114990234,-3.2919998168945312,0,0,1,0,0,1
265,0.0,0.0,0.0,0,0,1,0,0,1
265,-3.470001220703125,1.7600021362304688,-3.1839981079101562,1,0,0,0,1,1
265,0.766998291015625,-3.3040008544921875,3.76300048828125,0,0,1,0,1,1
265,-7.910003662109375,2.0019989013671875,-6.0970001220703125,0,0,0,1,0,1
265,-1.167999267578125,-7.607002258300781,7.038002014160156,0,0,0,1,0,1
265,-3.8160018920898438,-11.935997009277344,8.258003234863281,0,1,0,0,0,1
265,-13.101001739501953,2.2119979858398438,-7.1490020751953125,0,0,0,1,0,1
265,-5.010002136230469,-16.38500213623047,7.366004943847656,0,0,1,0,0,1
265,-18.230003356933594,4.3170013427734375,-5.958000183105469,0,0,1,0,0,1
265,-5.7389984130859375,-20.90900039672851,5.038002014160156,0,0,0,1,0,1
266,0.0,0.0,0.0,1,0,0,0,0,1
266,3.470001220703125,-1.7600021362304688,3.1839981079101562,0,0,1,0,1,1
266,-4.44000244140625,0.24199676513671875,-2.9130020141601562,0,0,0,1,1,1
266,4.23699951171875,-5.064002990722656,6.946998596191406,0,0,1,0,0,1
266,-9.631000518798828,0.451995849609375,-3.9650039672851562,0,0,0,1,0,1
266,2.302001953125,-9.36700439453125,10.222000122070312,0,0,0,1,0,1
266,-14.760002136230469,2.5569992065429688,-2.7740020751953125,0,0,1,0,0,1
266,-0.34600067138671875,-13.695999145507812,11.442001342773438,0,1,0,0,0,1
266,-18.02899932861328,6.019996643066406,0.25699615478515625,0,1,0,0,0,1
266,-18.183002471923828,10.003997802734375,3.404998779296875,0,0,0,1,0,1
267,0.0,0.0,0.0,0,0,0,1,0,1
267,-5.190998077392578,0.20999908447265625,-1.052001953125,0,0,0,1,1,1
267,4.44000244140625,-0.24199676513671875,2.9130020141601562,1,0,0,0,1,1
267,7.910003662109375,-2.0019989013671875,6.0970001220703125,0,0,1,0,0,1
267,-10.319999694824219,2.31500244140625,0.13899993896484375,0,0,1,0,0,1
267,8.677001953125,-5.305999755859375,9.860000610351562,0,0,1,0,0,1
267,-13.588996887207031,5.7779998779296875,3.1699981689453125,0,1,0,0,0,1
267,6.74200439453125,-9.609001159667969,13.135002136230469,0,0,0,1,0,1
267,-13.743000030517578,9.762001037597656,6.318000793457031,0,0,0,1,0,1
267,4.094001770019531,-13.937995910644531,14.355003356933594,0,1,0,0,0,1
268,0.0,0.0,0.0,0,0,0,1,0,1
268,5.190998077392578,-0.20999908447265625,1.052001953125,0,0,0,1,1,1
268,-5.129001617431641,2.1050033569335938,1.1910018920898438,0,0,1,0,1,1
268,9.631000518798828,-0.451995849609375,3.9650039672851562,1,0,0,0,0,1
268,-8.397998809814453,5.568000793457031,4.2220001220703125,0,1,0,0,0,1
268,-8.552001953125,9.552001953125,7.370002746582031,0,0,0,1,0,1
268,13.101001739501953,-2.2119979858398438,7.1490020751953125,0,0,1,0,0,1
268,13.868000030517578,-5.515998840332031,10.912002563476562,0,0,1,0,0,1
268,-6.642002105712891,13.909004211425781,10.363006591796875,0,0,0,1,0,1
268,-3.1389999389648438,17.75800323486328,10.645004272460938,0,1,0,0,0,1
269,0.0,0.0,0.0,0,0,1,0,0,1
269,-3.2689971923828125,3.4629974365234375,3.0309982299804688,0,1,0,0,1,1
269,5.129001617431641,-2.1050033569335938,-1.1910018920898438,0,0,0,1,1,1
269,-3.4230003356933594,7.446998596191406,6.1790008544921875,0,0,0,1,0,1
269,10.319999694824219,-2.31500244140625,-0.13899993896484375,0,0,0,1,0,1
269,-1.51300048828125,11.804000854492188,9.172004699707031,0,0,0,1,0,1
269,14.760002136230469,-2.5569992065429688,2.7740020751953125,1,0,0,0,0,1
269,1.9900016784667969,15.652999877929688,9.454002380371094,0,1,0,0,0,1
269,18.230003356933594,-4.3170013427734375,5.958000183105469,0,0,1,0,0,1
269,5.658000946044922,18.845001220703125,7.529998779296875,0,0,1,0,0,1
270,0.0,0.0,0.0,0,1,0,0,0,1
270,-0.15400314331054688,3.9840011596679688,3.1480026245117188,0,0,0,1,1,1
270,3.2689971923828125,-3.4629974365234375,-3.0309982299804688,0,0,1,0,1,1
270,1.7559967041015625,8.34100341796875,6.1410064697265625,0,0,0,1,0,1
270,8.397998809814453,-5.568000793457031,-4.2220001220703125,0,0,0,1,0,1
270,5.258998870849609,12.19000244140625,6.423004150390625,0,1,0,0,0,1
270,13.588996887207031,-5.7779998779296875,-3.1699981689453125,0,0,0,1,0,1
270,8.926998138427734,15.382003784179688,4.499000549316406,0,0,1,0,0,1
270,18.02899932861328,-6.019996643066406,-0.25699615478515625,1,0,0,0,0,1
270,11.729999542236328,17.48699951171875,0.7800064086914062,1,0,0,0,0,1
271,0.0,0.0,0.0,0,0,0,1,0,1
271,0.15400314331054688,-3.9840011596679688,-3.1480026245117188,0,1,0,0,1,1
271,1.9099998474121094,4.357002258300781,2.9930038452148438,0,0,0,1,1,1
271,3.4230003356933594,-7.446998596191406,-6.1790008544921875,0,0,1,0,0,1
271,5.413002014160156,8.206001281738281,3.2750015258789062,0,1,0,0,0,1
271,9.081001281738281,11.398002624511719,1.3509979248046875,0,0,1,0,0,1
271,8.552001953125,-9.552001953125,-7.370002746582031,0,0,0,1,0,1
271,13.743000030517578,-9.762001037597656,-6.318000793457031,0,0,0,1,0,1
271,11.884002685546875,13.502998352050781,-2.3679962158203125,1,0,0,0,0,1
271,12.923999786376953,14.290000915527344,-7.5370025634765625,0,0,0,1,0,1
272,0.0,0.0,0.0,0,0,0,1,0,1
272,3.503002166748047,3.8489990234375,0.2819976806640625,0,1,0,0,1,1
272,-1.9099998474121094,-4.357002258300781,-2.9930038452148438,0,0,0,1,1,1
272,7.171001434326172,7.0410003662109375,-1.6420059204101562,0,0,1,0,0,1
272,-1.7559967041015625,-8.34100341796875,-6.1410064697265625,0,1,0,0,0,1
272,9.974002838134766,9.14599609375,-5.361000061035156,1,0,0,0,0,1
272,1.51300048828125,-11.804000854492188,-9.172004699707031,0,0,1,0,0,1
272,11.013999938964844,9.932998657226562,-10.530006408691406,0,0,0,1,0,1
272,6.642002105712891,-13.909004211425781,-10.363006591796875,0,0,0,1,0,1
272,11.833000183105469,-14.119003295898438,-9.311004638671875,0,0,0,1,0,1
273,0.0,0.0,0.0,0,1,0,0,0,1
273,-3.503002166748047,-3.8489990234375,-0.2819976806640625,0,0,0,1,1,1
273,3.667999267578125,3.1920013427734375,-1.9240036010742188,0,0,1,0,1,1
273,6.471000671386719,5.2969970703125,-5.642997741699219,1,0,0,0,0,1
273,-5.413002014160156,-8.206001281738281,-3.2750015258789062,0,0,0,1,0,1
273,7.510997772216797,6.0839996337890625,-10.812004089355469,0,0,0,1,0,1
273,-5.258998870849609,-12.19000244140625,-6.423004150390625,0,1,0,0,0,1
273,-1.9900016784667969,-15.652999877929688,-9.454002380371094,0,0,1,0,0,1
273,6.069000244140625,7.758995056152344,-16.339004516601562,0,0,1,0,0,1
273,3.1389999389648438,-17.75800323486328,-10.645004272460938,0,0,0,1,0,1
274,0.0,0.0,0.0,0,0,1,0,0,1
274,2.8030014038085938,2.1049957275390625,-3.718994140625,1,0,0,0,1,1
274,-3.667999267578125,-3.1920013427734375,1.9240036010742188,0,1,0,0,1,1
274,3.842998504638672,2.891998291015625,-8.88800048828125,0,0,0,1,0,1
274,-7.171001434326172,-7.0410003662109375,1.6420059204101562,0,0,0,1,0,1
274,-9.081001281738281,-11.398002624511719,-1.3509979248046875,0,0,0,1,0,1
274,2.4010009765625,4.566993713378906,-14.415000915527344,0,0,1,0,0,1
274,-8.926998138427734,-15.382003784179688,-4.499000549316406,0,1,0,0,0,1
274,-1.0810012817382812,6.661994934082031,-17.512001037597656,0,0,1,0,0,1
274,-5.658000946044922,-18.845001220703125,-7.529998779296875,0,0,1,0,0,1
275,0.0,0.0,0.0,1,0,0,0,0,1
275,-2.8030014038085938,-2.1049957275390625,3.718994140625,0,0,1,0,1,1
275,1.0399971008300781,0.7870025634765625,-5.16900634765625,0,0,0,1,1,1
275,-6.471000671386719,-5.2969970703125,5.642997741699219,0,1,0,0,0,1
275,-0.40200042724609375,2.4619979858398438,-10.696006774902344,0,0,1,0,0,1
275,-9.974002838134766,-9.14599609375,5.361000061035156,0,0,0,1,0,1
275,-3.884002685546875,4.556999206542969,-13.793006896972656,0,0,1,0,0,1
275,-11.884002685546875,-13.502998352050781,2.3679962158203125,0,0,0,1,0,1
275,-8.5260009765625,5.8349990844726705,-16.71600341796875,0,0,0,1,0,1
275,-11.729999542236328,-17.48699951171875,-0.7800064086914062,0,1,0,0,0,1
276,0.0,0.0,0.0,0,0,0,1,0,1
276,-1.0399971008300781,-0.7870025634765625,5.16900634765625,1,0,0,0,1,1
276,-1.4419975280761719,1.6749954223632812,-5.527000427246094,0,0,1,0,1,1
276,-3.842998504638672,-2.891998291015625,8.88800048828125,0,0,1,0,0,1
276,-4.923999786376953,3.7699966430664062,-8.624000549316406,0,0,1,0,0,1
276,-7.510997772216797,-6.0839996337890625,10.812004089355469,0,1,0,0,0,1
276,-9.565998077392578,5.047996520996108,-11.5469970703125,0,0,0,1,0,1
276,-11.013999938964844,-9.932998657226562,10.530006408691406,0,0,0,1,0,1
276,-13.798999786376953,7.633995056152344,-10.644996643066406,0,1,0,0,0,1
276,-12.923999786376953,-14.290000915527344,7.5370025634765625,0,0,0,1,0,1
277,0.0,0.0,0.0,0,0,1,0,0,1
277,-3.4820022583007812,2.095001220703125,-3.0970001220703125,0,0,1,0,1,1
277,1.4419975280761719,-1.6749954223632812,5.527000427246094,0,0,0,1,1,1
277,-8.124000549316406,3.3730010986328267,-6.019996643066406,0,0,0,1,0,1
277,0.40200042724609375,-2.4619979858398438,10.696006774902344,1,0,0,0,0,1
277,-12.357002258300781,5.9589996337890625,-5.1179962158203125,0,1,0,0,0,1
277,-2.4010009765625,-4.566993713378906,14.415000915527344,0,0,1,0,0,1
277,-6.069000244140625,-7.758995056152344,16.339004516601562,0,1,0,0,0,1
277,-16.394001007080078,10.672004699707017,-3.3979949951171875,0,0,0,1,0,1
277,-9.572002410888672,-11.607994079589844,16.0570068359375,0,0,0,1,0,1
278,0.0,0.0,0.0,0,0,1,0,0,1
278,3.4820022583007812,-2.095001220703125,3.0970001220703125,0,0,1,0,1,1
278,-4.641998291015625,1.2779998779297017,-2.9229965209960938,0,0,0,1,1,1
278,-8.875,3.8639984130859375,-2.02099609375,0,1,0,0,0,1
278,4.923999786376953,-3.7699966430664062,8.624000549316406,0,0,0,1,0,1
278,3.884002685546875,-4.556999206542969,13.793006896972656,1,0,0,0,0,1
278,-12.911998748779297,8.577003479003892,-0.300994873046875,0,0,0,1,0,1
278,1.0810012817382812,-6.661994934082031,17.512001037597656,0,0,1,0,0,1
278,-8.393997192382812,16.876007080078125,2.9560012817382812,0,1,0,0,0,1
278,-13.229999542236335,15.456008911132812,0.6810073852539062,0,0,1,0,0,1
279,0.0,0.0,0.0,0,0,0,1,0,1
279,-4.233001708984375,2.585998535156236,0.9020004272460938,0,1,0,0,1,1
279,4.641998291015625,-1.2779998779297017,2.9229965209960938,0,0,1,0,1,1
279,8.124000549316406,-3.3730010986328267,6.019996643066406,0,0,1,0,0,1
279,-8.270000457763672,7.29900360107419,2.6220016479492188,0,0,0,1,0,1
279,9.565998077392578,-5.047996520996108,11.5469970703125,0,0,0,1,0,1
279,-8.58800125122071,14.17800903320311,3.60400390625,0,0,1,0,0,1
279,-3.7519989013671875,15.598007202148423,5.878997802734375,0,1,0,0,0,1
279,8.5260009765625,-5.8349990844726705,16.71600341796875,1,0,0,0,0,1
279,5.722999572753906,-7.939994812011733,20.43499755859375,0,0,1,0,0,1
280,0.0,0.0,0.0,0,1,0,0,0,1
280,4.233001708984375,-2.585998535156236,-0.9020004272460938,0,0,0,1,1,1
280,-4.036998748779297,4.7130050659179545,1.720001220703125,0,0,0,1,1,1
280,8.875,-3.8639984130859375,2.02099609375,0,0,1,0,0,1
280,-4.354999542236335,11.592010498046875,2.7020034790039062,0,0,1,0,0,1
280,0.4810028076171875,13.012008666992188,4.976997375488281,0,1,0,0,0,1
280,12.357002258300781,-5.9589996337890625,5.1179962158203125,0,0,1,0,0,1
280,13.798999786376953,-7.633995056152344,10.644996643066406,0,0,0,1,0,1
280,12.759002685546875,-8.420997619628906,15.814002990722656,1,0,0,0,0,1
280,9.956001281738281,-10.525993347167969,19.532997131347656,0,0,1,0,0,1
281,0.0,0.0,0.0,0,0,0,1,0,1
281,4.036998748779297,-4.7130050659179545,-1.720001220703125,0,1,0,0,1,1
281,-0.31800079345703836,6.8790054321289205,0.9820022583007812,0,0,1,0,1,1
281,4.518001556396484,8.299003601074233,3.2569961547851562,0,1,0,0,0,1
281,8.270000457763672,-7.29900360107419,-2.6220016479492188,0,0,0,1,0,1
281,12.911998748779297,-8.577003479003892,0.300994873046875,0,0,1,0,0,1
281,16.394001007080078,-10.672004699707017,3.3979949951171875,0,0,1,0,0,1
281,17.83599853515625,-12.347000122070298,8.924995422363281,0,0,0,1,0,1
281,16.796001434326172,-13.13400268554686,14.094001770019531,1,0,0,0,0,1
281,13.993000030517578,-15.238998413085923,17.81299591064453,0,0,1,0,0,1
282,0.0,0.0,0.0,0,0,1,0,0,1
282,4.836002349853523,1.4199981689453125,2.274993896484375,0,1,0,0,1,1
282,0.31800079345703836,-6.8790054321289205,-0.9820022583007812,0,0,0,1,1,1
282,4.354999542236335,-11.592010498046875,-2.7020034790039062,0,1,0,0,0,1
282,8.58800125122071,-14.17800903320311,-3.60400390625,0,0,0,1,0,1
282,13.229999542236335,-15.456008911132812,-0.6810073852539062,0,0,1,0,0,1
282,16.712001800537116,-17.551010131835938,2.4159927368164062,0,0,1,0,0,1
282,18.15399932861329,-19.22600555419922,7.9429931640625,0,0,0,1,0,1
282,17.11400222778321,-20.01300811767578,13.11199951171875,1,0,0,0,0,1
282,14.311000823974616,-22.118003845214844,16.83099365234375,0,0,1,0,0,1
283,0.0,0.0,0.0,0,1,0,0,0,1
283,-4.836002349853523,-1.4199981689453125,-2.274993896484375,0,0,1,0,1,1
283,-4.518001556396484,-8.299003601074233,-3.2569961547851562,0,0,0,1,0,1
283,-0.4810028076171875,-13.012008666992188,-4.976997375488281,0,1,0,0,0,1
283,3.7519989013671875,-15.598007202148423,-5.878997802734375,0,0,0,1,0,1
283,8.393997192382812,-16.876007080078125,-2.9560012817382812,0,0,1,0,0,1
283,11.875999450683594,-18.97100830078125,0.14099884033203125,0,0,1,0,0,1
283,13.317996978759766,-20.64600372314453,5.667999267578125,0,0,0,1,0,1
283,12.277999877929688,-21.433006286621094,10.837005615234375,1,0,0,0,0,1
283,9.474998474121094,-23.538002014160156,14.555999755859375,0,0,1,0,0,1
284,0.0,0.0,0.0,0,0,0,1,0,1
284,0.6510009765624716,-2.083984375,-4.8489990234375,0,1,0,0,1,1
284,3.4179992675780966,6.67901611328125,-3.8289794921875,0,0,1,0,0,1
284,2.1620025634765625,9.32501220703125,0.5360107421875,0,1,0,0,0,1
284,3.447998046874943,-4.902984619140625,-8.417999267578125,0,1,0,0,0,1
284,7.113998413085909,2.384002685546875,-7.407989501953125,1,0,0,0,0,1
284,10.865997314453097,-0.962005615234375,-7.97998046875,0,0,1,0,0,1
284,7.0830078125,-8.95098876953125,-9.118988037109375,0,0,1,0,0,1
284,13.787002563476534,-5.264984130859375,-5.9329833984375,0,0,1,0,0,1
284,-2.957992553710966,16.15301513671875,3.22601318359375,0,1,0,0,0,1
285,0.0,0.0,0.0,0,1,0,0,0,1
285,-0.6510009765624716,2.083984375,4.8489990234375,0,0,0,1,1,1
285,2.7969970703124716,-2.819000244140625,-3.569000244140625,0,1,0,0,1,1
285,6.4629974365234375,4.467987060546875,-2.558990478515625,1,0,0,0,0,1
285,2.766998291015625,8.76300048828125,1.02001953125,0,0,1,0,0,1
285,6.432006835937528,-6.86700439453125,-4.269989013671875,0,0,1,0,0,1
285,10.214996337890625,1.121978759765625,-3.1309814453125,0,0,1,0,0,1
285,1.511001586914091,11.40899658203125,5.385009765625,0,1,0,0,0,1
285,13.136001586914062,-3.180999755859375,-1.083984375,0,0,1,0,0,1
285,9.66400146484375,-10.7440185546875,-2.598999023437557,1,0,0,0,0,1
286,0.0,0.0,0.0,0,1,0,0,0,1
286,-2.7969970703124716,2.819000244140625,3.569000244140625,0,1,0,0,1,1
286,3.635009765625057,-4.048004150390625,-0.70098876953125,0,0,1,0,1,1
286,3.666000366210966,7.2869873046875,1.010009765625,1,0,0,0,0,1
286,7.417999267578153,3.94097900390625,0.438018798828125,0,0,1,0,0,1
286,-3.447998046874943,4.902984619140625,8.417999267578125,0,0,0,1,0,1
286,6.867004394531278,-7.925018310546875,0.9700012207030682,1,0,0,0,0,1
286,10.339004516601591,-0.36199951171875,2.485015869140625,0,0,1,0,0,1
286,-0.02999877929684658,11.582000732421875,4.589019775390625,0,0,1,0,0,1
286,11.184005737304659,-4.33599853515625,6.5150146484375,0,1,0,0,0,1
287,0.0,0.0,0.0,0,0,1,0,0,1
287,3.2319946289062216,-3.87701416015625,1.6709899902343182,1,0,0,0,1,1
287,-3.635009765625057,4.048004150390625,0.70098876953125,0,1,0,0,1,1
287,6.703994750976534,3.686004638671875,3.186004638671875,0,0,1,0,0,1
287,3.7829895019530966,7.988983154296875,1.139007568359375,0,0,1,0,0,1
287,-6.432006835937528,6.86700439453125,4.269989013671875,0,1,0,0,0,1
287,7.548995971679602,-0.287994384765625,7.21600341796875,0,1,0,0,0,1
287,5.117996215820284,-7.6610107421875,5.17999267578125,0,0,0,1,0,1
287,0.03099060058590908,11.334991455078125,1.71099853515625,1,0,0,0,0,1
287,6.425979614257784,-3.417999267578125,11.52301025390625,0,0,0,1,0,1
288,0.0,0.0,0.0,1,0,0,0,0,1
288,-3.2319946289062216,3.87701416015625,-1.6709899902343182,0,0,1,0,1,1
288,1.8860015869140625,-3.78399658203125,3.509002685546932,0,0,0,1,1,1
288,4.317001342773381,3.589019775390625,5.545013427734432,0,1,0,0,0,1
288,3.4720001220703125,7.563018798828125,1.5150146484375568,0,0,1,0,0,1
288,3.1939849853515625,0.459014892578125,9.852020263671932,0,0,0,1,0,1
288,-6.867004394531278,7.925018310546875,-0.9700012207030682,0,1,0,0,0,1
288,0.873992919921875,-8.113983154296875,7.509002685546932,1,0,0,0,0,1
288,0.550994873046875,11.865997314453125,-0.5319824218749432,0,0,1,0,0,1
288,0.08099365234377842,-1.964996337890625,13.559997558593807,1,0,0,0,0,1
289,0.0,0.0,0.0,0,0,0,1,0,1
289,-1.8860015869140625,3.78399658203125,-3.509002685546932,1,0,0,0,1,1
289,-1.0120086669921875,-4.329986572265625,4.0,1,0,0,0,1,1
289,1.3079833984375,4.243011474609375,6.343017578125,0,0,0,1,0,1
289,2.430999755859318,7.373016357421875,2.0360107421875,0,1,0,0,0,1
289,-1.805007934570284,1.819000244140625,10.050994873046875,1,0,0,0,0,1
289,-5.117996215820284,7.6610107421875,-5.17999267578125,0,0,1,0,0,1
289,-4.3820037841796875,-5.927001953125,8.326019287109375,0,1,0,0,0,1
289,1.58599853515625,11.347015380859375,-1.993988037109375,0,0,1,0,0,1
289,-7.26300048828125,0.204010009765625,11.079010009765625,0,0,0,1,0,1
290,0.0,0.0,0.0,1,0,0,0,0,1
290,-3.3699951171875,-1.597015380859375,4.326019287109375,0,1,0,0,0,1
290,1.0120086669921875,4.329986572265625,-4.0,0,0,0,1,1,1
290,-0.7929992675780966,6.14898681640625,6.050994873046875,1,0,0,0,0,1
290,2.3199920654296875,8.572998046875,2.343017578125,0,0,0,1,0,1
290,1.5430145263671875,-9.064010620117159,-1.191986083984375,0,0,0,1,1,1
290,-2.191986083984375,-9.499008178710938,-0.8219909667969318,0,1,0,0,0,1
290,-6.2509918212890625,4.53399658203125,7.079010009765625,0,0,0,1,0,1
290,-8.275985717773438,-2.327026367187557,6.464996337890625,0,0,1,0,0,1
290,-0.873992919921875,8.113983154296875,-7.509002685546932,1,0,0,0,0,1
291,0.0,0.0,0.0,0,0,0,1,0,1
291,-3.7350006103515625,-0.4349975585937784,0.36999511718744316,0,1,0,0,0,1
291,0.85699462890625,-4.2570037841796875,3.15399169921875,1,0,0,0,0,1
291,-6.643005371093778,-0.8509979248047443,-3.319000244140625,0,1,0,0,0,1
291,5.048004150390625,-5.246994018554744,3.587005615234375,1,0,0,0,1,1
291,-2.2610015869140625,-7.597000122070369,-4.380004882812557,1,0,0,0,0,1
291,7.0,1.142990112304659,-5.832000732421875,0,0,0,1,0,1
291,-1.5430145263671875,9.064010620117159,1.191986083984375,1,0,0,0,1,1
291,2.855987548828125,-0.3119964599609659,-9.942993164062557,1,0,0,0,0,1
291,-2.4480133056640625,-1.6090087890625,-10.035003662109375,1,0,0,0,0,1
292,0.0,0.0,0.0,1,0,0,0,0,1
292,-4.191009521484375,0.9899902343750568,-0.433013916015625,1,0,0,0,0,1
292,0.0009765625,-4.456008911132784,3.147003173828125,0,0,1,0,0,1
292,5.31597900390625,2.4809875488281534,4.582977294921875,0,0,1,0,1,1
292,-5.048004150390625,5.246994018554744,-3.587005615234375,0,0,0,1,1,1
292,6.79998779296875,6.789001464843778,-0.5770263671875,0,1,0,0,0,1
292,0.977996826171875,-9.061004638671847,3.7449951171875,1,0,0,0,0,1
292,-8.783004760742188,4.811996459960966,-3.217010498046932,0,1,0,0,0,1
292,-7.3090057373046875,-2.350006103515625,-7.967010498046932,1,0,0,0,0,1
292,5.592987060546875,7.751983642578153,-5.6090087890625,0,0,1,0,0,1
293,0.0,0.0,0.0,0,0,1,0,0,1
293,1.4840087890625,4.308013916015625,-5.160003662109375,0,1,0,0,1,1
293,5.819000244140625,-2.6409912109375,-2.583984375,1,0,0,0,0,1
293,-5.31597900390625,-2.4809875488281534,-4.582977294921875,1,0,0,0,1,1
293,-5.31500244140625,-6.9369964599609375,-1.43597412109375,0,0,1,0,0,1
293,5.079010009765625,-8.597991943359432,-0.298004150390625,0,0,0,1,0,1
293,6.2080078125,-1.2139892578125,-8.34698486328125,0,1,0,0,0,1
293,-9.506988525390625,-1.4909973144530966,-5.0159912109375,1,0,0,0,0,1
293,0.277008056640625,5.27099609375,-10.191986083984375,0,0,1,0,0,1
293,-4.337982177734375,-11.5419921875,-0.837982177734375,1,0,0,0,0,1
294,0.0,0.0,0.0,0,1,0,0,0,1
294,-1.207000732421875,0.962982177734375,-5.031982421875,0,0,1,0,1,1
294,-1.4840087890625,-4.308013916015625,5.160003662109375,0,0,1,0,1,1
294,4.7239990234375,-5.522003173828125,-3.186981201171875,0,1,0,0,0,1
294,4.334991455078125,-6.949005126953125,2.576019287109375,1,0,0,0,0,1
294,-6.79998779296875,-6.789001464843778,0.5770263671875,1,0,0,0,0,1
294,-4.847991943359375,-0.399017333984375,-8.84197998046875,0,0,0,1,0,1
294,3.071014404296875,-6.61700439453125,-7.991973876953125,1,0,0,0,0,1
294,-11.847991943359375,-1.542007446289034,-3.009979248046875,0,0,0,1,0,1
294,-10.990997314453125,-5.799011230468722,0.144012451171875,1,0,0,0,0,1
295,0.0,0.0,0.0,0,0,1,0,0,1
295,1.207000732421875,-0.962982177734375,5.031982421875,0,1,0,0,1,1
295,-3.6409912109375,-1.36199951171875,-3.80999755859375,0,0,0,1,1,1
295,5.930999755859375,-6.4849853515625,1.845001220703125,0,1,0,0,0,1
295,4.27801513671875,-7.579986572265625,-2.959991455078125,1,0,0,0,0,1
295,-1.52398681640625,-9.364990234375,-4.936004638671875,0,1,0,0,0,1
295,-5.592987060546875,-7.751983642578153,5.6090087890625,1,0,0,0,0,1
295,-10.6409912109375,-2.504989624023409,2.022003173828125,0,0,0,1,0,1
295,-7.785003662109375,-2.816986083984375,-7.920989990234432,1,0,0,0,0,1
295,-0.277008056640625,-5.27099609375,10.191986083984375,0,0,1,0,0,1
296,0.0,0.0,0.0,0,0,0,1,0,1
296,3.6409912109375,1.36199951171875,3.80999755859375,0,0,1,0,1,1
296,-4.144012451171875,-1.454986572265625,-4.110992431640682,1,0,0,0,1,1
296,2.11700439453125,-8.00299072265625,-1.126007080078125,0,1,0,0,0,1
296,-7.0,-1.142990112304659,5.832000732421875,0,0,0,1,0,1
296,4.847991943359375,0.399017333984375,8.84197998046875,0,1,0,0,0,1
296,7.91900634765625,-6.217987060546875,0.850006103515625,1,0,0,0,0,1
296,-2.1710205078125,-9.662994384765625,-2.311004638671875,0,0,0,1,0,1
296,-9.448013305664062,-2.751998901367159,-4.2030029296875,1,0,0,0,0,1
296,-1.951995849609375,-6.389984130859403,9.41900634765625,1,0,0,0,0,1
297,0.0,0.0,0.0,1,0,0,0,0,1
297,-5.3040008544921875,-1.297012329101534,-0.09201049804681816,1,0,0,0,1,1
297,4.144012451171875,1.454986572265625,4.110992431640682,0,0,0,1,1,1
297,1.972991943359375,-8.2080078125,1.7999877929688068,0,0,0,1,0,1
297,6.261016845703125,-6.548004150390625,2.984985351562557,0,1,0,0,0,1
297,-2.855987548828125,0.3119964599609659,9.942993164062557,0,0,0,1,0,1
297,-5.1169891357421875,-7.285003662109403,5.56298828125,1,0,0,0,0,1
297,7.785003662109375,2.816986083984375,7.920989990234432,0,0,1,0,0,1
297,-9.498992919921903,-0.5390014648437784,6.623992919921932,0,1,0,0,0,1
297,-11.711990356445312,0.7119903564453125,1.5929870605469318,0,0,0,1,0,1
298,0.0,0.0,0.0,1,0,0,0,0,1
298,5.3040008544921875,1.297012329101534,0.09201049804681816,1,0,0,0,1,1
298,-6.407989501953125,2.0090026855468466,1.68499755859375,0,0,0,1,0,1
298,-4.194992065429716,0.7580108642577557,6.71600341796875,0,1,0,0,0,1
298,0.18701171875,-5.987991333007869,5.654998779296818,1,0,0,0,0,1
298,-5.3549957275390625,-2.7439880371094034,-5.881011962890625,0,1,0,0,1,1
298,7.2769927978515625,-6.910995483398466,1.891998291015625,0,0,0,1,0,1
298,2.4480133056640625,1.6090087890625,10.035003662109375,0,0,0,1,0,1
298,-1.2869873046875,1.1740112304687216,10.404998779296818,0,1,0,0,0,1
298,9.448013305664062,2.751998901367159,4.2030029296875,0,0,0,1,0,1
299,0.0,0.0,0.0,0,1,0,0,0,1
299,-6.156005859375,-0.4840087890625,4.462005615234375,0,0,1,0,1,1
299,5.3549957275390625,2.7439880371094034,5.881011962890625,1,0,0,0,1,1
299,-1.0529937744140625,4.75299072265625,7.566009521484375,0,0,0,1,0,1
299,-5.19000244140625,-8.034011840820312,3.079010009765625,0,0,1,0,0,1
299,-5.876998901367216,2.339996337890625,10.074005126953125,1,0,0,0,0,1
299,0.94500732421875,-8.648010253906222,9.27801513671875,0,1,0,0,0,1
299,10.65899658203125,4.0410003662109375,5.973022460937443,1,0,0,0,0,1
299,-7.5399932861328125,8.292984008789062,6.52001953125,0,1,0,0,0,1
299,1.1600036621093466,3.501998901367159,12.597015380859375,0,1,0,0,0,1
300,0.0,0.0,0.0,0,0,1,0,0,1
300,-3.4759979248046875,-3.9539947509765625,3.27301025390625,0,0,1,0,0,1
300,0.2790069580077841,2.824005126953125,5.61199951171875,1,0,0,0,0,1
300,6.156005859375,0.4840087890625,-4.462005615234375,0,1,0,0,1,1
300,0.96600341796875,-7.5500030517578125,-1.38299560546875,0,0,1,0,1,1
300,5.1030120849609375,5.23699951171875,3.10400390625,0,0,0,1,0,1
300,-7.75299072265625,2.5080108642578125,3.114013671875,0,0,0,1,0,1
300,-1.3839874267578125,8.776992797851562,2.058013916015625,0,1,0,0,0,1
300,-8.90899658203125,-6.2440032958984375,1.37799072265625,0,1,0,0,0,1
300,7.316009521484347,3.986007690429659,8.135009765625,0,1,0,0,0,1
301,0.0,0.0,0.0,0,0,1,0,0,1
301,-4.4420013427734375,3.59600830078125,4.656005859375,0,0,1,0,0,1
301,-0.96600341796875,7.5500030517578125,1.38299560546875,0,0,1,0,1,1
301,6.135009765625,-0.6139984130859091,6.199005126953125,0,1,0,0,1,1
301,5.19000244140625,8.034011840820312,-3.079010009765625,0,1,0,0,0,1
301,-9.875,1.305999755859375,2.760986328125,0,1,0,0,0,1
301,-0.6869964599609659,10.374008178710938,6.9949951171875,1,0,0,0,0,1
301,-8.718994140625,10.058013916015625,4.49700927734375,0,0,0,1,0,1
301,4.1370086669921875,12.787002563476562,4.48699951171875,0,0,0,1,0,1
301,10.732009887695312,4.790008544921847,8.457000732421818,1,0,0,0,0,1
302,0.0,0.0,0.0,0,1,0,0,0,1
302,4.5970001220703125,5.404006958007756,2.257995605468693,1,0,0,0,0,1
302,-0.0120086669921875,2.6500091552733807,7.621002197265625,0,0,0,1,1,1
302,-6.135009765625,0.6139984130859091,-6.199005126953125,0,0,1,0,1,1
302,-10.577011108398438,4.210006713867159,-1.542999267578125,0,0,1,0,0,1
302,-7.10101318359375,8.164001464843722,-4.816009521484375,0,0,1,0,0,1
302,0.21499633789059658,12.15000915527338,3.319000244140625,0,1,0,0,0,1
302,11.686981201171875,4.481002807617159,-1.5050048828125,0,0,0,1,0,1
302,4.4099884033203125,11.391998291015625,-3.397003173828125,1,0,0,0,0,1
302,-0.94500732421875,8.648010253906222,-9.27801513671875,0,1,0,0,0,1
303,0.0,0.0,0.0,0,0,0,1,0,1
303,4.6090087890625,2.753997802734375,-5.363006591796932,1,0,0,0,1,1
303,0.0120086669921875,-2.6500091552733807,-7.621002197265625,0,1,0,0,1,1
303,7.7270050048828125,6.093994140625057,2.170989990234375,1,0,0,0,0,1
303,3.135009765625,9.916000366210966,-0.6130065917969318,0,1,0,0,0,1
303,0.22700500488278408,9.5,-4.302001953125,0,1,0,0,0,1
303,6.8700103759765625,10.350997924804744,-0.983001708984375,0,0,0,1,0,1
303,-6.809997558593778,8.337997436523466,-6.82501220703125,1,0,0,0,0,1
303,11.918014526367188,5.10400390625,2.60400390625,1,0,0,0,0,1
303,11.918991088867188,0.6479949951172159,5.751007080078125,0,0,1,0,0,1
304,0.0,0.0,0.0,1,0,0,0,0,1
304,-4.5970001220703125,-5.404006958007756,-2.257995605468693,0,1,0,0,0,1
304,-4.6090087890625,-2.753997802734375,5.363006591796932,0,0,0,1,1,1
304,7.0899810791015625,-0.9230041503905966,-3.763000488281193,0,0,0,1,1,1
304,-4.382003784179716,6.746002197265625,1.0610046386719318,0,1,0,0,0,1
304,-0.18701171875,5.987991333007869,-5.654998779296818,1,0,0,0,0,1
304,-1.4739990234375,7.162002563476591,4.75,0,1,0,0,0,1
304,3.1179962158203125,3.339996337890682,7.533996582031307,1,0,0,0,0,1
304,2.2610015869140625,7.597000122070369,4.380004882812557,0,0,0,1,0,1
304,5.1169891357421875,7.285003662109403,-5.56298828125,1,0,0,0,0,1
305,0.0,0.0,0.0,0,0,0,1,0,1
305,4.28802490234375,1.660003662109375,1.18499755859375,0,1,0,0,1,1
305,-7.0899810791015625,0.9230041503905966,3.763000488281193,1,0,0,0,1,1
305,-1.972991943359375,8.2080078125,-1.7999877929688068,1,0,0,0,0,1
305,2.1710205078125,9.662994384765625,2.311004638671875,0,0,0,1,0,1
305,-7.2769927978515625,6.910995483398466,-1.891998291015625,1,0,0,0,0,1
305,10.09002685546875,3.44500732421875,3.1610107421875,1,0,0,0,0,1
305,0.219024658203125,3.2730102539062216,11.730010986328125,1,0,0,0,0,1
305,-11.686981201171875,-4.481002807617159,1.5050048828125,0,1,0,0,0,1
305,-3.97198486328125,4.263000488281278,11.2969970703125,1,0,0,0,0,1
306,0.0,0.0,0.0,0,1,0,0,0,1
306,-4.28802490234375,-1.660003662109375,-1.18499755859375,0,0,0,1,1,1
306,5.802001953125,1.785003662109375,1.97601318359375,1,0,0,0,1,1
306,-2.11700439453125,8.00299072265625,1.126007080078125,0,0,0,1,0,1
306,-6.261016845703125,6.548004150390625,-2.984985351562557,1,0,0,0,0,1
306,7.454986572265625,2.8800048828125,6.781005859375,0,1,0,0,0,1
306,1.52398681640625,9.364990234375,4.936004638671875,0,0,1,0,0,1
306,-4.069000244140625,1.6130065917968466,10.545013427734375,1,0,0,0,0,1
306,-11.378005981445312,-0.7369995117187784,2.578002929687443,1,0,0,0,0,1
306,-11.565017700195312,5.250991821289091,-3.076995849609375,1,0,0,0,0,1
307,0.0,0.0,0.0,1,0,0,0,0,1
307,1.652984619140625,1.095001220703125,4.80499267578125,0,1,0,0,1,1
307,-5.802001953125,-1.785003662109375,-1.97601318359375,0,1,0,0,1,1
307,-4.27801513671875,7.579986572265625,2.959991455078125,0,0,1,0,0,1
307,-7.91900634765625,6.217987060546875,-0.850006103515625,0,0,0,1,0,1
307,1.26397705078125,-0.332000732421875,10.5679931640625,1,0,0,0,0,1
307,-3.071014404296875,6.61700439453125,7.991973876953125,0,1,0,0,0,1
307,-10.09002685546875,-3.44500732421875,-3.1610107421875,0,0,0,1,0,1
307,-9.871002197265625,-0.17199707031252842,8.569000244140625,1,0,0,0,0,1
307,-12.063018798828125,4.76300048828125,-4.960998535156307,1,0,0,0,0,1
308,0.0,0.0,0.0,0,1,0,0,0,1
308,-1.652984619140625,-1.095001220703125,-4.80499267578125,1,0,0,0,1,1
308,-0.389007568359375,-1.427001953125,5.76300048828125,1,0,0,0,1,1
308,-4.7239990234375,5.522003173828125,3.186981201171875,0,1,0,0,0,1
308,-5.930999755859375,6.4849853515625,-1.845001220703125,0,0,1,0,0,1
308,-6.2080078125,1.2139892578125,8.34698486328125,0,0,1,0,0,1
308,-7.454986572265625,-2.8800048828125,-6.781005859375,0,1,0,0,0,1
308,-1.128997802734375,-7.384002685546932,8.048980712890625,0,0,0,1,0,1
308,-11.52398681640625,-1.2669982910156534,3.764007568359375,1,0,0,0,0,1
308,-9.571990966796875,5.12298583984375,-5.654998779296875,0,0,0,1,0,1
309,0.0,0.0,0.0,1,0,0,0,0,1
309,0.389007568359375,1.427001953125,-5.76300048828125,0,1,0,0,1,1
309,-0.739990234375,-5.957000732421932,2.285980224609375,0,0,0,1,1,1
309,-5.819000244140625,2.6409912109375,2.583984375,0,0,1,0,0,1
309,-4.334991455078125,6.949005126953125,-2.576019287109375,0,1,0,0,0,1
309,-1.26397705078125,0.332000732421875,-10.5679931640625,1,0,0,0,0,1
309,-11.134979248046875,0.16000366210934658,-1.998992919921875,1,0,0,0,0,1
309,-11.134002685546875,-4.2960052490234375,1.14801025390625,0,0,1,0,0,1
309,-2.355987548828125,-11.561996459960966,3.1669921875,0,1,0,0,0,1
309,-5.5419921875,7.9119873046875,-7.608001708984375,0,0,1,0,0,1
310,0.0,0.0,0.0,0,0,0,1,0,1
310,-1.615997314453125,-5.604995727539034,0.881011962890625,0,1,0,0,1,1
310,0.739990234375,5.957000732421932,-2.285980224609375,1,0,0,0,1,1
310,0.636993408203125,-9.792007446289034,-0.302978515625,1,0,0,0,0,1
310,-9.4169921875,-2.944000244140568,-0.53997802734375,1,0,0,0,0,1
310,-5.079010009765625,8.597991943359432,0.298004150390625,0,0,1,0,0,1
310,-10.394012451171875,1.6609954833984943,-1.137969970703125,0,0,1,0,0,1
310,-7.613006591796875,-6.667999267578068,-3.968994140625,0,0,1,0,0,1
310,1.128997802734375,7.384002685546932,-8.048980712890625,0,1,0,0,0,1
310,-10.394989013671875,6.117004394531278,-4.28497314453125,1,0,0,0,0,1
311,0.0,0.0,0.0,0,1,0,0,0,1
311,2.25299072265625,-4.18701171875,-1.183990478515625,1,0,0,0,1,1
311,1.615997314453125,5.604995727539034,-0.881011962890625,0,0,0,1,1,1
311,-5.99700927734375,-1.063003540039034,-4.850006103515625,0,0,1,0,0,1
311,-7.800994873046875,2.660995483398466,-1.420989990234375,1,0,0,0,0,1
311,4.9639892578125,-7.216003417968722,-4.56500244140625,0,1,0,0,0,1
311,-3.00799560546875,-4.9820098876953125,-8.8909912109375,0,0,1,0,0,1
311,-8.77801513671875,7.265991210937528,-2.01898193359375,0,0,1,0,0,1
311,2.355987548828125,11.561996459960966,-3.1669921875,1,0,0,0,0,1
311,2.574005126953125,-4.896011352539034,-11.756988525390625,0,0,0,1,0,1
312,0.0,0.0,0.0,1,0,0,0,0,1
312,-2.25299072265625,4.18701171875,1.183990478515625,0,1,0,0,1,1
312,2.71099853515625,-3.0289916992187216,-3.381011962890625,0,1,0,0,1,1
312,-5.260986328125,-0.7949981689453125,-7.707000732421875,0,0,1,0,0,1
312,-8.25,3.124008178710966,-3.666015625,0,0,1,0,0,1
312,-0.636993408203125,9.792007446289034,0.302978515625,0,0,0,1,0,1
312,6.593994140625,-2.864990234374943,-6.886993408203182,0,0,1,0,0,1
312,0.321014404296875,-0.7089996337890341,-10.572998046875,0,0,0,1,0,1
312,-10.053985595703125,6.848007202148466,-0.23699951171875,1,0,0,0,0,1
312,4.65899658203125,1.626998901367216,-12.80999755859375,0,0,1,0,0,1
313,0.0,0.0,0.0,0,1,0,0,0,1
313,3.88299560546875,0.16400146484377842,-3.505981445312557,0,0,1,0,1,1
313,-2.71099853515625,3.0289916992187216,3.381011962890625,1,0,0,0,1,1
313,-2.389984130859375,2.3199920654296875,-7.191986083984375,0,0,0,1,0,1
313,-7.97198486328125,2.233993530273409,-4.32598876953125,0,0,1,0,0,1
313,-4.9639892578125,7.216003417968722,4.56500244140625,0,1,0,0,0,1
313,1.947998046875,4.6559906005859375,-9.428985595703125,0,0,1,0,0,1
313,8.964019775390625,1.134002685546875,-6.389984130859375,0,1,0,0,0,1
313,-10.96099853515625,6.1529998779296875,-0.285003662109375,0,0,1,0,0,1
313,-3.347991943359375,12.820999145507756,3.683990478515625,0,0,0,1,0,1
314,0.0,0.0,0.0,0,0,1,0,0,1
314,-3.88299560546875,-0.16400146484377842,3.505981445312557,0,1,0,0,1,1
314,5.081024169921875,0.9700012207030966,-2.884002685546818,0,1,0,0,1,1
314,-6.272979736328125,2.155990600585909,-3.686004638671818,0,0,0,1,0,1
314,-1.93499755859375,4.491989135742159,-5.923004150390568,0,0,1,0,0,1
314,-6.593994140625,2.864990234374943,6.886993408203182,1,0,0,0,0,1
314,2.59600830078125,8.169998168945256,-6.521026611328068,0,1,0,0,0,1
314,10.667022705078125,2.695999145507784,-0.7410278320311932,0,0,0,1,0,1
314,-11.85498046875,2.0699920654296307,-0.8200073242186932,0,0,1,0,0,1
314,-8.84698486328125,7.052001953124943,8.070983886718807,0,1,0,0,0,1
315,0.0,0.0,0.0,0,1,0,0,0,1
315,-5.081024169921875,-0.9700012207030966,2.884002685546818,0,0,1,0,1,1
315,5.58599853515625,1.7259979248046875,2.142974853515625,0,0,0,1,1,1
315,-7.016021728515625,3.5219879150390625,-3.03900146484375,0,0,1,0,0,1
315,-2.485015869140625,7.199996948242159,-3.63702392578125,0,1,0,0,0,1
315,-8.964019775390625,-1.134002685546875,6.389984130859375,0,1,0,0,0,1
315,1.292999267578125,10.875,-2.087005615234375,0,1,0,0,0,1
315,-11.35400390625,1.1859893798828125,-0.802001953125,0,0,0,1,0,1
315,4.6510009765625,11.43699645996088,2.798980712890625,1,0,0,0,0,1
315,9.540985107421818,4.343994140625,7.962982177734375,0,0,0,1,0,1
316,0.0,0.0,0.0,0,0,0,1,0,1
316,-5.58599853515625,-1.7259979248046875,-2.142974853515625,0,1,0,0,1,1
316,3.954986572265568,2.6179962158203125,5.82000732421875,0,0,0,1,0,1
316,6.337982177734375,-2.0130004882812216,4.657012939453125,0,0,0,1,1,1
316,1.6219787597655682,7.5370025634765625,4.6300048828125,0,1,0,0,0,1
316,-0.93499755859375,9.710998535156193,0.656005859375,1,0,0,0,0,1
316,-4.292999267578125,9.149002075195312,-4.22998046875,0,1,0,0,0,1
316,-10.667022705078125,-2.695999145507784,0.7410278320311932,0,0,1,0,0,1
316,-8.071014404296875,5.473999023437472,-5.779998779296875,0,1,0,0,0,1
316,-12.602020263671875,1.795989990234375,-5.181976318359375,0,0,1,0,0,1
317,0.0,0.0,0.0,0,0,0,1,0,1
317,-2.382995605468807,4.630996704101534,1.162994384765625,0,0,0,1,1,1
317,-6.337982177734375,2.0130004882812216,-4.657012939453125,0,0,0,1,1,1
317,-4.716003417968807,9.550003051757784,-0.027008056640625,0,1,0,0,0,1
317,-11.923980712890625,0.2870025634765341,-6.79998779296875,0,1,0,0,0,1
317,-7.272979736328125,11.723999023437415,-4.001007080078125,1,0,0,0,0,1
317,-17.0050048828125,-0.6829986572265625,-3.915985107421932,0,0,1,0,0,1
317,-10.6309814453125,11.162002563476534,-8.886993408203125,0,1,0,0,0,1
317,-14.40899658203125,7.486999511718693,-10.43701171875,0,1,0,0,0,1
317,-20.88800048828125,-0.8470001220703409,-0.410003662109375,0,1,0,0,0,1
318,0.0,0.0,0.0,0,0,0,1,0,1
318,2.382995605468807,-4.630996704101534,-1.162994384765625,0,0,0,1,1,1
318,-2.3330078125,4.91900634765625,-1.19000244140625,0,1,0,0,1,1
318,-3.954986572265568,-2.6179962158203125,-5.82000732421875,0,0,0,1,0,1
318,-4.889984130859318,7.093002319335881,-5.16400146484375,1,0,0,0,0,1
318,-9.540985107421818,-4.343994140625,-7.962982177734375,0,1,0,0,0,1
318,-8.247985839843693,6.531005859375,-10.04998779296875,0,1,0,0,0,1
318,-14.622009277343693,-5.313995361328097,-5.078979492187557,0,0,1,0,0,1
318,-12.026000976562443,2.856002807617159,-11.600006103515625,0,1,0,0,0,1
318,-18.505004882812443,-5.477996826171875,-1.572998046875,0,1,0,0,0,1
319,0.0,0.0,0.0,0,1,0,0,0,1
319,-2.556976318359318,2.1739959716796307,-3.9739990234375,1,0,0,0,1,1
319,2.3330078125,-4.91900634765625,1.19000244140625,0,0,0,1,1,1
319,-1.6219787597655682,-7.5370025634765625,-4.6300048828125,0,0,0,1,0,1
319,4.716003417968807,-9.550003051757784,0.027008056640625,0,0,0,1,0,1
319,-5.914978027343693,1.61199951171875,-8.8599853515625,0,1,0,0,0,1
319,-7.207977294921818,-9.26300048828125,-6.772979736328125,0,1,0,0,0,1
319,-9.692993164062443,-2.063003540039091,-10.410003662109375,0,1,0,0,0,1
319,-12.289001464843693,-10.233001708984347,-3.888977050781307,0,0,1,0,0,1
319,-14.223999023437443,-5.7410125732421875,-9.811981201171875,0,0,1,0,0,1
320,0.0,0.0,0.0,1,0,0,0,0,1
320,2.556976318359318,-2.1739959716796307,3.9739990234375,0,1,0,0,1,1
320,-3.358001708984375,-0.5619964599608807,-4.885986328125,0,1,0,0,1,1
320,0.93499755859375,-9.710998535156193,-0.656005859375,0,0,0,1,0,1
320,4.889984130859318,-7.093002319335881,5.16400146484375,0,0,0,1,0,1
320,-7.136016845703125,-4.236999511718722,-6.436004638671875,0,1,0,0,0,1
320,-4.6510009765625,-11.43699645996088,-2.798980712890625,0,1,0,0,0,1
320,7.272979736328125,-11.723999023437415,4.001007080078125,0,0,0,1,0,1
320,-11.667022705078125,-7.915008544921818,-5.837982177734375,0,0,1,0,0,1
320,-9.732025146484375,-12.406997680663977,0.08502197265619316,0,0,1,0,0,1
321,0.0,0.0,0.0,0,1,0,0,0,1
321,-3.77801513671875,-3.675003051757841,-1.550018310546875,0,1,0,0,1,1
321,3.358001708984375,0.5619964599608807,4.885986328125,1,0,0,0,1,1
321,5.914978027343693,-1.61199951171875,8.8599853515625,0,1,0,0,0,1
321,4.292999267578125,-9.149002075195312,4.22998046875,0,0,0,1,0,1
321,-8.30902099609375,-7.3530120849609375,-0.951995849609375,0,0,1,0,0,1
321,-1.292999267578125,-10.875,2.087005615234375,0,1,0,0,0,1
321,-6.3740234375,-11.845001220703097,4.971008300781193,0,0,1,0,0,1
321,8.247985839843693,-6.531005859375,10.04998779296875,0,0,0,1,0,1
321,-12.47601318359375,8.195999145507812,4.11199951171875,0,1,0,0,0,1
322,0.0,0.0,0.0,0,1,0,0,0,1
322,3.77801513671875,3.675003051757841,1.550018310546875,0,1,0,0,1,1
322,-4.531005859375,-3.6780090332030966,0.5980224609375,0,0,1,0,1,1
322,2.485015869140625,-7.199996948242159,3.63702392578125,0,1,0,0,0,1
322,7.136016845703125,4.236999511718722,6.436004638671875,1,0,0,0,0,1
322,-2.59600830078125,-8.169998168945256,6.521026611328068,0,0,1,0,0,1
322,-8.868988037109375,-6.014007568359347,2.83502197265625,0,0,0,1,0,1
322,8.071014404296875,-5.473999023437472,5.779998779296875,0,0,0,1,0,1
322,9.692993164062443,2.063003540039091,10.410003662109375,0,1,0,0,0,1
322,-6.47900390625,-8.333999633789034,10.027008056640625,0,1,0,0,0,1
323,0.0,0.0,0.0,0,0,1,0,0,1
323,-4.337982177734375,-2.33599853515625,2.23699951171875,0,0,0,1,1,1
323,4.531005859375,3.6780090332030966,-0.5980224609375,0,1,0,0,1,1
323,1.93499755859375,-4.491989135742159,5.923004150390568,0,0,1,0,0,1
323,7.016021728515625,-3.5219879150390625,3.03900146484375,0,1,0,0,0,1
323,-1.947998046875,-4.6559906005859375,9.428985595703125,0,1,0,0,0,1
323,8.30902099609375,7.3530120849609375,0.951995849609375,0,1,0,0,0,1
323,-9.91998291015625,-2.4219970703125284,5.102996826171875,0,0,1,0,0,1
323,-4.65899658203125,-1.626998901367216,12.80999755859375,1,0,0,0,0,1
323,12.602020263671875,-1.795989990234375,5.181976318359375,0,0,0,1,0,1
324,0.0,0.0,0.0,0,0,0,1,0,1
324,4.337982177734375,2.33599853515625,-2.23699951171875,0,0,1,0,1,1
324,-5.582000732421875,-0.08599853515627842,2.865997314453125,0,0,1,0,1,1
324,6.272979736328125,-2.155990600585909,3.686004638671818,0,0,1,0,0,1
324,2.389984130859375,-2.3199920654296875,7.191986083984375,0,1,0,0,0,1
324,-0.321014404296875,0.7089996337890341,10.572998046875,1,0,0,0,0,1
324,8.868988037109375,6.014007568359347,-2.83502197265625,0,1,0,0,0,1
324,11.35400390625,-1.1859893798828125,0.802001953125,0,1,0,0,0,1
324,-8.571014404296875,3.8330078125,6.906982421875,0,0,1,0,0,1
324,-2.574005126953125,4.896011352539034,11.756988525390625,0,1,0,0,0,1
325,0.0,0.0,0.0,0,0,1,0,0,1
325,5.582000732421875,0.08599853515627842,-2.865997314453125,0,0,0,1,1,1
325,-2.989013671875,3.9190063476562784,4.040985107421875,0,0,1,0,1,1
325,7.97198486328125,-2.233993530273409,4.32598876953125,0,1,0,0,0,1
325,5.260986328125,0.7949981689453125,7.707000732421875,1,0,0,0,0,1
325,3.00799560546875,4.9820098876953125,8.8909912109375,0,1,0,0,0,1
325,9.91998291015625,2.4219970703125284,-5.102996826171875,0,0,1,0,0,1
325,-4.792999267578125,7.643005371093778,7.470001220703125,1,0,0,0,0,1
325,11.85498046875,-2.0699920654296307,0.8200073242186932,0,0,1,0,0,1
325,4.623992919921875,10.587005615234347,8.009979248046875,0,0,0,1,0,1
326,0.0,0.0,0.0,0,0,1,0,0,1
326,-1.803985595703125,3.7239990234375,3.42901611328125,1,0,0,0,1,1
326,2.989013671875,-3.9190063476562784,-4.040985107421875,0,0,1,0,1,1
326,5.99700927734375,1.063003540039034,4.850006103515625,0,1,0,0,0,1
326,-2.781005859375,8.328994750976562,2.831024169921875,0,0,1,0,0,1
326,8.25,-3.124008178710966,3.666015625,1,0,0,0,0,1
326,7.613006591796875,6.667999267578068,3.968994140625,0,0,0,1,0,1
326,8.571014404296875,-3.8330078125,-6.906982421875,0,0,0,1,0,1
326,10.96099853515625,-6.1529998779296875,0.285003662109375,0,1,0,0,0,1
326,-2.781982421875,12.785003662109347,-0.31597900390625,1,0,0,0,0,1
327,0.0,0.0,0.0,1,0,0,0,0,1
327,-0.977020263671875,4.6049957275390625,-0.597991943359375,0,0,1,0,1,1
327,1.803985595703125,-3.7239990234375,-3.42901611328125,0,0,1,0,1,1
327,7.800994873046875,-2.660995483398466,1.420989990234375,0,1,0,0,0,1
327,-0.977996826171875,9.061004638671847,-3.7449951171875,1,0,0,0,0,1
327,9.4169921875,2.944000244140568,0.53997802734375,0,0,0,1,0,1
327,4.792999267578125,-7.643005371093778,-7.470001220703125,0,0,1,0,0,1
327,-5.16900634765625,10.050994873046903,-4.178009033203125,1,0,0,0,0,1
327,10.053985595703125,-6.848007202148466,0.23699951171875,1,0,0,0,0,1
327,4.337982177734375,11.5419921875,0.837982177734375,0,0,1,0,0,1
328,0.0,0.0,0.0,0,0,1,0,0,1
328,0.977020263671875,-4.6049957275390625,0.597991943359375,1,0,0,0,1,1
328,-0.0009765625,4.456008911132784,-3.147003173828125,1,0,0,0,0,1
328,-4.191986083984375,5.445999145507841,-3.58001708984375,1,0,0,0,1,1
328,5.31500244140625,6.9369964599609375,1.43597412109375,0,0,1,0,0,1
328,2.781005859375,-8.328994750976562,-2.831024169921875,0,0,1,0,0,1
328,10.394012451171875,-1.6609954833984943,1.137969970703125,0,0,0,1,0,1
328,8.77801513671875,-7.265991210937528,2.01898193359375,0,1,0,0,0,1
328,11.134002685546875,4.2960052490234375,-1.14801025390625,1,0,0,0,0,1
328,-5.048980712890625,9.703002929687528,-6.7340087890625,0,0,0,1,0,1
329,0.0,0.0,0.0,1,0,0,0,0,1
329,4.191009521484375,-0.9899902343750568,0.433013916015625,1,0,0,0,0,1
329,-0.85699462890625,4.2570037841796875,-3.15399169921875,0,0,0,1,0,1
329,-4.5919952392578125,3.822006225585909,-2.783996582031307,0,1,0,0,1,1
329,4.191986083984375,-5.445999145507841,3.58001708984375,0,0,1,0,1,1
329,-3.1179962158203125,-3.339996337890682,-7.533996582031307,1,0,0,0,0,1
329,-7.7270050048828125,-6.093994140625057,-2.170989990234375,0,0,0,1,0,1
329,-7.500000000000028,3.406005859374943,-6.472991943359375,0,1,0,0,0,1
329,9.506988525390625,1.4909973144530966,5.0159912109375,0,0,1,0,0,1
329,5.16900634765625,-10.050994873046903,4.178009033203125,1,0,0,0,0,1
330,0.0,0.0,0.0,0,1,0,0,0,1
330,3.7350006103515625,0.4349975585937784,-0.36999511718744316,0,0,0,1,0,1
330,-2.908004760742216,-0.4160003662109659,-3.688995361328068,0,1,0,0,0,1
330,4.5919952392578125,-3.822006225585909,2.783996582031307,1,0,0,0,1,1
330,1.4739990234375,-7.162002563476591,-4.75,1,0,0,0,0,1
330,-1.178009033203125,7.9019927978515625,5.148010253906307,0,1,0,0,1,1
330,2.191986083984375,9.499008178710938,0.8219909667969318,1,0,0,0,0,1
330,-5.121002197265625,0.834991455078125,-8.720001220703068,0,0,0,1,0,1
330,-3.135009765625,-9.916000366210966,0.6130065917969318,0,0,0,1,0,1
330,8.783004760742188,-4.811996459960966,3.217010498046932,1,0,0,0,0,1
331,0.0,0.0,0.0,0,1,0,0,0,1
331,-4.9059906005859375,-0.7300109863281818,2.13897705078125,0,0,1,0,1,1
331,3.3699951171875,1.597015380859375,-4.326019287109375,1,0,0,0,0,1
331,-2.8809967041015625,6.131011962890625,2.75299072265625,0,0,0,1,0,1
331,2.5769958496094034,7.746002197265625,1.7249755859375,1,0,0,0,0,1
331,1.178009033203125,-7.9019927978515625,-5.148010253906307,0,1,0,0,1,1
331,4.9130096435546875,-7.466995239257784,-5.51800537109375,0,0,0,1,0,1
331,-8.270004272460966,6.468994140625,1.313995361328125,0,0,1,0,0,1
331,-10.449005126953097,-0.885986328125,1.635986328125,0,0,1,0,0,1
331,4.3820037841796875,5.927001953125,-8.326019287109375,0,0,0,1,0,1
332,0.0,0.0,0.0,0,0,1,0,0,1
332,4.9059906005859375,0.7300109863281818,-2.13897705078125,0,1,0,0,1,1
332,-5.543014526367159,-0.15597534179681816,-0.50299072265625,0,0,1,0,1,1
332,2.024993896484375,6.861022949218807,0.614013671875,0,0,0,1,0,1
332,-3.3640136718750284,7.199005126953182,-0.824981689453125,0,0,1,0,0,1
332,-7.207000732421875,6.647003173828182,-4.272003173828125,0,1,0,0,0,1
332,8.275985717773438,2.327026367187557,-6.464996337890625,1,0,0,0,0,1
332,-10.145004272460938,-0.8439941406249432,-4.121978759765625,0,0,1,0,0,1
332,7.482986450195341,8.476013183593807,-0.41400146484375,1,0,0,0,0,1
332,6.0839996337890625,-7.171981811523381,-7.286987304687557,0,1,0,0,0,1
333,0.0,0.0,0.0,0,0,1,0,0,1
333,5.543014526367159,0.15597534179681816,0.50299072265625,0,0,1,0,1,1
333,-4.601989746093778,-0.688018798828125,-3.618988037109375,0,0,1,0,1,1
333,2.1790008544921307,7.35498046875,-0.321990966796875,0,0,1,0,0,1
333,-1.663986206054716,6.802978515625,-3.769012451171875,0,1,0,0,0,1
333,7.568008422851534,7.016998291015625,1.11700439453125,0,0,0,1,0,1
333,10.449005126953097,0.885986328125,-1.635986328125,0,1,0,0,0,1
333,-3.75,5.058990478515625,-8.63299560546875,0,1,0,0,0,1
333,-7.071990966796903,-1.76800537109375,-8.707000732421875,0,0,1,0,0,1
333,-2.7599945068359943,2.069000244140625,-13.889984130859375,0,1,0,0,0,1
334,0.0,0.0,0.0,0,0,1,0,0,1
334,-2.470001220703125,-1.079986572265625,-5.0880126953125,0,0,1,0,1,1
334,4.601989746093778,0.688018798828125,3.618988037109375,0,0,1,0,1,1
334,0.8519897460937784,5.74700927734375,-5.014007568359375,0,1,0,0,0,1
334,2.9380035400390625,7.490997314453125,-0.1500244140625,0,1,0,0,0,1
334,1.841995239257784,2.75701904296875,-10.27099609375,0,1,0,0,0,1
334,10.145004272460938,0.8439941406249432,4.121978759765625,0,0,1,0,0,1
334,6.780990600585909,8.042999267578125,3.2969970703125,0,0,1,0,0,1
334,-2.5050048828125,-3.561004638671875,-10.2550048828125,0,0,0,1,0,1
334,6.283996582031222,-7.9059906005859375,-9.37701416015625,1,0,0,0,0,1
335,0.0,0.0,0.0,0,0,1,0,0,1
335,-0.035003662109375,-2.48101806640625,-5.1669921875,0,0,0,1,1,1
335,2.470001220703125,1.079986572265625,5.0880126953125,0,0,1,0,1,1
335,3.3219909667969034,6.826995849609375,0.074005126953125,0,1,0,0,0,1
335,4.311996459960909,3.837005615234375,-5.1829833984375,0,1,0,0,0,1
335,0.7220001220703125,-7.141998291015625,-6.7869873046875,0,0,0,1,0,1
335,7.09100341796875,-0.873016357421875,-7.842987060546875,0,1,0,0,0,1
335,5.4080047607421875,8.57098388671875,4.93798828125,0,1,0,0,0,1
335,7.071990966796903,1.76800537109375,8.707000732421875,0,0,1,0,0,1
335,8.753997802734347,-6.8260040283203125,-4.28900146484375,1,0,0,0,0,1
336,0.0,0.0,0.0,0,0,0,1,0,1
336,0.7570037841796875,-4.660980224609375,-1.6199951171875,0,0,0,1,1,1
336,0.035003662109375,2.48101806640625,5.1669921875,0,0,1,0,1,1
336,4.347000122070284,6.318023681640625,-0.0159912109375,0,1,0,0,0,1
336,7.126007080078125,1.608001708984375,-2.675994873046875,0,1,0,0,0,1
336,8.789001464843722,-4.3449859619140625,0.87799072265625,1,0,0,0,0,1
336,2.5050048828125,3.561004638671875,10.2550048828125,0,0,1,0,0,1
336,3.3569946289062784,9.308013916015625,5.240997314453125,0,1,0,0,0,1
336,8.509994506835938,-7.1689910888671875,-4.7340087890625,0,0,1,0,0,1
336,5.03399658203125,-11.12298583984375,-1.46099853515625,0,0,1,0,0,1
337,0.0,0.0,0.0,0,0,0,1,0,1
337,-0.7570037841796875,4.660980224609375,1.6199951171875,0,0,0,1,1,1
337,4.2769927978515625,-6.462005615234375,0.15899658203125,0,0,1,0,0,1
337,8.031997680664034,0.3159942626953125,2.49798583984375,1,0,0,0,0,1
337,7.75299072265625,-2.5080108642578125,-3.114013671875,0,0,1,0,0,1
337,-1.156005859375,-8.75201416015625,-1.73602294921875,0,1,0,0,1,1
337,6.3690032958984375,6.26898193359375,-1.055999755859375,0,1,0,0,0,1
337,-0.7220001220703125,7.141998291015625,6.7869873046875,0,0,1,0,0,1
337,3.5899963378905966,10.97900390625,1.60400390625,0,1,0,0,0,1
337,12.856002807617188,2.7289886474609375,-0.010009765625,0,0,0,1,0,1
338,0.0,0.0,0.0,0,1,0,0,0,1
338,5.4329986572265625,2.290008544921875,1.89501953125,0,0,1,0,1,1
338,1.156005859375,8.75201416015625,1.73602294921875,0,0,0,1,1,1
338,9.875,-1.305999755859375,-2.760986328125,0,0,1,0,0,1
338,8.90899658203125,6.2440032958984375,-1.37799072265625,0,0,1,0,0,1
338,9.188003540039034,9.068008422851562,4.2340087890625,1,0,0,0,0,1
338,0.3990020751953125,13.412994384765625,3.35601806640625,0,0,0,1,0,1
338,16.010009765625,-1.919998168945284,3.438018798828125,0,1,0,0,0,1
338,7.5250091552734375,15.02099609375,0.680023193359375,0,1,0,0,0,1
338,15.06500244140625,6.7280120849609375,-5.839996337890625,0,1,0,0,0,1
339,0.0,0.0,0.0,0,0,1,0,0,1
339,-5.4329986572265625,-2.290008544921875,-1.89501953125,0,1,0,0,1,1
339,3.4759979248046875,3.9539947509765625,-3.27301025390625,0,0,1,0,0,1
339,4.4420013427734375,-3.59600830078125,-4.656005859375,0,0,1,0,0,1
339,-4.2769927978515625,6.462005615234375,-0.15899658203125,0,0,0,1,0,1
339,3.7550048828124716,6.7779998779296875,2.3389892578125,1,0,0,0,1,1
339,10.577011108398438,-4.210006713867159,1.542999267578125,0,1,0,0,0,1
339,-5.03399658203125,11.12298583984375,1.46099853515625,0,0,0,1,0,1
339,8.579010009765625,9.190994262695312,-0.16900634765625,0,0,0,1,0,1
339,2.092010498046875,12.730987548828125,-1.214996337890625,0,1,0,0,0,1
340,0.0,0.0,0.0,1,0,0,0,0,1
340,4.824005126953153,2.412994384765625,-2.50799560546875,0,0,0,1,0,1
340,-0.2790069580077841,-2.824005126953125,-5.61199951171875,0,0,1,0,0,1
340,-1.6629943847655966,5.9529876708984375,-3.553985595703125,0,1,0,0,0,1
340,7.0370025634765625,1.162002563476534,2.52301025390625,0,1,0,0,1,1
340,-3.7550048828124716,-6.7779998779296875,-2.3389892578125,0,0,1,0,1,1
340,-8.031997680664034,-0.3159942626953125,-2.49798583984375,0,0,0,1,0,1
340,-8.789001464843722,4.3449859619140625,-0.87799072265625,0,0,0,1,0,1
340,-4.4420013427734375,10.663009643554688,-0.89398193359375,0,1,0,0,0,1
340,9.945007324218778,1.5780029296875,6.212005615234318,0,1,0,0,0,1
341,0.0,0.0,0.0,0,1,0,0,0,1
341,2.908004760742216,0.4160003662109659,3.688995361328068,0,1,0,0,0,1
341,-2.212997436523409,1.250991821289091,-5.031005859375,0,0,0,1,1,1
341,6.643005371093778,0.8509979248047443,3.319000244140625,0,0,0,1,0,1
341,-7.0370025634765625,-1.162002563476534,-2.52301025390625,1,0,0,0,1,1
341,4.194992065429716,-0.7580108642577557,-6.71600341796875,1,0,0,0,0,1
341,4.382003784179716,-6.746002197265625,-1.0610046386719318,1,0,0,0,0,1
341,-0.22700500488278408,-9.5,4.302001953125,0,0,0,1,0,1
341,7.500000000000028,-3.406005859374943,6.472991943359375,1,0,0,0,0,1
341,9.498992919921903,0.5390014648437784,-6.623992919921932,1,0,0,0,0,1
342,0.0,0.0,0.0,0,0,0,1,0,1
342,2.212997436523409,-1.250991821289091,5.031005859375,0,1,0,0,1,1
342,-4.824005126953153,-2.412994384765625,2.50799560546875,1,0,0,0,0,1
342,6.407989501953125,-2.0090026855468466,-1.68499755859375,1,0,0,0,0,1
342,-6.48699951171875,3.5399932861328125,-1.045989990234375,0,1,0,0,1,1
342,-5.1030120849609375,-5.23699951171875,-3.10400390625,0,0,1,0,0,1
342,1.0529937744140625,-4.75299072265625,-7.566009521484375,0,1,0,0,0,1
342,5.121002197265625,-0.834991455078125,8.720001220703068,0,1,0,0,0,1
342,6.595001220703125,-7.996994018554716,3.970001220703068,1,0,0,0,0,1
342,11.711990356445312,-0.7119903564453125,-1.5929870605469318,1,0,0,0,0,1
343,0.0,0.0,0.0,0,1,0,0,0,1
343,-2.779006958007841,4.71002197265625,2.660003662109375,0,1,0,0,1,1
343,1.6629943847655966,-5.9529876708984375,3.553985595703125,1,0,0,0,0,1
343,6.48699951171875,-3.5399932861328125,1.045989990234375,0,0,0,1,1,1
343,-7.126007080078125,-1.608001708984375,2.675994873046875,0,0,0,1,0,1
343,-6.3690032958984375,-6.26898193359375,1.055999755859375,0,0,0,1,0,1
343,1.3839874267578125,-8.776992797851562,-2.058013916015625,0,0,1,0,0,1
343,-7.09100341796875,0.873016357421875,7.842987060546875,0,0,1,0,0,1
343,8.699996948242159,-4.790985107421903,6.076995849609375,0,1,0,0,0,1
343,-3.7690124511718466,7.70001220703125,7.9169921875,0,1,0,0,0,1
344,0.0,0.0,0.0,0,1,0,0,0,1
344,2.779006958007841,-4.71002197265625,-2.660003662109375,0,1,0,0,1,1
344,-0.9900054931640057,2.989990234375,5.256988525390625,0,1,0,0,1,1
344,-4.347000122070284,-6.318023681640625,0.0159912109375,0,0,0,1,0,1
344,-4.311996459960909,-3.837005615234375,5.1829833984375,0,0,1,0,0,1
344,-1.841995239257784,-2.75701904296875,10.27099609375,0,0,1,0,0,1
344,1.0960083007812784,4.733978271484375,10.1209716796875,0,1,0,0,0,1
344,4.4420013427734375,-10.663009643554688,0.89398193359375,1,0,0,0,0,1
344,-3.5899963378905966,-10.97900390625,-1.60400390625,0,0,0,1,0,1
344,9.266006469726591,-8.250015258789062,-1.614013671875,0,0,0,1,0,1
345,0.0,0.0,0.0,0,1,0,0,0,1
345,2.086013793945284,1.743988037109375,4.863983154296875,0,1,0,0,1,1
345,0.9900054931640057,-2.989990234375,-5.256988525390625,0,1,0,0,1,1
345,-3.3219909667969034,-6.826995849609375,-0.074005126953125,0,0,1,0,0,1
345,-0.8519897460937784,-5.74700927734375,5.014007568359375,0,0,1,0,0,1
345,5.929000854492131,2.295989990234375,8.311004638671875,0,0,1,0,0,1
345,3.75,-5.058990478515625,8.63299560546875,0,0,1,0,0,1
345,-3.3569946289062784,-9.308013916015625,-5.240997314453125,0,0,0,1,0,1
345,3.7690124511718466,-7.70001220703125,-7.9169921875,0,1,0,0,0,1
345,9.293014526367159,-4.903015136718807,9.135986328125,0,0,1,0,0,1
346,0.0,0.0,0.0,0,1,0,0,0,1
346,3.8429870605468466,0.552001953125,3.447021484375,0,0,1,0,1,1
346,-2.086013793945284,-1.743988037109375,-4.863983154296875,0,1,0,0,1,1
346,1.663986206054716,-6.802978515625,3.769012451171875,0,0,1,0,0,1
346,-2.9380035400390625,-7.490997314453125,0.1500244140625,0,0,1,0,0,1
346,9.23199462890625,0.214019775390625,4.886016845703125,0,0,0,1,0,1
346,7.207000732421875,-6.647003173828182,4.272003173828125,0,0,1,0,0,1
346,-1.0960083007812784,-4.733978271484375,-10.1209716796875,0,1,0,0,0,1
346,-5.4080047607421875,-8.57098388671875,-4.93798828125,0,0,1,0,0,1
346,12.112991333007812,-5.9169921875,2.133026123046875,0,1,0,0,0,1
347,0.0,0.0,0.0,0,0,1,0,0,1
347,-3.8429870605468466,-0.552001953125,-3.447021484375,0,1,0,0,1,1
347,5.389007568359403,-0.337982177734375,1.438995361328125,0,0,0,1,1,1
347,-2.1790008544921307,-7.35498046875,0.321990966796875,0,0,1,0,0,1
347,3.3640136718750284,-7.199005126953182,0.824981689453125,0,0,1,0,0,1
347,-5.929000854492131,-2.295989990234375,-8.311004638671875,0,1,0,0,0,1
347,8.270004272460966,-6.468994140625,-1.313995361328125,0,1,0,0,0,1
347,10.84700012207037,1.277008056640625,0.410980224609375,1,0,0,0,0,1
347,-6.780990600585909,-8.042999267578125,-3.2969970703125,0,0,1,0,0,1
347,11.639999389648466,-4.871978759765625,-5.6400146484375,1,0,0,0,0,1
348,0.0,0.0,0.0,0,0,0,1,0,1
348,-5.389007568359403,0.337982177734375,-1.438995361328125,0,0,1,0,1,1
348,5.457992553710966,1.614990234375,-1.02801513671875,1,0,0,0,1,1
348,-2.024993896484375,-6.861022949218807,-0.614013671875,0,0,1,0,0,1
348,2.8809967041015625,-6.131011962890625,-2.75299072265625,0,1,0,0,0,1
348,-7.568008422851534,-7.016998291015625,-1.11700439453125,0,0,1,0,0,1
348,-9.23199462890625,-0.214019775390625,-4.886016845703125,0,1,0,0,0,1
348,6.2509918212890625,-4.53399658203125,-7.079010009765625,1,0,0,0,0,1
348,8.57098388671875,4.03900146484375,-4.735992431640625,0,0,0,1,0,1
348,7.26300048828125,-0.204010009765625,-11.079010009765625,0,0,0,1,0,1
349,0.0,0.0,0.0,1,0,0,0,0,1
349,3.112991333007784,2.42401123046875,-3.707977294921875,0,0,0,1,1,1
349,-5.457992553710966,-1.614990234375,1.02801513671875,0,0,0,1,1,1
349,-2.5769958496094034,-7.746002197265625,-1.7249755859375,0,1,0,0,0,1
349,0.7929992675780966,-6.14898681640625,-6.050994873046875,1,0,0,0,0,1
349,1.805007934570284,-1.819000244140625,-10.050994873046875,0,0,0,1,0,1
349,4.236007690429602,5.55401611328125,-8.014984130859375,0,1,0,0,0,1
349,-10.84700012207037,-1.277008056640625,-0.410980224609375,0,0,1,0,0,1
349,-7.482986450195341,-8.476013183593807,0.41400146484375,0,0,1,0,0,1
349,-0.08099365234377842,1.964996337890625,-13.559997558593807,1,0,0,0,0,1
350,0.0,0.0,0.0,0,0,0,1,0,1
350,-3.112991333007784,-2.42401123046875,3.707977294921875,1,0,0,0,1,1
350,1.1230163574218182,3.1300048828125,-4.3070068359375,0,1,0,0,1,1
350,-1.3079833984375,-4.243011474609375,-6.343017578125,0,0,0,1,0,1
350,-2.3199920654296875,-8.572998046875,-2.343017578125,1,0,0,0,0,1
350,-3.1939849853515625,-0.459014892578125,-9.852020263671932,1,0,0,0,0,1
350,-8.57098388671875,-4.03900146484375,4.735992431640625,0,0,0,1,0,1
350,0.27801513671875,7.10400390625,-8.337005615234375,0,0,1,0,0,1
350,-5.6899871826171875,-10.170013427734375,1.983001708984375,0,1,0,0,0,1
350,-6.425979614257784,3.417999267578125,-11.52301025390625,0,0,1,0,0,1
351,0.0,0.0,0.0,0,1,0,0,0,1
351,-1.1230163574218182,-3.1300048828125,4.3070068359375,0,0,0,1,1,1
351,-0.8450012207030682,3.9739990234375,-4.029998779296875,0,0,1,0,1,1
351,-4.317001342773381,-3.589019775390625,-5.545013427734432,1,0,0,0,0,1
351,-2.430999755859318,-7.373016357421875,-2.0360107421875,0,0,0,1,0,1
351,-7.548995971679602,0.287994384765625,-7.21600341796875,0,0,1,0,0,1
351,-4.236007690429602,-5.55401611328125,8.014984130859375,1,0,0,0,0,1
351,-3.7660064697265057,8.2769775390625,-6.076995849609375,0,0,1,0,0,1
351,-3.4430084228515057,-11.7030029296875,1.9639892578125,1,0,0,0,0,1
351,-11.184005737304659,4.33599853515625,-6.5150146484375,0,1,0,0,0,1
352,0.0,0.0,0.0,0,0,1,0,0,1
352,-2.9210052490234375,4.302978515625,-2.0469970703125,0,0,1,0,1,1
352,0.8450012207030682,-3.9739990234375,4.029998779296875,0,1,0,0,1,1
352,-6.703994750976534,-3.686004638671875,-3.186004638671875,0,0,1,0,0,1
352,-3.4720001220703125,-7.563018798828125,-1.5150146484375568,1,0,0,0,0,1
352,-6.673004150390625,7.64898681640625,-1.475006103515625,1,0,0,0,0,1
352,-10.339004516601591,0.36199951171875,-2.485015869140625,0,1,0,0,0,1
352,-0.27801513671875,-7.10400390625,8.337005615234375,0,0,0,1,0,1
352,-1.58599853515625,-11.347015380859375,1.993988037109375,0,0,0,1,0,1
352,-13.136001586914062,3.180999755859375,1.083984375,0,1,0,0,0,1
353,0.0,0.0,0.0,0,0,1,0,0,1
353,-3.7519989013671875,3.34600830078125,0.571990966796875,1,0,0,0,1,1
353,2.9210052490234375,-4.302978515625,2.0469970703125,0,0,1,0,1,1
353,-7.417999267578153,-3.94097900390625,-0.438018798828125,0,1,0,0,0,1
353,-3.7829895019530966,-7.988983154296875,-1.139007568359375,0,0,1,0,0,1
353,-10.214996337890625,-1.121978759765625,3.1309814453125,0,1,0,0,0,1
353,3.7660064697265057,-8.2769775390625,6.076995849609375,0,1,0,0,0,1
353,-7.447998046875,7.641021728515625,4.1510009765625,0,0,1,0,0,1
353,-0.550994873046875,-11.865997314453125,0.5319824218749432,1,0,0,0,0,1
353,-10.865997314453097,0.962005615234375,7.97998046875,0,0,0,1,0,1
354,0.0,0.0,0.0,1,0,0,0,0,1
354,3.7519989013671875,-3.34600830078125,-0.571990966796875,0,0,1,0,1,1
354,-3.6959991455078125,4.295013427734375,3.579010009765625,0,0,1,0,1,1
354,-3.666000366210966,-7.2869873046875,-1.010009765625,0,1,0,0,0,1
354,-6.4629974365234375,-4.467987060546875,2.558990478515625,0,1,0,0,0,1
354,6.673004150390625,-7.64898681640625,1.475006103515625,0,0,1,0,0,1
354,-7.113998413085909,-2.384002685546875,7.407989501953125,0,0,0,1,0,1
354,-0.03099060058590908,-11.334991455078125,-1.71099853515625,0,0,1,0,0,1
354,-4.951995849609347,6.941009521484375,7.944000244140625,0,1,0,0,0,1
354,7.518005371093693,-11.62298583984375,5.5050048828125,0,1,0,0,0,1
355,0.0,0.0,0.0,0,0,1,0,0,1
355,-1.255996704101534,2.64599609375,4.364990234375,0,1,0,0,1,1
355,3.6959991455078125,-4.295013427734375,-3.579010009765625,1,0,0,0,1,1
355,-3.4179992675780966,-6.67901611328125,3.8289794921875,0,0,0,1,0,1
355,-2.766998291015625,-8.76300048828125,-1.02001953125,0,1,0,0,0,1
355,7.447998046875,-7.641021728515625,-4.1510009765625,0,0,1,0,0,1
355,0.02999877929684658,-11.582000732421875,-4.589019775390625,0,1,0,0,0,1
355,-6.3759918212890625,9.4739990234375,7.05499267578125,0,1,0,0,0,1
355,10.369003295898438,-11.944000244140625,-2.10400390625,0,0,1,0,0,1
355,3.6650085449219034,-15.6300048828125,-5.290008544921875,0,0,1,0,0,1
356,0.0,0.0,0.0,0,1,0,0,0,1
356,1.255996704101534,-2.64599609375,-4.364990234375,0,0,1,0,1,1
356,-5.119995117187528,6.8280029296875,2.69000244140625,0,1,0,0,1,1
356,-2.1620025634765625,-9.32501220703125,-0.5360107421875,0,0,0,1,0,1
356,4.951995849609347,-6.941009521484375,-7.944000244140625,1,0,0,0,0,1
356,-7.792999267578153,3.720001220703125,8.540008544921875,1,0,0,0,0,1
356,-1.511001586914091,-11.40899658203125,-5.385009765625,0,1,0,0,0,1
356,8.703994750976534,-10.287017822265625,-8.5159912109375,0,0,1,0,0,1
356,1.2859954833983807,-14.227996826171875,-8.954010009765625,0,1,0,0,0,1
356,11.624999999999972,-14.589996337890625,-6.468994140625,0,0,1,0,0,1
357,0.0,0.0,0.0,0,1,0,0,0,1
357,-2.673004150390625,-3.108001708984375,5.850006103515625,1,0,0,0,1,1
357,5.119995117187528,-6.8280029296875,-2.69000244140625,0,1,0,0,1,1
357,6.3759918212890625,-9.4739990234375,-7.05499267578125,0,0,1,0,0,1
357,2.957992553710966,-16.15301513671875,-3.22601318359375,0,0,0,1,0,1
357,10.071990966796875,-13.769012451171875,-10.634002685546875,1,0,0,0,0,1
357,3.6089935302734375,-18.23699951171875,-8.07501220703125,0,1,0,0,0,1
357,13.823989868164062,-17.115020751953125,-11.20599365234375,0,0,1,0,0,1
357,6.405990600585909,-21.055999755859375,-11.644012451171875,0,1,0,0,0,1
357,16.7449951171875,-21.417999267578125,-9.15899658203125,0,0,1,0,0,1
358,0.0,0.0,0.0,1,0,0,0,0,1
358,2.673004150390625,3.108001708984375,-5.850006103515625,0,1,0,0,1,1
358,7.792999267578153,-3.720001220703125,-8.540008544921875,0,1,0,0,0,1
358,5.630996704101591,-13.045013427734375,-9.076019287109375,0,0,0,1,0,1
358,9.048995971679688,-6.365997314453125,-12.904998779296875,0,0,1,0,0,1
358,6.2819976806640625,-15.128997802734375,-13.925018310546875,0,1,0,0,0,1
358,12.7449951171875,-10.6610107421875,-16.4840087890625,1,0,0,0,0,1
358,9.078994750976534,-17.947998046875,-17.4940185546875,0,1,0,0,0,1
358,16.496994018554688,-14.00701904296875,-17.055999755859375,0,0,1,0,0,1
358,5.179992675781222,-29.115020751953125,-3.375,0,0,1,0,0,1
359,0.0,0.0,0.0,0,0,1,0,0,1
359,1.3940000534057617,-1.070000171661376,-4.75,0,0,1,0,1,1
359,-1.8949999809265137,7.064999818801881,-7.471000015735626,0,1,0,0,0,1
359,1.9869999885559082,-0.3370001316070548,-10.49399995803833,0,0,0,1,0,1
359,3.3410000801086426,8.709999799728394,-8.406000018119812,0,1,0,0,0,1
359,5.607000112533569,0.06900000572204679,-12.15999984741211,0,0,1,0,0,1
359,7.927000105381012,8.572999715805054,-8.492000043392181,1,0,0,0,0,1
359,10.13700008392334,-1.2820000648498526,-10.980000019073486,0,0,0,1,0,1
359,12.127000331878662,6.210999727249146,-6.764000058174133,0,1,0,0,0,1
359,15.35200023651123,4.080999970436097,-6.1600000858306885,1,0,0,0,0,1
360,0.0,0.0,0.0,0,0,1,0,0,1
360,-1.3940000534057617,1.070000171661376,4.75,0,0,1,0,1,1
360,0.5929999351501465,0.7330000400543213,-5.74399995803833,0,0,0,1,1,1
360,4.213000059127808,1.1390001773834229,-7.409999847412109,0,0,1,0,0,1
360,-3.2890000343322754,8.134999990463257,-2.721000015735626,0,1,0,0,0,1
360,1.9470000267028809,9.77999997138977,-3.656000018119812,0,1,0,0,0,1
360,8.743000030517578,-0.21199989318847656,-6.230000019073486,0,0,0,1,0,1
360,6.53300005197525,9.64299988746643,-3.7420000433921814,1,0,0,0,0,1
360,10.7330002784729,7.2809998989105225,-2.0140000581741333,0,1,0,0,0,1
360,12.587999820709229,-2.549999952316284,-5.7850000858306885,0,0,1,0,0,1
361,0.0,0.0,0.0,0,0,0,1,0,1
361,3.6200001239776607,0.40600013732910156,-1.6659998893737793,0,0,1,0,1,1
361,-0.5929999351501465,-0.7330000400543213,5.74399995803833,0,0,1,0,1,1
361,8.150000095367432,-0.9449999332427979,-0.48600006103515625,0,0,0,1,0,1
361,-3.881999969482422,7.4019999504089355,3.022999942302704,0,1,0,0,0,1
361,1.3540000915527344,9.04699993133545,2.087999939918518,0,1,0,0,0,1
361,-1.9869999885559082,0.3370001316070548,10.49399995803833,0,0,1,0,0,1
361,5.940000116825104,8.90999984741211,2.0019999146461487,1,0,0,0,0,1
361,11.994999885559082,-3.2829999923706055,-0.0410001277923584,0,0,1,0,0,1
361,10.140000343322754,6.547999858856201,3.7299998998641968,0,1,0,0,0,1
362,0.0,0.0,0.0,0,0,1,0,0,1
362,-3.6200001239776607,-0.40600013732910156,1.6659998893737793,0,0,0,1,1,1
362,4.5299999713897705,-1.3510000705718994,1.179999828338623,0,0,0,1,1,1
362,-4.213000059127808,-1.1390001773834229,7.409999847412109,0,0,1,0,0,1
362,8.374999761581421,-3.689000129699707,1.624999761581421,0,0,1,0,0,1
362,2.319999992847443,8.503999710083008,3.667999804019928,1,0,0,0,0,1
362,-2.2660000324249263,8.640999794006348,3.7539998292922974,0,1,0,0,0,1
362,6.520000219345093,6.1419997215271,5.395999789237976,0,1,0,0,0,1
362,-7.502000093460083,6.995999813079834,4.688999831676483,0,1,0,0,0,1
362,9.745000123977661,4.01199996471405,5.999999761581421,1,0,0,0,0,1
363,0.0,0.0,0.0,0,0,0,1,0,1
363,3.8449997901916504,-2.3380000591278076,0.44499993324279785,0,0,1,0,1,1
363,-4.5299999713897705,1.3510000705718994,-1.179999828338623,0,0,1,0,1,1
363,7.068999767303467,1.61899995803833,3.166999988257885,1,0,0,0,0,1
363,-8.150000095367432,0.9449999332427979,0.48600006103515625,0,0,0,1,0,1
363,1.9900002479553223,7.492999792098999,4.215999960899353,0,1,0,0,0,1
363,5.215000152587891,5.36300003528595,4.819999933242798,1,0,0,0,0,1
363,-2.209999978542328,9.854999780654907,2.487999975681305,1,0,0,0,0,1
363,-8.743000030517578,0.21199989318847656,6.230000019073486,0,0,1,0,0,1
363,-6.796000003814697,9.991999864578247,2.5740000009536743,0,1,0,0,0,1
364,0.0,0.0,0.0,0,0,1,0,0,1
364,-3.8449997901916504,2.3380000591278076,-0.44499993324279785,0,0,0,1,1,1
364,3.2239999771118164,3.9570000171661377,2.722000055015087,1,0,0,0,1,1
364,1.3700003623962402,7.701000094413757,4.375,1,0,0,0,0,1
364,-8.374999761581421,3.689000129699707,-1.624999761581421,0,0,1,0,0,1
364,-1.8549995422363281,9.830999851226807,3.771000027656555,0,1,0,0,0,1
364,-11.994999885559082,3.2829999923706055,0.0410001277923584,0,0,0,1,0,1
364,-6.054999768733978,12.192999839782715,2.043000042438507,1,0,0,0,0,1
364,-12.587999820709229,2.549999952316284,5.7850000858306885,0,0,1,0,0,1
364,-10.640999794006348,12.329999923706055,2.1290000677108765,0,1,0,0,0,1
365,0.0,0.0,0.0,1,0,0,0,0,1
365,-1.8539996147155762,3.7440000772476196,1.6529999449849129,1,0,0,0,1,1
365,-3.2239999771118164,-3.9570000171661377,-2.722000055015087,0,0,1,0,1,1
365,-5.0789995193481445,5.873999834060669,1.048999972641468,0,1,0,0,0,1
365,-7.068999767303467,-1.61899995803833,-3.166999988257885,0,0,0,1,0,1
365,-11.598999738693237,-0.26799988746643066,-4.346999816596508,0,0,1,0,0,1
365,-9.278999745845795,8.235999822616577,-0.6790000125765799,1,0,0,0,0,1
365,-15.218999862670898,-0.6740000247955322,-2.6809999272227287,0,0,0,1,0,1
365,-15.811999797821045,-1.4070000648498535,3.0630000308156013,0,0,1,0,0,1
365,-13.864999771118164,8.372999906539917,-0.5929999873042106,0,1,0,0,0,1
366,0.0,0.0,0.0,1,0,0,0,0,1
366,-3.2249999046325684,2.1299997568130493,-0.6039999723434448,0,1,0,0,1,1
366,1.8539996147155762,-3.7440000772476196,-1.6529999449849129,1,0,0,0,1,1
366,-5.215000152587891,-5.36300003528595,-4.819999933242798,0,0,0,1,0,1
366,-1.3700003623962402,-7.701000094413757,-4.375,0,0,1,0,0,1
366,-7.4250001311302185,4.4919997453689575,-2.331999957561493,1,0,0,0,0,1
366,-9.745000123977661,-4.01199996471405,-5.999999761581421,0,0,1,0,0,1
366,-12.011000156402588,4.628999829292297,-2.2459999322891235,0,1,0,0,0,1
366,-13.365000247955322,-4.418000102043152,-4.333999872207642,0,0,0,1,0,1
366,-13.958000183105469,-5.151000142097473,1.4100000858306885,0,0,1,0,0,1
367,0.0,0.0,0.0,0,1,0,0,0,1
367,3.2249999046325684,-2.1299997568130493,0.6039999723434448,1,0,0,0,1,1
367,-4.20000022649765,2.361999988555908,-1.727999985218048,1,0,0,0,1,1
367,5.0789995193481445,-5.873999834060669,-1.048999972641468,1,0,0,0,0,1
367,-1.9900002479553223,-7.492999792098999,-4.215999960899353,0,0,0,1,0,1
367,-8.78600025177002,2.499000072479248,-1.6419999599456787,0,1,0,0,0,1
367,-6.520000219345093,-6.1419997215271,-5.395999789237976,0,0,1,0,0,1
367,1.8549995422363281,-9.830999851226807,-3.771000027656555,0,0,1,0,0,1
367,-10.140000343322754,-6.547999858856201,-3.7299998998641968,0,0,0,1,0,1
367,-10.7330002784729,-7.2809998989105225,2.0140000581741333,0,0,1,0,0,1
368,0.0,0.0,0.0,1,0,0,0,0,1
368,-4.586000025272369,0.13700008392333984,0.08600002527236938,0,1,0,0,1,1
368,4.20000022649765,-2.361999988555908,1.727999985218048,0,1,0,0,1,1
368,7.4250001311302185,-4.4919997453689575,2.331999957561493,1,0,0,0,0,1
368,-2.319999992847443,-8.503999710083008,-3.667999804019928,0,0,1,0,0,1
368,-9.822000086307526,-1.5079998970031738,1.0210000276565552,0,1,0,0,0,1
368,2.209999978542328,-9.854999780654907,-2.487999975681305,0,0,0,1,0,1
368,-5.940000116825104,-8.90999984741211,-2.0019999146461487,0,0,0,1,0,1
368,-6.53300005197525,-9.64299988746643,3.7420000433921814,0,0,1,0,0,1
368,9.278999745845795,-8.235999822616577,0.6790000125765799,1,0,0,0,0,1
369,0.0,0.0,0.0,0,1,0,0,0,1
369,4.586000025272369,-0.13700008392333984,-0.08600002527236938,1,0,0,0,1,1
369,-5.236000061035156,-1.6449999809265137,0.9350000023841858,0,1,0,0,1,1
369,8.78600025177002,-2.499000072479248,1.6419999599456787,0,1,0,0,0,1
369,-1.3540000915527344,-9.04699993133545,-2.087999939918518,0,0,0,1,0,1
369,2.2660000324249263,-8.640999794006348,-3.7539998292922974,0,0,1,0,0,1
369,-1.9470000267028809,-9.77999997138977,3.656000018119812,0,0,1,0,0,1
369,6.796000003814697,-9.991999864578247,-2.5740000009536743,0,0,0,1,0,1
369,-3.3410000801086426,-8.709999799728394,8.406000018119812,0,0,1,0,0,1
369,12.011000156402588,-4.628999829292297,2.2459999322891235,1,0,0,0,0,1
370,0.0,0.0,0.0,0,1,0,0,0,1
370,5.236000061035156,1.6449999809265137,-0.9350000023841858,0,1,0,0,1,1
370,3.881999969482422,-7.4019999504089355,-3.022999942302704,0,0,0,1,0,1
370,3.2890000343322754,-8.134999990463257,2.721000015735626,0,0,1,0,0,1
370,9.822000086307526,1.5079998970031738,-1.0210000276565552,1,0,0,0,0,1
370,1.8949999809265137,-7.064999818801881,7.471000015735626,0,0,1,0,0,1
370,7.502000093460083,-6.995999813079834,-4.688999831676483,0,0,1,0,0,1
370,14.022000312805176,-0.8540000915527344,0.7069999575614929,0,1,0,0,0,1
370,12.032000064849854,-8.346999883651733,-3.50900000333786,0,0,0,1,0,1
370,17.247000217437744,-2.9839998483657837,1.3109999299049377,1,0,0,0,0,1
371,0.0,0.0,0.0,0,0,1,0,0,1
371,-3.456999778747557,-3.7230014801025355,1.5459995269775426,0,0,1,0,1,1
371,-7.670000076293945,-3.372001647949215,4.883998870849609,0,1,0,0,0,1
371,2.3349990844726562,-2.4670009613037074,10.159997940063477,0,1,0,0,0,1
371,-2.1640005111694336,0.6219997406005895,12.56199836730957,0,1,0,0,0,1
371,-4.223999977111818,4.743999481201179,11.124998092651367,0,0,1,0,0,1
371,-9.497000217437744,1.011999130249027,10.398000717163086,1,0,0,0,0,1
371,-12.89300012588501,2.4319992065429723,6.661998748779304,1,0,0,0,0,1
371,-15.603000044822693,-5.685001373291012,5.406999588012695,1,0,0,0,0,1
372,0.0,0.0,0.0,0,0,1,0,0,1
372,3.456999778747557,3.7230014801025355,-1.5459995269775426,0,0,1,0,1,1
372,-4.2130002975463885,0.3509998321533203,3.3379993438720668,0,1,0,0,1,1
372,5.791998863220213,1.2560005187988281,8.613998413085934,0,1,0,0,0,1
372,-6.040000438690187,4.7350006103515625,8.852001190185543,1,0,0,0,0,1
372,1.2929992675781232,4.345001220703125,11.015998840332028,0,1,0,0,0,1
372,-9.436000347137453,6.155000686645508,5.115999221801761,1,0,0,0,0,1
372,-0.7670001983642614,8.467000961303714,9.578998565673825,0,0,1,0,0,1
372,-12.146000266075136,-1.9619998931884766,3.8610000610351527,1,0,0,0,0,1
373,0.0,0.0,0.0,0,1,0,0,0,1
373,4.2130002975463885,-0.3509998321533203,-3.3379993438720668,0,0,1,0,1,1
373,-1.8270001411437988,4.384000778198242,5.514001846313477,1,0,0,0,0,1
373,-5.2230000495910645,5.8040008544921875,1.7779998779296946,1,0,0,0,0,1
373,-7.932999968528748,-2.312999725341797,0.5230007171630859,1,0,0,0,1,1
373,7.670000076293945,3.372001647949215,-4.883998870849609,0,0,1,0,0,1
373,5.505999565124512,3.9940013885498047,7.677999496459961,0,1,0,0,0,1
373,3.446000099182127,8.116001129150394,6.240999221801758,0,0,1,0,0,1
373,10.004999160766602,0.9050006866455078,5.275999069213867,0,1,0,0,0,1
374,0.0,0.0,0.0,1,0,0,0,0,1
374,7.932999968528748,2.312999725341797,-0.5230007171630859,0,1,0,0,1,1
374,2.7099999189376835,8.117000579833984,1.2549991607666087,1,0,0,0,1,1
374,6.105999827384949,6.697000503540039,4.991001129150391,1,0,0,0,0,1
374,12.146000266075136,1.9619998931884766,-3.8610000610351527,0,0,1,0,0,1
374,11.379000067710875,10.429000854492191,5.717998504638672,0,0,1,0,0,1
374,13.43899953365326,6.307001113891602,7.154998779296875,0,1,0,0,0,1
374,15.603000044822693,5.685001373291012,-5.406999588012695,0,0,1,0,0,1
374,17.93799912929535,3.2180004119873047,4.752998352050781,0,1,0,0,0,1
375,0.0,0.0,0.0,1,0,0,0,0,1
375,3.395999908447265,-1.4200000762939453,3.736001968383782,1,0,0,0,1,1
375,5.2230000495910645,-5.8040008544921875,-1.7779998779296946,0,1,0,0,0,1
375,-2.7099999189376835,-8.117000579833984,-1.2549991607666087,1,0,0,0,1,1
375,8.669000148773192,2.3120002746582067,4.462999343872063,0,0,1,0,0,1
375,9.436000347137453,-6.155000686645508,-5.115999221801761,0,0,1,0,0,1
375,10.728999614715576,-1.8099994659423828,5.899999618530266,0,1,0,0,0,1
375,12.89300012588501,-2.4319992065429723,-6.661998748779304,0,0,1,0,0,1
375,15.227999210357666,-4.89900016784668,3.4979991912841726,0,1,0,0,0,1
376,0.0,0.0,0.0,1,0,0,0,0,1
376,-3.395999908447265,1.4200000762939453,-3.736001968383782,1,0,0,0,1,1
376,5.273000240325926,3.732000350952152,0.7269973754882812,0,0,1,0,1,1
376,1.8270001411437988,-4.384000778198242,-5.514001846313477,0,1,0,0,0,1
376,7.3329997062683105,-0.3899993896484375,2.1639976501464844,0,1,0,0,0,1
376,-6.105999827384949,-6.697000503540039,-4.991001129150391,1,0,0,0,0,1
376,6.040000438690187,-4.7350006103515625,-8.852001190185543,0,0,1,0,0,1
376,11.8319993019104,-3.4790000915527344,-0.23800277709960938,0,1,0,0,0,1
376,9.497000217437744,-1.011999130249027,-10.398000717163086,0,0,1,0,0,1
377,0.0,0.0,0.0,0,0,1,0,0,1
377,2.0599994659423846,-4.1219997406005895,1.4370002746582031,0,1,0,0,1,1
377,-5.273000240325926,-3.732000350952152,-0.7269973754882812,1,0,0,0,1,1
377,6.558999061584474,-7.211000442504886,-0.9650001525878906,0,1,0,0,0,1
377,-8.669000148773192,-2.3120002746582067,-4.462999343872063,1,0,0,0,0,1
377,-3.446000099182127,-8.116001129150394,-6.240999221801758,0,1,0,0,0,1
377,0.7670001983642614,-8.467000961303714,-9.578998565673825,0,0,1,0,0,1
377,4.223999977111818,-4.743999481201179,-11.124998092651367,0,0,1,0,0,1
377,-11.379000067710875,-10.429000854492191,-5.717998504638672,1,0,0,0,0,1
378,0.0,0.0,0.0,0,1,0,0,0,1
378,-2.0599994659423846,4.1219997406005895,-1.4370002746582031,0,0,1,0,1,1
378,4.49899959564209,-3.089000701904297,-2.4020004272460938,0,1,0,0,1,1
378,-7.3329997062683105,0.3899993896484375,-2.1639976501464844,1,0,0,0,0,1
378,-5.505999565124512,-3.9940013885498047,-7.677999496459961,0,1,0,0,0,1
378,-1.2929992675781232,-4.345001220703125,-11.015998840332028,0,0,1,0,0,1
378,-10.728999614715576,1.8099994659423828,-5.899999618530266,1,0,0,0,0,1
378,2.1640005111694336,-0.6219997406005895,-12.56199836730957,0,0,1,0,0,1
378,-13.43899953365326,-6.307001113891602,-7.154998779296875,1,0,0,0,0,1
379,0.0,0.0,0.0,0,1,0,0,0,1
379,-4.49899959564209,3.089000701904297,2.4020004272460938,0,1,0,0,1,1
379,-6.558999061584474,7.211000442504886,0.9650001525878906,0,0,1,0,0,1
379,-5.791998863220213,-1.2560005187988281,-8.613998413085934,0,0,1,0,0,1
379,-2.3349990844726562,2.4670009613037074,-10.159997940063477,0,0,1,0,0,1
379,-10.004999160766602,-0.9050006866455078,-5.275999069213867,0,1,0,0,0,1
379,-11.8319993019104,3.4790000915527344,0.23800277709960938,1,0,0,0,0,1
379,-15.227999210357666,4.89900016784668,-3.4979991912841726,1,0,0,0,0,1
379,-17.93799912929535,-3.2180004119873047,-4.752998352050781,1,0,0,0,0,1
380,0.0,0.0,0.0,0,0,0,1,0,1
380,-6.425003051757827,-5.499000549316406,-2.555999755859375,0,0,1,0,1,1
380,-3.8199996948242188,-7.794998168945298,-9.347999572753906,0,1,0,0,0,1
380,-9.799003601074219,-8.724998474121108,0.593994140625,1,0,0,0,0,1
380,4.4359970092773295,-4.5670013427734375,12.871994018554688,0,1,0,0,0,1
380,0.98699951171875,-7.0739974975585795,-12.49200439453125,0,0,0,1,0,1
380,0.108001708984375,-1.8850021362304545,14.791999816894545,1,0,0,0,0,1
380,-6.831001281738281,-11.503997802734375,-6.734001159667969,0,0,0,1,0,1
380,-8.719001770019531,-12.589996337890625,4.1100006103515625,0,0,1,0,0,1
380,7.2129974365234375,-9.368995666503906,10.761993408203125,0,0,0,1,0,1
381,0.0,0.0,0.0,0,0,1,0,0,1
381,-3.374000549316392,-3.2259979248047017,3.149993896484375,1,0,0,0,1,1
381,-0.40599822998045454,-6.004997253417969,-4.178001403808594,0,0,0,1,0,1
381,2.605003356933608,-2.295997619628892,-6.791999816894531,0,1,0,0,0,1
381,6.425003051757827,5.499000549316406,2.555999755859375,0,0,0,1,1,1
381,-2.2939987182617045,-7.090995788574219,6.6660003662109375,0,0,1,0,0,1
381,-0.8889999389648438,-10.311996459960938,-1.173004150390625,0,0,0,1,0,1
381,7.412002563476577,-1.5749969482421733,-9.936004638671875,0,0,0,1,0,1
381,1.5460052490234375,-13.60699462890625,2.2439956665039205,0,0,0,1,0,1
381,-0.2749938964843608,-11.1510009765625,9.775993347167955,0,0,1,0,0,1
382,0.0,0.0,0.0,1,0,0,0,0,1
382,1.0800018310546875,-3.864997863769517,3.5160064697265625,0,0,1,0,1,1
382,3.374000549316392,3.2259979248047017,-3.149993896484375,0,0,1,0,1,1
382,2.9680023193359375,-2.778999328613267,-7.327995300292969,0,0,0,1,0,1
382,2.4850006103515483,-7.085998535156236,-4.322998046875,0,0,0,1,0,1
382,3.0990066528320312,-7.925003051757798,6.6259994506835795,0,0,1,0,0,1
382,4.9200057983398295,-10.380996704101548,-0.9059982299804545,0,0,0,1,0,1
382,5.97900390625,0.9300003051758097,-9.941993713378906,0,1,0,0,0,1
382,9.799003601074219,8.724998474121108,-0.593994140625,0,0,0,1,0,1
382,9.583999633789077,-11.077003479003892,2.51800537109375,0,1,0,0,0,1
383,0.0,0.0,0.0,0,0,1,0,0,1
383,-1.0800018310546875,3.864997863769517,-3.5160064697265625,1,0,0,0,1,1
383,2.0190048217773438,-4.060005187988281,3.109992980957017,0,0,1,0,1,1
383,1.4049987792968608,-3.2210006713867188,-7.8390045166015625,0,0,0,1,0,1
383,3.840003967285142,-6.515998840332031,-4.422004699707017,0,0,0,1,0,1
383,2.2939987182617045,7.090995788574219,-6.6660003662109375,0,0,1,0,0,1
383,5.749000549316406,-6.284004211425781,6.340995788574219,0,0,0,1,0,1
383,1.88800048828125,1.08599853515625,-10.844001770019531,0,0,0,1,0,1
383,8.50399780273439,-7.212005615234375,-0.9980010986328125,0,1,0,0,0,1
383,13.18900299072267,-5.3000030517578125,2.292999267578125,0,0,0,1,0,1
384,0.0,0.0,0.0,0,0,1,0,0,1
384,3.7299957275390625,-2.2239990234375,3.2310028076172017,0,0,0,1,1,1
384,-2.0190048217773438,4.060005187988281,-3.109992980957017,0,0,1,0,1,1
384,1.8209991455077983,-2.45599365234375,-7.531997680664034,0,0,0,1,0,1
384,6.4849929809570455,-3.1520004272460938,-4.1079940795898295,0,1,0,0,0,1
384,-3.0990066528320312,7.925003051757798,-6.6259994506835795,1,0,0,0,0,1
384,-0.614006042480483,0.8390045166015625,-10.94899749755858,0,0,0,1,0,1
384,8.25399780273436,-1.9279937744140767,7.187004089355483,1,0,0,0,0,1
384,11.169998168945327,-1.2399978637695312,-0.816993713378892,0,0,0,1,0,1
384,13.876998901367188,2.6970062255859233,1.2380065917968892,0,0,1,0,0,1
385,0.0,0.0,0.0,0,0,0,1,0,1
385,-3.7299957275390625,2.2239990234375,-3.2310028076172017,0,0,1,0,1,1
385,4.524002075195298,0.2960052490234233,3.9560012817382812,1,0,0,0,1,1
385,2.754997253417983,-0.9280014038085938,-7.338996887207031,0,1,0,0,0,1
385,7.440002441406264,0.9840011596679688,-4.047996520996094,0,0,0,1,0,1
385,-5.749000549316406,6.284004211425781,-6.340995788574219,0,0,1,0,0,1
385,-1.9089965820312642,-0.23199462890625,-10.763000488281236,0,0,0,1,0,1
385,7.8850021362304545,3.7000045776367188,6.831001281738281,0,0,1,0,0,1
385,10.147003173828125,4.921005249023423,-1.9929962158203125,0,0,1,0,0,1
385,10.182998657226562,9.5050048828125,0.31099700927734375,0,0,0,1,0,1
386,0.0,0.0,0.0,1,0,0,0,0,1
386,3.3610000610351562,3.4039993286132955,2.875,0,0,1,0,1,1
386,-4.524002075195298,-0.2960052490234233,-3.9560012817382812,0,0,0,1,1,1
386,2.916000366210966,0.6879959106445455,-8.003997802734375,0,0,0,1,0,1
386,5.623001098632827,4.625,-5.948997497558594,0,0,1,0,0,1
386,4.736999511718764,8.083000183105483,4.964996337890625,0,0,0,1,0,1
386,-8.25399780273436,1.9279937744140767,-7.187004089355483,0,0,1,0,0,1
386,5.658996582031264,9.208999633789077,-3.6450042724609375,0,0,0,1,0,1
386,-1.7690048217773153,-1.224006652832017,-11.294998168945312,0,1,0,0,0,1
386,2.8819961547851562,14.010993957519545,-1.535003662109375,0,1,0,0,0,1
387,0.0,0.0,0.0,0,0,1,0,0,1
387,1.375999450683608,4.6790008544921875,2.089996337890625,0,0,0,1,1,1
387,-3.3610000610351562,-3.4039993286132955,-2.875,1,0,0,0,1,1
387,2.297996520996108,5.805000305175781,-6.5200042724609375,0,0,0,1,0,1
387,2.2620010375976705,1.2210006713867045,-8.823997497558594,0,0,1,0,0,1
387,-0.07099914550779829,9.633995056152344,4.1729965209960795,1,0,0,0,0,1
387,-7.8850021362304545,-3.7000045776367188,-6.831001281738281,0,0,0,1,0,1
387,-0.44499969482419033,-2.71600341796875,-10.878997802734375,0,0,0,1,0,1
387,-0.47900390625,10.60699462890625,-4.410003662109375,0,1,0,0,0,1
387,-4.8069992065429545,13.288993835449233,-2.489997863769517,1,0,0,0,0,1
388,0.0,0.0,0.0,0,0,0,1,0,1
388,-1.375999450683608,-4.6790008544921875,-2.089996337890625,0,0,1,0,1,1
388,-1.4469985961914062,4.954994201660156,2.0830001831054545,1,0,0,0,1,1
388,0.9219970703125,1.1259994506835938,-8.610000610351562,0,0,0,1,0,1
388,-1.855003356933608,5.9279937744140625,-6.5,0,1,0,0,0,1
388,-5.290000915527344,8.185997009277344,4.1350021362304545,0,0,1,0,0,1
388,-4.736999511718764,-8.083000183105483,-4.964996337890625,1,0,0,0,0,1
388,0.8860015869140625,-3.458000183105483,-10.913993835449219,0,0,1,0,0,1
388,-6.1829986572265625,8.609992980957045,-4.579994201660142,1,0,0,0,0,1
388,-11.137001037597656,8.065994262695312,-2.4319992065429688,0,0,0,1,0,1
389,0.0,0.0,0.0,1,0,0,0,0,1
389,-3.8430023193359375,3.2310028076171875,2.052001953125,0,0,1,0,1,1
389,1.4469985961914062,-4.954994201660156,-2.0830001831054545,0,0,0,1,1,1
389,-0.4080047607422017,0.9729995727539062,-8.583000183105455,0,1,0,0,0,1
389,-4.736000061035156,3.654998779296889,-6.662994384765597,1,0,0,0,0,1
389,-8.707000732421875,2.8700027465820455,4.157005310058608,0,0,1,0,0,1
389,0.07099914550779829,-9.633995056152344,-4.1729965209960795,0,0,1,0,0,1
389,-9.69000244140625,3.1110000610351562,-4.514999389648423,0,0,0,1,0,1
389,2.3689956665039062,-3.8289947509765625,-10.693000793457017,0,0,0,1,0,1
389,-13.999000549316392,0.02700042724607954,-2.097999572753892,0,1,0,0,0,1
390,0.0,0.0,0.0,0,0,1,0,0,1
390,-4.8639984130859375,-0.36100006103514204,2.105003356933608,0,0,1,0,1,1
390,3.8430023193359375,-3.2310028076171875,-2.052001953125,1,0,0,0,1,1
390,-0.8929977416992188,0.4239959716797017,-8.714996337890597,1,0,0,0,0,1
390,-5.8470001220703125,-0.12000274658203125,-6.567001342773423,0,0,0,1,0,1
390,5.290000915527344,-8.185997009277344,-4.1350021362304545,0,0,0,1,0,1
390,-9.987998962402344,-2.2259979248046875,3.6500015258789205,0,0,0,1,0,1
390,3.434997558593736,-2.2580032348632812,-10.635002136230455,0,1,0,0,0,1
390,-10.155998229980455,-3.204002380371108,-4.150001525878892,0,1,0,0,0,1
390,-12.252998352050781,-7.719001770019531,-1.3519973754882812,0,0,0,1,0,1
391,0.0,0.0,0.0,0,0,1,0,0,1
391,4.8639984130859375,0.36100006103514204,-2.105003356933608,0,0,1,0,1,1
391,-5.124000549316406,-1.8649978637695455,1.5449981689453125,0,0,0,1,1,1
391,-5.291999816894517,-2.843002319335966,-6.2550048828125,0,1,0,0,0,1
391,-0.983001708984375,0.2409973144531108,-8.672004699707031,0,0,0,1,0,1
391,8.707000732421875,-2.8700027465820455,-4.157005310058608,1,0,0,0,0,1
391,-8.9010009765625,-5.096000671386719,3.883995056152358,0,0,0,1,0,1
391,-7.388999938964844,-7.358001708984389,-3.457000732421889,0,0,0,1,0,1
391,3.9710006713867188,0.7849960327148438,-10.819999694824205,1,0,0,0,0,1
391,-8.208000183105483,-11.458999633789077,-0.38700103759764204,1,0,0,0,0,1
392,0.0,0.0,0.0,0,0,0,1,0,1
392,-3.7770004272460938,-3.2310028076171733,2.3389968872070455,0,0,0,1,1,1
392,5.124000549316406,1.8649978637695455,-1.5449981689453125,0,0,1,0,1,1
392,-2.2649993896484375,-5.493003845214844,-5.001998901367202,0,0,0,1,0,1
392,-0.1679992675781108,-0.9780044555664205,-7.8000030517578125,0,1,0,0,0,1
392,-3.0839996337890767,-9.594001770019531,-1.9319992065429545,1,0,0,0,0,1
392,-5.0660018920898295,-7.233001708984375,5.833992004394531,0,0,1,0,0,1
392,9.987998962402344,2.2259979248046875,-3.6500015258789205,0,0,1,0,0,1
392,4.140998840332031,2.1059951782226562,-10.217002868652344,0,0,0,1,0,1
392,-0.5849990844726562,-13.025001525878892,1.8929977416992188,1,0,0,0,0,1
393,0.0,0.0,0.0,0,0,0,1,0,1
393,-1.2890014648437358,-4.001998901367202,3.494995117187486,0,0,1,0,1,1
393,3.7770004272460938,3.2310028076171733,-2.3389968872070455,0,0,0,1,1,1
393,0.693000793457017,-6.362998962402358,-4.27099609375,1,0,0,0,0,1
393,1.5120010375976562,-2.2620010375976705,-7.340995788574247,0,0,0,1,0,1
393,-0.1569976806640625,-7.411003112792983,6.975997924804673,0,0,0,1,0,1
393,3.1920013427734375,-9.793998718261719,-0.4459991455078267,1,0,0,0,0,1
393,8.9010009765625,5.096000671386719,-3.883995056152358,0,0,1,0,0,1
393,3.609001159667983,2.252998352050753,-10.138999938964858,0,1,0,0,0,1
393,6.8899993896484375,-11.278999328613281,3.1540069580077983,0,1,0,0,0,1
394,0.0,0.0,0.0,0,0,1,0,0,1
394,1.1320037841796733,-3.4090042114257812,3.4810028076171875,0,0,0,1,1,1
394,1.2890014648437358,4.001998901367202,-3.494995117187486,0,0,0,1,1,1
394,4.481002807617173,-5.791999816894517,-3.9409942626953125,1,0,0,0,0,1
394,1.9820022583007528,-2.3610000610351562,-7.765991210937486,1,0,0,0,0,1
394,4.276000976562472,-5.6409988403320455,7.7790069580078125,1,0,0,0,0,1
394,5.0660018920898295,7.233001708984375,-5.833992004394531,0,0,0,1,0,1
394,8.179000854492173,-7.2770004272460795,-0.3409881591796875,0,1,0,0,0,1
394,2.801002502441392,1.7399978637695312,-10.835990905761733,0,0,0,1,0,1
394,12.276000976562472,-5.733001708984361,3.302001953125,1,0,0,0,0,1
395,0.0,0.0,0.0,0,0,0,1,0,1
395,-1.1320037841796733,3.4090042114257812,-3.4810028076171875,0,0,1,0,1,1
395,3.1439971923827983,-2.231994628906264,4.298004150390625,1,0,0,0,1,1
395,3.3489990234375,-2.382995605468736,-7.4219970703125,1,0,0,0,0,1
395,7.0469970703125,-3.8679962158202983,-3.821990966796875,0,1,0,0,0,1
395,0.1569976806640625,7.411003112792983,-6.975997924804673,0,0,0,1,0,1
395,7.175994873046875,-1.7899932861328267,7.553009033203125,0,0,0,1,0,1
395,0.8499984741210795,1.048004150390625,-11.246994018554673,1,0,0,0,0,1
395,11.143997192382798,-2.3239974975585795,-0.1790008544921875,1,0,0,0,0,1
395,9.319999694824219,2.6420059204101562,9.927001953125,0,1,0,0,0,1
396,0.0,0.0,0.0,1,0,0,0,0,1
396,4.031997680664077,0.4420013427734375,3.2550048828125,0,0,0,1,1,1
396,-3.1439971923827983,2.231994628906264,-4.298004150390625,0,0,0,1,1,1
396,3.9029998779297017,-1.636001586914034,-8.1199951171875,0,1,0,0,0,1
396,8.0,-0.09200286865231533,-4.4770050048828125,1,0,0,0,0,1
396,6.1760025024414205,4.8740005493164205,5.628997802734375,0,1,0,0,0,1
396,-4.276000976562472,5.6409988403320455,-7.7790069580078125,0,0,1,0,0,1
396,10.393997192382827,4.583999633789077,-1.608001708984375,0,0,0,1,0,1
396,0.2050018310547017,-0.15100097656247158,-11.720001220703125,1,0,0,0,0,1
396,10.782997131347685,9.25399780273439,-0.2400054931640625,1,0,0,0,0,1
397,0.0,0.0,0.0,0,0,0,1,0,1
397,-4.031997680664077,-0.4420013427734375,-3.2550048828125,1,0,0,0,1,1
397,2.1440048217773438,4.431999206542983,2.373992919921875,0,1,0,0,1,1
397,3.9680023193359233,-0.5340042114257528,-7.7320098876953125,1,0,0,0,0,1
397,6.36199951171875,4.141998291015639,-4.863006591796875,0,0,0,1,0,1
397,-7.175994873046875,1.7899932861328267,-7.553009033203125,0,0,0,1,0,1
397,-0.128997802734375,-2.0780029296874716,-11.375,0,1,0,0,0,1
397,6.750999450683608,8.811996459960952,-3.4950103759765625,1,0,0,0,0,1
397,6.124000549316406,9.268997192382827,4.46099853515625,0,0,1,0,0,1
397,-5.602996826171875,-0.4120025634765483,13.328994750976562,1,0,0,0,0,1
398,0.0,0.0,0.0,0,1,0,0,0,1
398,-2.1440048217773438,-4.431999206542983,-2.373992919921875,0,0,0,1,1,1
398,3.9799957275390625,4.836997985839844,2.087005615234375,0,0,1,0,1,1
398,4.217994689941406,-0.29000091552734375,-7.23699951171875,0,0,0,1,0,1
398,4.606994628906264,4.379997253417969,-5.8690032958984375,1,0,0,0,0,1
398,-6.1760025024414205,-4.8740005493164205,-5.628997802734375,1,0,0,0,0,1
398,2.8209991455078267,9.252998352050781,-4.5410003662109375,0,1,0,0,0,1
398,4.5,9.45700073242186,4.1710052490234375,0,1,0,0,0,1
398,1.8239974975585795,-4.966003417968736,-10.106002807617188,1,0,0,0,0,1
398,0.5309982299804688,13.376998901367188,-2.0879974365234375,0,1,0,0,0,1
399,0.0,0.0,0.0,0,0,1,0,0,1
399,0.5200042724609375,4.620002746582017,2.0839996337890625,0,1,0,0,1,1
399,-3.9799957275390625,-4.836997985839844,-2.087005615234375,0,1,0,0,1,1
399,0.6269989013672017,-0.457000732421875,-7.9560089111328125,1,0,0,0,0,1
399,-1.1589965820312358,4.4160003662109375,-6.6280059814453125,0,1,0,0,0,1
399,-3.4489974975585938,8.540000915527344,-4.1750030517578125,0,1,0,0,0,1
399,0.23799896240234375,-5.1269989013671875,-9.324005126953125,0,0,0,1,0,1
399,-1.6839981079101562,9.443000793457017,4.667999267578125,0,0,0,1,0,1
399,-6.124000549316406,-9.268997192382827,-4.46099853515625,0,0,0,1,0,1
399,-8.169998168945327,10.691001892089844,-0.725006103515625,0,0,1,0,0,1
400,0.0,0.0,0.0,0,1,0,0,0,1
400,-0.5200042724609375,-4.620002746582017,-2.0839996337890625,0,0,1,0,1,1
400,-2.2040023803710938,4.822998046875,2.5839996337890625,0,0,0,1,1,1
400,-3.9690017700195312,3.9199981689453267,-6.259002685546875,0,1,0,0,0,1
400,-1.6790008544921733,-0.20400238037107954,-8.712005615234375,0,1,0,0,0,1
400,-6.971000671386719,6.0979995727539205,5.7550048828125,0,0,0,1,0,1
400,-8.690002441406264,6.070999145507827,-2.8090057373046875,0,0,1,0,0,1
400,0.10699462890626421,-5.077003479003892,-10.040008544921875,1,0,0,0,0,1
400,-4.5,-9.45700073242186,-4.1710052490234375,0,1,0,0,0,1
400,-13.025001525878892,5.505996704101577,0.52899169921875,1,0,0,0,0,1
401,0.0,0.0,0.0,0,0,0,1,0,1
401,-4.766998291015625,1.2750015258789205,3.1710052490234375,0,0,0,1,1,1
401,2.2040023803710938,-4.822998046875,-2.5839996337890625,0,1,0,0,1,1
401,-6.4860000610351705,1.2480010986328267,-5.39300537109375,0,0,1,0,0,1
401,-1.7649993896484375,-0.9029998779296733,-8.843002319335938,0,1,0,0,0,1
401,1.6839981079101562,-9.443000793457017,-4.667999267578125,0,0,1,0,0,1
401,-8.209999084472642,-0.85400390625,7.266998291015625,0,0,0,1,0,1
401,-10.820999145507798,0.6829986572265767,-2.0550079345703125,1,0,0,0,0,1
401,0.5250015258789205,-5.0270004272460795,-11.296005249023438,0,1,0,0,0,1
401,-13.240997314453125,-2.285003662109361,1.71099853515625,0,0,0,1,0,1
402,0.0,0.0,0.0,0,0,0,1,0,1
402,-3.443000793457017,-2.1290054321289205,4.0959930419921875,0,0,0,1,1,1
402,4.766998291015625,-1.2750015258789205,-3.1710052490234375,0,0,0,1,1,1
402,-6.054000854492173,-0.5920028686523438,-5.22601318359375,1,0,0,0,0,1
402,-1.7190017700195455,-0.02700042724609375,-8.564010620117188,0,0,1,0,0,1
402,-8.4739990234375,-3.5600051879882812,-1.4600067138671875,0,0,0,1,0,1
402,6.971000671386719,-6.0979995727539205,-5.7550048828125,0,1,0,0,0,1
402,-8.808998107910156,-3.8870010375976562,5.3029937744140625,1,0,0,0,0,1
402,3.0019989013671875,-2.1780014038085938,-12.014007568359375,0,1,0,0,0,1
402,-9.009002685546875,-9.52500152587892,0.4959869384765625,1,0,0,0,0,1
403,0.0,0.0,0.0,0,0,0,1,0,1
403,3.443000793457017,2.1290054321289205,-4.0959930419921875,0,0,0,1,1,1
403,-5.365997314453139,-1.7579956054687358,1.207000732421875,1,0,0,0,1,1
403,-5.030998229980483,-1.4309997558593608,-5.555999755859375,0,0,0,1,0,1
403,-6.747001647949247,-5.316993713378892,4.498992919921875,0,0,1,0,0,1
403,-2.6110000610351562,1.5370025634765767,-9.322006225585938,1,0,0,0,0,1
403,-5.566001892089858,-7.39599609375,-3.600006103515625,1,0,0,0,0,1
403,8.209999084472642,0.85400390625,-7.266998291015625,0,0,0,1,0,1
403,1.7239990234374716,2.1020050048828267,-12.660003662109375,0,0,1,0,0,1
403,-2.892997741699247,-13.504997253417955,-2.686004638671875,0,0,1,0,0,1
404,0.0,0.0,0.0,1,0,0,0,0,1
404,-1.381004333496108,-3.5589981079101562,3.2919921875,0,0,1,0,0,1
404,5.365997314453139,1.7579956054687358,-1.207000732421875,0,0,0,1,1,1
404,0.33499908447265625,0.326995849609375,-6.76300048828125,0,0,0,1,0,1
404,-0.20000457763671875,-5.638000488281264,-4.8070068359375,1,0,0,0,0,1
404,8.808998107910156,3.8870010375976562,-5.3029937744140625,0,0,0,1,0,1
404,2.754997253417983,3.2949981689453125,-10.529006958007812,1,0,0,0,0,1
404,2.472999572753892,-11.747001647949219,-3.89300537109375,0,0,1,0,0,1
404,7.089996337890611,3.8600006103515625,-13.86700439453125,0,0,1,0,0,1
404,13.575996398925781,2.611999511718736,-8.4739990234375,0,0,0,1,0,1
405,0.0,0.0,0.0,0,0,1,0,0,1
405,1.381004333496108,3.5589981079101562,-3.2919921875,1,0,0,0,0,1
405,1.1809997558593892,-2.079002380371108,-8.0989990234375,1,0,0,0,0,1
405,6.747001647949247,5.316993713378892,-4.498992919921875,0,0,0,1,0,1
405,1.7160034179687642,3.8859939575195312,-10.05499267578125,0,0,0,1,0,1
405,3.85400390625,-8.188003540039062,-7.18499755859375,0,0,1,0,0,1
405,10.190002441406264,7.4459991455078125,-8.594985961914062,0,0,0,1,0,1
405,4.914001464843764,-12.9530029296875,-7.5659942626953125,1,0,0,0,1,1
405,4.136001586914091,6.853996276855469,-13.820999145507812,1,0,0,0,0,1
405,14.95700073242189,6.170997619628892,-11.7659912109375,0,0,0,1,0,1
406,0.0,0.0,0.0,1,0,0,0,0,1
406,-1.0599975585937642,4.7649993896484375,0.3809967041015625,0,0,1,0,1,1
406,-3.733001708984375,10.874000549316392,-0.5330047607421875,1,0,0,0,0,1
406,7.747001647949219,4.844001770019531,-10.955001831054688,0,1,0,0,0,1
406,5.602996826171875,0.4120025634765483,-13.328994750976562,0,0,0,1,0,1
406,-4.914001464843764,12.9530029296875,7.5659942626953125,0,0,1,0,1,1
406,1.5709991455077983,-0.02999877929688921,-16.583999633789062,1,0,0,0,0,1
406,-3.197998046875,16.83899688720703,-2.4889984130859375,0,0,0,1,0,1
406,-3.5329971313476562,16.512001037597656,4.2740020751953125,1,0,0,0,0,1
406,11.726997375488281,9.680999755859375,-8.867996215820312,0,0,1,0,0,1
407,0.0,0.0,0.0,0,0,1,0,0,1
407,1.0599975585937642,-4.7649993896484375,-0.3809967041015625,1,0,0,0,1,1
407,-2.673004150390611,6.1090011596679545,-0.91400146484375,1,0,0,0,1,1
407,-3.85400390625,8.188003540039062,7.18499755859375,0,0,1,0,0,1
407,-2.138000488281236,12.073997497558594,-2.8699951171875,0,0,0,1,0,1
407,-2.472999572753892,11.747001647949219,3.89300537109375,1,0,0,0,0,1
407,2.892997741699247,13.504997253417955,2.686004638671875,0,0,0,1,0,1
407,8.806999206542983,0.07900238037109375,-11.33599853515625,0,1,0,0,0,1
407,6.662994384765639,-4.352996826171889,-13.709991455078125,0,0,0,1,0,1
407,0.2819976806640909,15.041999816894531,-6.6360015869140625,1,0,0,0,0,1
408,0.0,0.0,0.0,1,0,0,0,0,1
408,0.535003662109375,5.964996337890639,-1.95599365234375,0,0,0,1,1,1
408,2.673004150390611,-6.1090011596679545,0.91400146484375,0,0,1,0,1,1
408,0.20000457763671875,5.638000488281264,4.8070068359375,1,0,0,0,0,1
408,-1.1809997558593892,2.079002380371108,8.0989990234375,0,0,1,0,0,1
408,5.566001892089858,7.39599609375,3.600006103515625,0,0,0,1,0,1
408,2.9550018310547017,8.932998657226577,-5.7220001220703125,1,0,0,0,0,1
408,3.733001708984375,-10.874000549316392,0.5330047607421875,1,0,0,0,0,1
408,9.009002685546875,9.52500152587892,-0.4959869384765625,0,0,0,1,0,1
408,7.2900009155273295,9.498001098632827,-9.05999755859375,0,0,1,0,0,1
409,0.0,0.0,0.0,0,0,0,1,0,1
409,2.4199981689453267,2.9680023193359375,-3.7660064697265625,1,0,0,0,1,1
409,-0.535003662109375,-5.964996337890639,1.95599365234375,1,0,0,0,1,1
409,-0.33499908447265625,-0.326995849609375,6.76300048828125,1,0,0,0,0,1
409,5.030998229980483,1.4309997558593608,5.555999755859375,0,0,0,1,0,1
409,8.4739990234375,3.5600051879882812,1.4600067138671875,0,0,0,1,0,1
409,6.7549972534179545,3.5330047607421875,-7.10400390625,0,0,1,0,0,1
409,-1.7160034179687642,-3.8859939575195312,10.05499267578125,0,0,1,0,0,1
409,2.138000488281236,-12.073997497558594,2.8699951171875,0,0,1,0,0,1
409,13.240997314453125,2.285003662109361,-1.71099853515625,0,0,0,1,0,1
410,0.0,0.0,0.0,1,0,0,0,0,1
410,-2.4199981689453267,-2.9680023193359375,3.7660064697265625,0,0,0,1,1,1
410,4.334999084472628,0.56500244140625,-3.3379974365234375,0,0,1,0,1,1
410,6.054000854492173,0.5920028686523438,5.22601318359375,0,0,0,1,0,1
410,2.6110000610351562,-1.5370025634765767,9.322006225585938,0,0,0,1,0,1
410,-2.9550018310547017,-8.932998657226577,5.7220001220703125,1,0,0,0,0,1
410,10.820999145507798,-0.6829986572265767,2.0550079345703125,0,0,0,1,0,1
410,-2.754997253417983,-3.2949981689453125,10.529006958007812,1,0,0,0,0,1
410,9.05599975585936,-1.58599853515625,-6.787994384765625,0,1,0,0,0,1
410,13.025001525878892,-5.505996704101577,-0.52899169921875,0,1,0,0,0,1
411,0.0,0.0,0.0,0,0,1,0,0,1
411,-4.334999084472628,-0.56500244140625,3.3379974365234375,1,0,0,0,1,1
411,4.721000671386733,-2.1510009765625,-3.4499969482421875,0,1,0,0,1,1
411,6.4860000610351705,-1.2480010986328267,5.39300537109375,0,0,0,1,0,1
411,1.7190017700195455,0.02700042724609375,8.564010620117188,0,0,0,1,0,1
411,-6.7549972534179545,-3.5330047607421875,7.10400390625,0,0,0,1,0,1
411,8.690002441406264,-6.070999145507827,2.8090057373046875,0,1,0,0,0,1
411,7.011001586914091,-6.275001525878906,-5.9029998779296875,0,1,0,0,0,1
411,-1.7239990234374716,-2.1020050048828267,12.660003662109375,0,0,0,1,0,1
411,8.169998168945327,-10.691001892089844,0.725006103515625,0,0,1,0,0,1
412,0.0,0.0,0.0,0,1,0,0,0,1
412,2.290000915527358,-4.124000549316406,-2.4530029296875,0,1,0,0,1,1
412,-4.721000671386733,2.1510009765625,3.4499969482421875,0,0,1,0,1,1
412,3.9690017700195312,-3.9199981689453267,6.259002685546875,0,1,0,0,0,1
412,1.7649993896484375,0.9029998779296733,8.843002319335938,0,0,0,1,0,1
412,3.4489974975585938,-8.540000915527344,4.1750030517578125,0,0,1,0,0,1
412,4.0759963989257955,-8.997001647949219,-3.781005859375,1,0,0,0,0,1
412,-9.05599975585936,1.58599853515625,6.787994384765625,1,0,0,0,0,1
412,-3.0019989013671875,2.1780014038085938,12.014007568359375,0,0,0,1,0,1
412,-0.5309982299804688,-13.376998901367188,2.0879974365234375,0,1,0,0,0,1
413,0.0,0.0,0.0,0,1,0,0,0,1
413,-2.290000915527358,4.124000549316406,2.4530029296875,0,1,0,0,1,1
413,1.7859954833984375,-4.8730010986328125,-1.3280029296875,1,0,0,0,1,1
413,1.1589965820312358,-4.4160003662109375,6.6280059814453125,0,0,1,0,0,1
413,1.6790008544921733,0.20400238037107954,8.712005615234375,0,1,0,0,0,1
413,1.3969955444335795,-9.542999267578125,-2.6959991455078125,0,0,0,1,0,1
413,-2.8209991455078267,-9.252998352050781,4.5410003662109375,0,1,0,0,0,1
413,-7.011001586914091,6.275001525878906,5.9029998779296875,0,0,1,0,0,1
413,-0.5250015258789205,5.0270004272460795,11.296005249023438,0,0,0,1,0,1
413,-4.9650039672851705,-13.684997558593764,2.1670074462890625,0,0,0,1,0,1
414,0.0,0.0,0.0,1,0,0,0,0,1
414,-0.38899993896485796,-4.6699981689453125,-1.3679962158203125,0,0,0,1,1,1
414,-1.7859954833984375,4.8730010986328125,1.3280029296875,0,1,0,0,1,1
414,-0.6269989013672017,0.457000732421875,7.9560089111328125,0,0,1,0,0,1
414,-4.606994628906264,-4.379997253417969,5.8690032958984375,0,1,0,0,0,1
414,-4.0759963989257955,8.997001647949219,3.781005859375,0,1,0,0,0,1
414,-2.7829971313476847,-9.346000671386705,-4.23699951171875,1,0,0,0,0,1
414,-0.10699462890626421,5.077003479003892,10.040008544921875,0,1,0,0,0,1
414,-6.750999450683608,-8.811996459960952,3.4950103759765625,0,0,0,1,0,1
414,-10.782997131347685,-9.25399780273439,0.2400054931640625,1,0,0,0,0,1
415,0.0,0.0,0.0,0,0,0,1,0,1
415,0.38899993896485796,4.6699981689453125,1.3679962158203125,1,0,0,0,1,1
415,-2.3939971923828267,-4.676002502441392,-2.8690032958984375,1,0,0,0,1,1
415,-4.217994689941406,0.29000091552734375,7.23699951171875,0,1,0,0,0,1
415,-6.36199951171875,-4.141998291015639,4.863006591796875,0,0,0,1,0,1
415,-1.3969955444335795,9.542999267578125,2.6959991455078125,0,1,0,0,0,1
415,-0.23799896240234375,5.1269989013671875,9.324005126953125,0,0,1,0,0,1
415,-6.490997314453125,-6.220001220703111,-6.511993408203125,0,1,0,0,0,1
415,-10.393997192382827,-4.583999633789077,1.608001708984375,1,0,0,0,0,1
415,-13.537994384765625,-2.3520050048828125,-2.69000244140625,0,0,0,1,0,1
416,0.0,0.0,0.0,1,0,0,0,0,1
416,-4.097000122070298,-1.5439987182617188,-3.6429901123046875,0,1,0,0,1,1
416,2.3939971923828267,4.676002502441392,2.8690032958984375,0,0,0,1,1,1
416,-3.9680023193359233,0.5340042114257528,7.7320098876953125,0,0,0,1,0,1
416,-8.0,0.09200286865231533,4.4770050048828125,1,0,0,0,0,1
416,2.7829971313476847,9.346000671386705,4.23699951171875,1,0,0,0,0,1
416,-7.794998168945298,-0.05899810791015625,-7.2429962158203125,1,0,0,0,0,1
416,-11.143997192382798,2.3239974975585795,0.1790008544921875,0,0,0,1,0,1
416,-1.8239974975585795,4.966003417968736,10.106002807617188,0,1,0,0,0,1
416,-12.276000976562472,5.733001708984361,-3.302001953125,0,0,1,0,0,1
417,0.0,0.0,0.0,0,1,0,0,0,1
417,-3.697998046875,1.4850006103515625,-3.600006103515625,1,0,0,0,1,1
417,4.097000122070298,1.5439987182617188,3.6429901123046875,1,0,0,0,1,1
417,-7.0469970703125,3.8679962158202983,3.821990966796875,0,0,0,1,0,1
417,-3.9029998779297017,1.636001586914034,8.1199951171875,1,0,0,0,0,1
417,-6.1969985961914205,4.916000366210923,-7.425003051757798,1,0,0,0,0,1
417,-8.179000854492173,7.2770004272460795,0.3409881591796875,0,0,1,0,0,1
417,6.490997314453125,6.220001220703111,6.511993408203125,0,0,0,1,0,1
417,0.128997802734375,2.0780029296874716,11.375,0,0,0,1,0,1
417,-6.8899993896484375,11.278999328613281,-3.1540069580077983,0,0,0,1,0,1
418,0.0,0.0,0.0,1,0,0,0,0,1
418,3.697998046875,-1.4850006103515625,3.600006103515625,0,1,0,0,1,1
418,-2.4990005493164205,3.430999755859361,-3.8249969482421733,1,0,0,0,1,1
418,-4.481002807617173,5.791999816894517,3.9409942626953125,0,0,1,0,0,1
418,-3.3489990234375,2.382995605468736,7.4219970703125,0,0,0,1,0,1
418,-3.1920013427734375,9.793998718261719,0.4459991455078267,0,0,0,1,0,1
418,-1.6800003051757812,7.531997680664048,-6.8949966430664205,0,0,0,1,0,1
418,7.794998168945298,0.05899810791015625,7.2429962158203125,1,0,0,0,0,1
418,-0.2050018310547017,0.15100097656247158,11.720001220703125,1,0,0,0,0,1
418,0.5849990844726562,13.025001525878892,-1.8929977416992188,0,0,0,1,0,1
419,0.0,0.0,0.0,1,0,0,0,0,1
419,0.8190002441406392,4.1009979248046875,-3.069999694824247,0,0,0,1,1,1
419,2.4990005493164205,-3.430999755859361,3.8249969482421733,1,0,0,0,1,1
419,-0.693000793457017,6.362998962402358,4.27099609375,0,0,0,1,0,1
419,-1.9820022583007528,2.3610000610351562,7.765991210937486,0,0,1,0,0,1
419,3.0839996337890767,9.594001770019531,1.9319992065429545,0,0,0,1,0,1
419,2.916000366210966,8.61599731445311,-5.868003845214858,0,1,0,0,0,1
419,6.1969985961914205,-4.916000366210923,7.425003051757798,0,1,0,0,0,1
419,-0.8499984741210795,-1.048004150390625,11.246994018554673,0,0,0,1,0,1
419,8.208000183105483,11.458999633789077,0.38700103759764204,0,0,1,0,0,1
420,0.0,0.0,0.0,0,0,0,1,0,1
420,-0.8190002441406392,-4.1009979248046875,3.069999694824247,1,0,0,0,1,1
420,2.0970001220703267,4.514999389648423,-2.798004150390611,0,1,0,0,1,1
420,2.2649993896484375,5.493003845214844,5.001998901367202,0,0,0,1,0,1
420,-1.5120010375976562,2.2620010375976705,7.340995788574247,0,0,0,1,0,1
420,1.6800003051757812,-7.531997680664048,6.8949966430664205,1,0,0,0,0,1
420,7.388999938964844,7.358001708984389,3.457000732421889,0,0,1,0,0,1
420,6.405998229980469,7.5989990234375,-5.215003967285142,0,0,0,1,0,1
420,-2.801002502441392,-1.7399978637695312,10.835990905761733,0,0,1,0,0,1
420,12.252998352050781,7.719001770019531,1.3519973754882812,0,0,1,0,0,1
421,0.0,0.0,0.0,0,1,0,0,0,1
421,-2.0970001220703267,-4.514999389648423,2.798004150390611,0,0,0,1,1,1
421,4.308998107910142,3.0839996337890767,-2.4169998168945312,0,0,0,1,1,1
421,0.1679992675781108,0.9780044555664205,7.8000030517578125,0,0,0,1,0,1
421,5.291999816894517,2.843002319335966,6.2550048828125,0,0,1,0,0,1
421,-2.916000366210966,-8.61599731445311,5.868003845214858,1,0,0,0,0,1
421,9.263000488281236,3.6279983520508097,-4.5649948120117045,1,0,0,0,0,1
421,-3.609001159667983,-2.252998352050753,10.138999938964858,0,0,0,1,0,1
421,10.155998229980455,3.204002380371108,4.150001525878892,0,0,1,0,0,1
421,13.999000549316392,-0.02700042724607954,2.097999572753892,1,0,0,0,0,1
422,0.0,0.0,0.0,0,0,0,1,0,1
422,4.954002380371094,0.543998718261733,-2.1479949951171733,1,0,0,0,1,1
422,-4.308998107910142,-3.0839996337890767,2.4169998168945312,0,1,0,0,1,1
422,0.983001708984375,-0.2409973144531108,8.672004699707031,0,0,1,0,0,1
422,5.8470001220703125,0.12000274658203125,6.567001342773423,0,0,1,0,0,1
422,9.281997680664048,-2.13800048828125,-4.068000793457031,0,1,0,0,0,1
422,9.69000244140625,-3.1110000610351562,4.514999389648423,1,0,0,0,0,1
422,-4.140998840332031,-2.1059951782226562,10.217002868652344,0,0,0,1,0,1
422,-6.405998229980469,-7.5989990234375,5.215003967285142,0,0,0,1,0,1
422,11.137001037597656,-8.065994262695312,2.4319992065429688,0,0,0,1,0,1
423,0.0,0.0,0.0,1,0,0,0,0,1
423,-4.954002380371094,-0.543998718261733,2.1479949951171733,0,0,0,1,1,1
423,4.3279953002929545,-2.681999206542983,-1.920005798339858,0,1,0,0,1,1
423,0.8929977416992188,-0.4239959716797017,8.714996337890597,0,0,1,0,0,1
423,4.736000061035156,-3.654998779296889,6.662994384765597,1,0,0,0,0,1
423,-9.263000488281236,-3.6279983520508097,4.5649948120117045,0,1,0,0,0,1
423,7.1049957275390625,-7.483993530273452,-4.0300064086914205,0,0,0,1,0,1
423,6.1829986572265625,-8.609992980957045,4.579994201660142,0,0,0,1,0,1
423,-3.9710006713867188,-0.7849960327148438,10.819999694824205,0,0,1,0,0,1
423,4.8069992065429545,-13.288993835449233,2.489997863769517,0,0,1,0,0,1
424,0.0,0.0,0.0,0,1,0,0,0,1
424,-4.3279953002929545,2.681999206542983,1.920005798339858,1,0,0,0,1,1
424,2.777000427246108,-4.801994323730469,-2.1100006103515625,0,0,0,1,1,1
424,0.4080047607422017,-0.9729995727539062,8.583000183105455,1,0,0,0,0,1
424,1.855003356933608,-5.9279937744140625,6.5,0,0,0,1,0,1
424,-9.281997680664048,2.13800048828125,4.068000793457031,0,0,0,1,0,1
424,2.7410049438476705,-9.385993957519545,-4.413993835449219,0,0,1,0,0,1
424,-3.434997558593736,2.2580032348632812,10.635002136230455,0,0,1,0,0,1
424,0.47900390625,-10.60699462890625,4.410003662109375,0,0,1,0,0,1
424,-4.4359970092773295,4.5670013427734375,-12.871994018554688,0,0,0,1,0,1
425,0.0,0.0,0.0,0,0,0,1,0,1
425,-0.0359954833984375,-4.583999633789077,-2.3039932250976562,0,0,1,0,1,1
425,-2.777000427246108,4.801994323730469,2.1100006103515625,0,1,0,0,1,1
425,-0.9219970703125,-1.1259994506835938,8.610000610351562,0,0,0,1,0,1
425,-2.297996520996108,-5.805000305175781,6.5200042724609375,0,0,1,0,0,1
425,-2.7429962158202983,-8.521003723144531,-4.3589935302734375,0,0,0,1,0,1
425,-7.1049957275390625,7.483993530273452,4.0300064086914205,1,0,0,0,0,1
425,-5.658996582031264,-9.208999633789077,3.6450042724609375,1,0,0,0,0,1
425,-2.3689956665039062,3.8289947509765625,10.693000793457017,1,0,0,0,0,1
425,-10.182998657226562,-9.5050048828125,-0.31099700927734375,0,0,0,1,0,1
426,0.0,0.0,0.0,0,0,1,0,0,1
426,0.0359954833984375,4.583999633789077,2.3039932250976562,0,0,0,1,1,1
426,-2.707000732421861,-3.9370040893554545,-2.0550003051757812,0,0,0,1,1,1
426,-2.2620010375976705,-1.2210006713867045,8.823997497558594,0,0,1,0,0,1
426,-5.623001098632827,-4.625,5.948997497558594,1,0,0,0,0,1
426,-2.7410049438476705,9.385993957519545,4.413993835449219,0,1,0,0,0,1
426,-7.392005920410142,-5.849006652832017,-5.346000671386719,0,1,0,0,0,1
426,-10.147003173828125,-4.921005249023423,1.9929962158203125,0,0,0,1,0,1
426,-0.8860015869140625,3.458000183105483,10.913993835449219,0,0,0,1,0,1
426,-13.876998901367188,-2.6970062255859233,-1.2380065917968892,0,0,1,0,0,1
427,0.0,0.0,0.0,0,0,0,1,0,1
427,2.707000732421861,3.9370040893554545,2.0550003051757812,0,0,1,0,1,1
427,-4.685005187988281,-1.9120025634765625,-3.2910003662109375,0,1,0,0,1,1
427,-7.440002441406264,-0.9840011596679688,4.047996520996094,0,0,0,1,0,1
427,-2.916000366210966,-0.6879959106445455,8.003997802734375,1,0,0,0,0,1
427,2.7429962158202983,8.521003723144531,4.3589935302734375,0,0,0,1,0,1
427,0.44499969482419033,2.71600341796875,10.878997802734375,0,0,1,0,0,1
427,-11.169998168945327,1.2399978637695312,0.816993713378892,0,0,1,0,0,1
427,-9.348999023437528,-1.2159957885742188,-6.715003967285142,0,0,0,1,0,1
427,-13.18900299072267,5.3000030517578125,-2.292999267578125,0,0,1,0,0,1
428,0.0,0.0,0.0,0,1,0,0,0,1
428,-4.663993835449247,0.6960067749023438,-3.4240036010742045,0,0,0,1,1,1
428,4.685005187988281,1.9120025634765625,3.2910003662109375,0,0,0,1,1,1
428,-2.754997253417983,0.9280014038085938,7.338996887207031,0,0,0,1,0,1
428,-6.4849929809570455,3.1520004272460938,4.1079940795898295,0,0,1,0,0,1
428,-7.098999023437528,3.9910049438476562,-6.84100341796875,0,0,0,1,0,1
428,7.392005920410142,5.849006652832017,5.346000671386719,0,0,1,0,0,1
428,-8.50399780273439,7.212005615234375,0.9980010986328125,0,0,1,0,0,1
428,1.7690048217773153,1.224006652832017,11.294998168945312,1,0,0,0,0,1
428,-6.615997314453139,8.298004150390625,-9.846000671386719,0,0,0,1,0,1
429,0.0,0.0,0.0,0,0,0,1,0,1
429,-2.4350051879882812,3.2949981689453125,-3.4169998168945455,0,0,0,1,1,1
429,4.663993835449247,-0.6960067749023438,3.4240036010742045,0,1,0,0,1,1
429,-1.8209991455077983,2.45599365234375,7.531997680664034,0,0,1,0,0,1
429,-3.840003967285142,6.515998840332031,4.422004699707017,0,0,1,0,0,1
429,-1.952003479003892,7.601997375488281,-6.421997070312514,0,0,0,1,0,1
429,1.9089965820312642,0.23199462890625,10.763000488281236,0,0,0,1,0,1
429,-4.9200057983398295,10.380996704101548,0.9059982299804545,1,0,0,0,0,1
429,9.348999023437528,1.2159957885742188,6.715003967285142,0,0,0,1,0,1
429,-1.5460052490234375,13.60699462890625,-2.2439956665039205,0,0,1,0,0,1
430,0.0,0.0,0.0,0,0,0,1,0,1
430,0.4830017089843892,4.306999206542969,-3.0049972534179688,0,0,0,1,1,1
430,2.4350051879882812,-3.2949981689453125,3.4169998168945455,0,0,0,1,1,1
430,-1.4049987792968608,3.2210006713867188,7.8390045166015625,0,0,1,0,0,1
430,-2.4850006103515483,7.085998535156236,4.322998046875,1,0,0,0,0,1
430,3.4940032958984517,8.015998840332045,-5.618995666503906,0,1,0,0,0,1
430,0.8889999389648438,10.311996459960938,1.173004150390625,0,0,1,0,0,1
430,7.098999023437528,-3.9910049438476562,6.84100341796875,0,1,0,0,0,1
430,0.614006042480483,-0.8390045166015625,10.94899749755858,0,0,1,0,0,1
430,8.30100250244142,8.736999511718764,-8.76300048828125,0,0,0,1,0,1
431,0.0,0.0,0.0,0,0,0,1,0,1
431,-0.4830017089843892,-4.306999206542969,3.0049972534179688,0,0,0,1,1,1
431,3.0110015869140625,3.7089996337890767,-2.6139984130859375,0,1,0,0,1,1
431,0.40599822998045454,6.004997253417969,4.178001403808594,0,0,1,0,0,1
431,-2.9680023193359375,2.778999328613267,7.327995300292969,1,0,0,0,0,1
431,1.952003479003892,-7.601997375488281,6.421997070312514,0,0,0,1,0,1
431,7.818000793457031,4.4300003051757955,-5.758003234863281,0,0,0,1,0,1
431,-1.88800048828125,-1.08599853515625,10.844001770019531,0,0,1,0,0,1
431,6.615997314453139,-8.298004150390625,9.846000671386719,0,1,0,0,0,1
431,0.13100433349609375,-5.146003723144531,13.953994750976548,0,0,1,0,0,1
432,0.0,0.0,0.0,0,1,0,0,0,1
432,-3.0110015869140625,-3.7089996337890767,2.6139984130859375,0,0,0,1,1,1
432,4.806999206542969,0.7210006713867188,-3.1440048217773438,0,0,0,1,1,1
432,-2.605003356933608,2.295997619628892,6.791999816894531,0,0,1,0,0,1
432,-3.4940032958984517,-8.015998840332045,5.618995666503906,0,0,0,1,0,1
432,-5.97900390625,-0.9300003051758097,9.941993713378906,1,0,0,0,0,1
432,3.8199996948242188,7.794998168945298,9.347999572753906,0,0,0,1,0,1
432,-1.0589981079101705,-11.310997009277358,9.035995483398452,0,0,0,1,0,1
432,-4.8990020751953125,-4.794998168945327,13.458000183105469,0,0,1,0,0,1
432,3.6049957275390767,-12.007003784179702,12.459999084472656,0,1,0,0,0,1
433,0.0,0.0,0.0,0,0,0,1,0,1
433,-4.806999206542969,-0.7210006713867188,3.1440048217773438,0,1,0,0,1,1
433,-7.818000793457031,-4.4300003051757955,5.758003234863281,0,0,0,1,0,1
433,-7.412002563476577,1.5749969482421733,9.936004638671875,0,0,1,0,0,1
433,-0.98699951171875,7.0739974975585795,12.49200439453125,0,0,0,1,0,1
433,-8.30100250244142,-8.736999511718764,8.76300048828125,0,0,0,1,0,1
433,-10.786003112792969,-1.6510009765625284,13.08599853515625,1,0,0,0,0,1
433,-5.865997314453139,-12.031997680664077,12.180000305175795,0,0,0,1,0,1
433,-9.706001281738281,-5.5159988403320455,16.602005004882812,0,0,1,0,0,1
433,-1.202003479003892,-12.72800445556642,15.60400390625,0,1,0,0,0,1
434,0.0,0.0,0.0,0,0,1,0,0,1
434,-0.38300323486328125,4.761997222900391,-2.5789999961853027,0,0,1,0,1,1
434,-1.1969985961914205,9.939998626708984,-2.9880000352859497,0,0,0,1,0,1
434,-1.5419998168945455,14.810998916625977,-0.847000002861023,0,1,0,0,0,1
434,-1.2659988403320455,17.881998062133793,3.2939997911453247,0,1,0,0,0,1
434,0.9349975585937358,20.051998138427734,8.321000218391418,0,0,1,0,0,1
434,5.196998596191392,20.011999130249023,11.720999836921692,0,0,0,1,0,1
434,9.952995300292955,19.01899909973144,13.658999562263489,0,0,1,0,0,1
434,14.695999145507798,17.205997467041016,12.786000370979307,0,0,0,1,0,1
434,19.387001037597642,16.740999221801758,10.208000302314758,0,0,0,1,0,1
435,0.0,0.0,0.0,0,0,1,0,0,1
435,-0.8139953613281392,5.178001403808594,-0.409000039100647,0,0,0,1,1,1
435,0.38300323486328125,-4.761997222900391,2.5789999961853027,0,0,1,0,1,1
435,-1.1589965820312642,10.049001693725586,1.7319999933242798,0,1,0,0,0,1
435,-0.8829956054687642,13.120000839233402,5.872999787330627,0,1,0,0,0,1
435,1.318000793457017,15.290000915527344,10.900000214576721,0,0,1,0,0,1
435,5.580001831054673,15.250001907348633,14.299999833106995,0,0,0,1,0,1
435,10.335998535156236,14.257001876831051,16.23799955844879,0,0,1,0,0,1
435,15.07900238037108,12.444000244140625,15.36500036716461,0,0,0,1,0,1
435,19.770004272460923,11.979001998901367,12.787000298500061,0,0,0,1,0,1
436,0.0,0.0,0.0,0,0,0,1,0,1
436,0.8139953613281392,-5.178001403808594,0.409000039100647,0,0,1,0,1,1
436,-0.345001220703125,4.871000289916992,2.1410000324249268,0,1,0,0,1,1
436,-0.069000244140625,7.941999435424808,6.281999826431274,0,1,0,0,0,1
436,1.1969985961914205,-9.939998626708984,2.9880000352859497,0,0,1,0,0,1
436,2.1319961547851562,10.11199951171875,11.309000253677368,0,0,1,0,0,1
436,6.3939971923828125,10.072000503540039,14.708999872207642,0,0,0,1,0,1
436,11.149993896484375,9.079000473022457,16.64699959754944,0,0,1,0,0,1
436,15.892997741699219,7.265998840332031,15.774000406265257,0,0,0,1,0,1
436,20.583999633789062,6.801000595092773,13.196000337600708,0,0,0,1,0,1
437,0.0,0.0,0.0,0,1,0,0,0,1
437,0.2760009765625,3.070999145507816,4.140999794006348,0,1,0,0,1,1
437,0.345001220703125,-4.871000289916992,-2.1410000324249268,0,0,0,1,1,1
437,1.1589965820312642,-10.049001693725586,-1.7319999933242798,0,0,1,0,0,1
437,2.4769973754882812,5.240999221801758,9.168000221252441,0,0,1,0,0,1
437,1.5419998168945455,-14.810998916625977,0.847000002861023,0,0,1,0,0,1
437,6.7389984130859375,5.201000213623047,12.567999839782715,0,0,0,1,0,1
437,11.4949951171875,4.208000183105465,14.505999565124512,0,0,1,0,0,1
437,16.237998962402344,2.394998550415039,13.63300037384033,0,0,0,1,0,1
437,20.929000854492188,1.9300003051757812,11.055000305175781,0,0,0,1,0,1
438,0.0,0.0,0.0,0,1,0,0,0,1
438,-0.2760009765625,-3.070999145507816,-4.140999794006348,0,1,0,0,1,1
438,2.2009963989257812,2.1700000762939418,5.027000427246094,0,0,1,0,1,1
438,0.069000244140625,-7.941999435424808,-6.281999826431274,0,0,0,1,0,1
438,6.4629974365234375,2.130001068115231,8.427000045776367,0,0,0,1,0,1
438,0.8829956054687642,-13.120000839233402,-5.872999787330627,0,0,1,0,0,1
438,11.218994140625,1.1370010375976491,10.364999771118164,0,0,1,0,0,1
438,1.2659988403320455,-17.881998062133793,-3.2939997911453247,0,0,1,0,0,1
438,15.961997985839844,-0.676000595092777,9.492000579833983,0,0,0,1,0,1
438,20.652999877929688,-1.1409988403320348,6.914000511169434,0,0,0,1,0,1
439,0.0,0.0,0.0,0,0,1,0,0,1
439,4.262001037597656,-0.03999900817871094,3.3999996185302734,0,0,0,1,1,1
439,-2.2009963989257812,-2.1700000762939418,-5.027000427246094,0,1,0,0,1,1
439,9.017997741699219,-1.0329990386962926,5.33799934387207,0,0,1,0,0,1
439,-2.4769973754882812,-5.240999221801758,-9.168000221252441,0,1,0,0,0,1
439,13.761001586914062,-2.8460006713867188,4.465000152587889,0,0,0,1,0,1
439,-2.1319961547851562,-10.11199951171875,-11.309000253677368,0,0,0,1,0,1
439,-1.318000793457017,-15.290000915527344,-10.900000214576721,0,0,1,0,0,1
439,18.452003479003906,-3.3109989166259766,1.8870000839233398,0,0,0,1,0,1
439,21.355003356933594,-2.9850006103515625,-2.5480003356933594,0,1,0,0,0,1
440,0.0,0.0,0.0,0,0,0,1,0,1
440,4.7559967041015625,-0.9930000305175817,1.9379997253417969,0,0,1,0,1,1
440,-4.262001037597656,0.03999900817871094,-3.3999996185302734,0,0,1,0,1,1
440,9.499000549316406,-2.806001663208008,1.0650005340576154,0,0,0,1,0,1
440,-6.4629974365234375,-2.130001068115231,-8.427000045776367,0,1,0,0,0,1
440,14.19000244140625,-3.2709999084472656,-1.5129995346069336,0,0,0,1,0,1
440,-6.7389984130859375,-5.201000213623047,-12.567999839782715,0,1,0,0,0,1
440,17.093002319335938,-2.9450016021728516,-5.947999954223633,0,1,0,0,0,1
440,-6.3939971923828125,-10.072000503540039,-14.708999872207642,0,0,0,1,0,1
440,18.10399627685547,-0.75,-10.944999933242798,0,0,0,1,0,1
441,0.0,0.0,0.0,0,0,1,0,0,1
441,4.743003845214844,-1.8130016326904261,-0.8729991912841815,0,0,0,1,1,1
441,-4.7559967041015625,0.9930000305175817,-1.9379997253417969,0,0,0,1,1,1
441,9.434005737304688,-2.277999877929684,-3.4509992599487305,0,0,0,1,0,1
441,-9.017997741699219,1.0329990386962926,-5.33799934387207,0,0,1,0,0,1
441,12.337005615234375,-1.9520015716552699,-7.88599967956543,0,1,0,0,0,1
441,-11.218994140625,-1.1370010375976491,-10.364999771118164,0,1,0,0,0,1
441,13.347999572753906,0.24300003051758168,-12.882999658584595,0,0,0,1,0,1
441,-11.4949951171875,-4.208000183105465,-14.505999565124512,0,1,0,0,0,1
441,12.278999328613281,5.158998489379886,-16.87299954891205,1,0,0,0,0,1
442,0.0,0.0,0.0,0,0,0,1,0,1
442,-4.743003845214844,1.8130016326904261,0.8729991912841815,0,0,1,0,1,1
442,4.691001892089844,-0.4649982452392578,-2.578000068664549,0,0,0,1,1,1
442,-9.499000549316406,2.806001663208008,-1.0650005340576154,0,0,0,1,0,1
442,7.594001770019531,-0.13899993896484375,-7.013000488281248,0,1,0,0,0,1
442,-13.761001586914062,2.8460006713867188,-4.465000152587889,0,0,1,0,0,1
442,8.604995727539062,2.056001663208008,-12.010000467300413,0,0,0,1,0,1
442,-15.961997985839844,0.676000595092777,-9.492000579833983,0,1,0,0,0,1
442,7.5359954833984375,6.9720001220703125,-16.00000035762787,1,0,0,0,0,1
442,6.952995300292969,12.654001235961916,-15.65700042247772,1,0,0,0,0,1
443,0.0,0.0,0.0,0,0,0,1,0,1
443,2.9029998779296875,0.32599830627441406,-4.435000419616699,0,1,0,0,1,1
443,-4.691001892089844,0.4649982452392578,2.578000068664549,0,0,0,1,1,1
443,-9.434005737304688,2.277999877929684,3.4509992599487305,0,0,1,0,0,1
443,3.9139938354492188,2.5209999084472656,-9.432000398635864,0,0,0,1,0,1
443,-14.19000244140625,3.2709999084472656,1.5129995346069336,0,0,0,1,0,1
443,2.8449935913085938,7.43699836730957,-13.422000288963318,1,0,0,0,0,1
443,2.261993408203125,13.118999481201174,-13.079000353813171,1,0,0,0,0,1
443,-18.452003479003906,3.3109989166259766,-1.8870000839233398,0,0,1,0,0,1
443,1.5619964599609375,18.089999198913574,-10.31600034236908,0,0,0,1,0,1
444,0.0,0.0,0.0,0,1,0,0,0,1
444,-2.9029998779296875,-0.32599830627441406,4.435000419616699,0,0,0,1,1,1
444,1.0109939575195312,2.1950016021728516,-4.996999979019165,0,0,0,1,1,1
444,-7.594001770019531,0.13899993896484375,7.013000488281248,0,0,0,1,0,1
444,-0.05800628662109375,7.111000061035156,-8.986999869346619,1,0,0,0,0,1
444,-12.337005615234375,1.9520015716552699,7.88599967956543,0,0,1,0,0,1
444,-0.6410064697265625,12.79300117492676,-8.643999934196472,1,0,0,0,0,1
444,-17.093002319335938,2.9450016021728516,5.947999954223633,0,0,0,1,0,1
444,9.36099624633789,7.801000595092773,-13.765999794006348,0,0,0,1,0,1
444,-1.34100341796875,17.76400089263916,-5.88099992275238,0,0,0,1,0,1
445,0.0,0.0,0.0,0,0,0,1,0,1
445,-1.0109939575195312,-2.1950016021728516,4.996999979019165,0,1,0,0,1,1
445,-1.069000244140625,4.915998458862305,-3.989999890327454,1,0,0,0,1,1
445,-3.9139938354492188,-2.5209999084472656,9.432000398635864,0,0,0,1,0,1
445,-1.6520004272460938,10.597999572753908,-3.646999955177307,1,0,0,0,0,1
445,8.35000228881836,5.605998992919922,-8.768999814987183,0,0,0,1,0,1
445,-8.604995727539062,-2.056001663208008,12.010000467300413,0,0,0,1,0,1
445,7.496002197265625,2.6679992675781286,-13.133000135421755,1,0,0,0,0,1
445,-2.3519973754882812,15.568999290466309,-0.8839999437332153,0,0,0,1,0,1
445,-13.347999572753906,-0.24300003051758168,12.882999658584595,0,0,1,0,0,1
446,0.0,0.0,0.0,1,0,0,0,0,1
446,-0.5830001831054688,5.682001113891603,0.34299993515014693,1,0,0,0,1,1
446,1.069000244140625,-4.915998458862305,3.989999890327454,0,0,0,1,1,1
446,9.419002532958984,0.6900005340576172,-4.778999924659729,0,0,0,1,0,1
446,-1.2829971313476562,10.653000831604004,3.1059999465942387,0,0,0,1,0,1
446,0.05800628662109375,-7.111000061035156,8.986999869346619,0,1,0,0,0,1
446,8.56500244140625,-2.247999191284176,-9.143000245094301,1,0,0,0,0,1
446,-2.8449935913085938,-7.43699836730957,13.422000288963318,0,0,0,1,0,1
446,-0.26300048828125,14.044000625610352,7.3180001974105835,0,0,0,1,0,1
446,16.46300506591797,4.705000877380371,-1.876999974250793,0,0,0,1,0,1
447,0.0,0.0,0.0,1,0,0,0,0,1
447,0.5830001831054688,-5.682001113891603,-0.34299993515014693,1,0,0,0,1,1
447,-0.6999969482421875,4.970999717712401,2.763000011444092,0,0,0,1,1,1
447,0.31999969482421875,8.361999511718748,6.975000262260437,0,0,0,1,0,1
447,1.6520004272460938,-10.597999572753908,3.646999955177307,0,0,0,1,0,1
447,10.002002716064453,-4.992000579833986,-5.1219998598098755,0,0,0,1,0,1
447,9.148002624511719,-7.9300003051757795,-9.486000180244448,1,0,0,0,0,1
447,0.6410064697265625,-12.79300117492676,8.643999934196472,0,1,0,0,0,1
447,10.836002349853516,8.5889995098114,-7.991000294685364,0,1,0,0,0,1
447,2.35400390625,10.607999622821806,11.765999674797056,0,0,1,0,0,1
448,0.0,0.0,0.0,0,0,0,1,0,1
448,1.0199966430664062,3.390999794006348,4.212000250816345,0,0,0,1,1,1
448,0.6999969482421875,-4.970999717712401,-2.763000011444092,1,0,0,0,1,1
448,3.0540008544921875,5.6369999051094055,9.002999663352965,0,0,1,0,0,1
448,1.2829971313476562,-10.653000831604004,-3.1059999465942387,1,0,0,0,0,1
448,6.03900146484375,13.014999866485596,-3.8630000352859497,0,0,0,1,0,1
448,6.697998046875,4.852999925613403,13.207000136375427,1,0,0,0,0,1
448,2.3519973754882812,-15.568999290466309,0.8839999437332153,0,0,0,1,0,1
448,8.831001281738281,7.864999890327454,-10.653999924659729,0,1,0,0,0,1
448,11.535999298095703,3.617999792098999,-10.754000306129456,0,1,0,0,0,1
449,0.0,0.0,0.0,0,0,0,1,0,1
449,-1.0199966430664062,-3.390999794006348,-4.212000250816345,0,0,0,1,1,1
449,2.0340042114257812,2.2460001111030574,4.790999412536619,0,0,1,0,1,1
449,5.678001403808594,1.4620001316070552,8.994999885559082,1,0,0,0,0,1
449,-0.31999969482421875,-8.361999511718748,-6.975000262260437,1,0,0,0,0,1
449,5.019004821777344,9.624000072479248,-8.075000286102295,0,0,0,1,0,1
449,0.26300048828125,-14.044000625610352,-7.3180001974105835,1,0,0,0,0,1
449,10.999004364013672,-0.3059999942779541,11.739999771118164,1,0,0,0,0,1
449,7.811004638671875,4.474000096321105,-14.866000175476074,0,1,0,0,0,1
449,10.516002655029297,0.22699999809265092,-14.9660005569458,0,1,0,0,0,1
450,0.0,0.0,0.0,0,0,1,0,0,1
450,3.6439971923828125,-0.7839999794960022,4.204000473022463,1,0,0,0,1,1
450,-2.0340042114257812,-2.2460001111030574,-4.790999412536619,0,0,0,1,1,1
450,-3.0540008544921875,-5.6369999051094055,-9.002999663352965,0,0,0,1,0,1
450,8.96500015258789,-2.5520001053810115,6.949000358581545,1,0,0,0,0,1
450,2.9850006103515625,7.37799996137619,-12.865999698638914,0,0,0,1,0,1
450,13.750999450683587,-4.0779998898506165,5.918000221252443,0,0,1,0,0,1
450,-2.35400390625,-10.607999622821806,-11.765999674797056,1,0,0,0,0,1
450,17.839000701904297,-1.0940000414848328,-5.424999713897703,0,0,0,1,0,1
450,-1.7710037231445312,-16.29000073671341,-12.108999609947203,1,0,0,0,0,1
451,0.0,0.0,0.0,1,0,0,0,0,1
451,-3.6439971923828125,0.7839999794960022,-4.204000473022463,0,0,1,0,1,1
451,5.321002960205078,-1.7680001258850093,2.744999885559082,1,0,0,0,1,1
451,-5.678001403808594,-1.4620001316070552,-8.994999885559082,0,0,0,1,0,1
451,10.107002258300774,-3.2939999103546143,1.7139997482299805,0,0,1,0,0,1
451,-6.697998046875,-4.852999925613403,-13.207000136375427,0,0,0,1,0,1
451,15.54300308227539,-5.2790000438690186,-0.5380001068115217,0,0,1,0,0,1
451,14.195003509521484,-0.31000006198883057,-9.629000186920166,0,0,0,1,0,1
451,-0.65899658203125,8.161999940872192,-17.070000171661377,0,0,0,1,0,1
451,16.60900115966797,4.190000057220459,-9.691999912261963,1,0,0,0,0,1
452,0.0,0.0,0.0,1,0,0,0,0,1
452,4.785999298095696,-1.525999784469605,-1.0310001373291016,0,0,1,0,1,1
452,-5.321002960205078,1.7680001258850093,-2.744999885559082,1,0,0,0,1,1
452,10.222000122070312,-3.5109999179840092,-3.2829999923706037,0,0,1,0,0,1
452,-8.96500015258789,2.5520001053810115,-6.949000358581545,0,0,1,0,0,1
452,14.012001037597656,-1.0420000553131108,-5.4639997482299805,0,0,0,1,0,1
452,8.874000549316406,1.4580000638961788,-12.374000072479248,0,0,0,1,0,1
452,-10.999004364013672,0.3059999942779541,-11.739999771118164,0,0,0,1,0,1
452,10.959999084472656,11.387999773025513,5.267000198364254,0,0,0,1,0,1
452,12.023998260498047,7.110000133514404,10.13500022888184,0,0,0,1,0,1
453,0.0,0.0,0.0,0,0,1,0,0,1
453,-4.785999298095696,1.525999784469605,1.0310001373291016,1,0,0,0,1,1
453,5.4360008239746165,-1.9850001335144043,-2.251999855041502,0,0,1,0,1,1
453,9.22600173950196,0.48399972915649414,-4.432999610900879,0,0,0,1,0,1
453,-10.107002258300774,3.2939999103546143,-1.7139997482299805,1,0,0,0,0,1
453,4.08800125122071,2.9839998483657837,-11.342999935150146,0,0,0,1,0,1
453,6.501998901367195,7.483999967575073,-11.405999660491943,1,0,0,0,0,1
453,13.04899978637696,4.119999885559082,-6.991000175476074,0,0,0,1,0,1
453,-13.750999450683587,4.0779998898506165,-5.918000221252443,0,0,1,0,0,1
453,6.17399978637696,12.913999557495117,6.298000335693356,0,0,0,1,0,1
454,0.0,0.0,0.0,0,0,1,0,0,1
454,3.7900009155273438,2.4689998626708984,-2.1809997558593768,0,0,0,1,1,1
454,-5.4360008239746165,1.9850001335144043,2.251999855041502,0,0,1,0,1,1
454,-1.3479995727539062,4.968999981880188,-9.091000080108644,0,0,0,1,0,1
454,7.612998962402344,6.105000019073486,-4.739000320434572,0,0,0,1,0,1
454,-10.222000122070312,3.5109999179840092,3.2829999923706037,1,0,0,0,0,1
454,1.0659980773925781,9.469000101089478,-9.153999805450441,1,0,0,0,0,1
454,-0.4220008850097656,1.0240001678466797,-14.62099999189377,1,0,0,0,0,1
454,1.3139991760253835,14.585999965667725,-6.5190000534057635,1,0,0,0,0,1
454,9.994998931884766,11.716000080108643,-4.684000015258793,0,0,0,1,0,1
455,0.0,0.0,0.0,0,0,0,1,0,1
455,-3.7900009155273438,-2.4689998626708984,2.1809997558593768,0,0,1,0,1,1
455,3.822998046875,3.636000156402588,-2.5580005645751953,0,0,0,1,1,1
455,-5.13800048828125,2.5000001192092896,-6.910000324249268,0,0,0,1,0,1
455,-9.22600173950196,-0.48399972915649414,4.432999610900879,0,0,1,0,0,1
455,-2.7240028381347656,7.000000238418579,-6.9730000495910645,1,0,0,0,0,1
455,6.204998016357422,9.247000217437744,-2.503000259399416,0,0,0,1,0,1
455,-2.4760017395019602,12.117000102996826,-4.338000297546387,1,0,0,0,0,1
455,-4.212001800537109,-1.4449996948242188,-12.440000236034393,1,0,0,0,0,1
455,6.039997100830078,13.41599988937378,0.07299995422363281,0,0,0,1,0,1
456,0.0,0.0,0.0,0,0,0,1,0,1
456,-3.822998046875,-3.636000156402588,2.5580005645751953,0,0,0,1,1,1
456,2.381999969482422,5.611000061035156,0.055000305175779474,0,0,0,1,1,1
456,-6.547000885009766,3.364000082015991,-4.414999485015869,1,0,0,0,0,1
456,-8.96099853515625,-1.1360000371932983,-4.351999759674072,0,0,0,1,0,1
456,2.216999053955078,9.779999732971191,2.631000518798828,0,0,0,1,0,1
456,-6.29899978637696,8.480999946594238,-1.7799997329711914,1,0,0,0,0,1
456,-7.612998962402344,-6.105000019073486,4.739000320434572,0,0,1,0,0,1
456,-6.564998626708984,11.329999923706056,2.6050004959106445,1,0,0,0,0,1
456,-8.03499984741211,-5.080999851226807,-9.881999671459198,1,0,0,0,0,1
457,0.0,0.0,0.0,0,0,0,1,0,1
457,-0.16500091552734375,4.168999671936035,2.5760002136230487,0,0,0,1,1,1
457,-2.381999969482422,-5.611000061035156,-0.055000305175779474,0,0,0,1,1,1
457,-8.680999755859382,2.869999885559082,-1.8350000381469709,1,0,0,0,0,1
457,-1.9319992065429688,7.5699996948242205,6.458999633789064,1,0,0,0,0,1
457,-8.929000854492188,-2.246999979019165,-4.469999790191649,1,0,0,0,0,1
457,-8.946998596191406,5.7189998626709,2.550000190734865,1,0,0,0,0,1
457,-6.204998016357422,-9.247000217437744,2.503000259399416,0,0,0,1,0,1
457,-1.1009979248046875,6.776000022888184,11.036000251770021,0,0,1,0,0,1
457,-11.342998504638672,-6.747000098228455,-4.407000064849852,0,0,0,1,0,1
458,0.0,0.0,0.0,0,0,0,1,0,1
458,0.16500091552734375,-4.168999671936035,-2.5760002136230487,0,0,0,1,1,1
458,-1.766998291015625,3.4010000228881854,3.8829994201660156,1,0,0,0,1,1
458,-0.9359970092773438,2.6070003509521484,8.460000038146973,0,0,1,0,0,1
458,-8.781997680664062,1.550000190734865,-0.026000022888183594,1,0,0,0,0,1
458,-8.515998840332038,-1.2989997863769531,-4.4110002517700195,1,0,0,0,0,1
458,-2.216999053955078,-9.779999732971191,-2.631000518798828,0,0,0,1,0,1
458,-9.239997863769531,1.255000114440918,6.159998893737793,1,0,0,0,0,1
458,-8.763999938964844,-6.4159996509552,-7.046000003814697,1,0,0,0,0,1
458,5.895999908447266,6.457000732421875,10.463999748229984,1,0,0,0,0,1
459,0.0,0.0,0.0,1,0,0,0,0,1
459,0.8310012817382812,-0.7939996719360369,4.577000617980957,0,0,1,0,1,1
459,1.766998291015625,-3.4010000228881854,-3.8829994201660156,0,0,0,1,1,1
459,-7.472999572753906,-2.1459999084472674,2.2769994735717773,1,0,0,0,0,1
459,-7.0149993896484375,-1.8509998321533203,-3.908999443054199,1,0,0,0,0,1
459,1.9319992065429688,-7.5699996948242205,-6.458999633789064,0,0,0,1,0,1
459,7.662998199462891,3.0560007095336896,6.581000328063968,1,0,0,0,0,1
459,-7.325000762939453,-4.387000083923342,6.775000572204586,0,0,0,1,0,1
459,-6.749000549316413,-4.6999998092651385,-8.293999671936035,1,0,0,0,0,1
459,-0.4500007629394531,-13.180999755859377,-6.513999938964844,0,0,0,1,0,1
460,0.0,0.0,0.0,0,0,1,0,0,1
460,-0.8310012817382812,0.7939996719360369,-4.577000617980957,1,0,0,0,1,1
460,6.831996917724609,3.8500003814697266,2.0039997100830114,1,0,0,0,1,1
460,-8.304000854492188,-1.3520002365112305,-2.3000011444091797,1,0,0,0,0,1
460,0.9359970092773438,-2.6070003509521484,-8.460000038146973,0,0,0,1,0,1
460,-8.156002044677734,-3.5930004119873047,2.1979999542236293,0,0,0,1,0,1
460,8.424999237060547,-0.8430004119873047,6.775999069213864,0,0,1,0,0,1
460,-0.259002685546875,-7.820000171661377,8.322000503540039,0,0,1,0,0,1
460,-7.846000671386719,-1.0570001602172834,-8.486000061035156,1,0,0,0,0,1
460,3.105998992919922,-3.9180002212524414,11.02199935913086,1,0,0,0,0,1
461,0.0,0.0,0.0,1,0,0,0,0,1
461,1.5930023193359375,-4.693000793457031,4.771999359130852,0,0,1,0,1,1
461,-6.831996917724609,-3.8500003814697266,-2.0039997100830114,0,0,1,0,1,1
461,-7.662998199462891,-3.0560007095336896,-6.581000328063968,1,0,0,0,0,1
461,4.894001007080078,-3.5310001373291016,9.13699913024902,0,1,0,0,0,1
461,-3.7259979248046875,-7.768000602722168,9.017999649047848,1,0,0,0,0,1
461,-5.895999908447266,-6.457000732421875,-10.463999748229984,0,0,0,1,0,1
461,0.5900001525878906,-7.120000839233398,12.246000289916989,1,0,0,0,0,1
461,-7.090999603271484,-11.670000553131104,6.318000793457028,0,0,1,0,0,1
461,-15.135997772216797,-5.202000617980957,-4.304000854492191,1,0,0,0,0,1
462,0.0,0.0,0.0,0,0,1,0,0,1
462,3.3009986877441406,1.1620006561279297,4.364999771118168,0,1,0,0,1,1
462,-1.5930023193359375,4.693000793457031,-4.771999359130852,1,0,0,0,1,1
462,-5.319000244140625,-3.0749998092651367,4.246000289916996,1,0,0,0,0,1
462,-1.0030021667480469,-2.427000045776367,7.474000930786136,1,0,0,0,0,1
462,-8.424999237060547,0.8430004119873047,-6.775999069213864,0,0,1,0,0,1
462,-8.684001922607422,-6.976999759674072,1.5460014343261754,0,0,1,0,0,1
462,3.0419998168945312,-4.304999828338623,10.056001663208011,0,1,0,0,0,1
462,8.09099960327148,0.15299987792968928,8.15200233459473,0,0,0,1,0,1
462,7.85099983215332,-6.490999698638916,10.143999099731449,0,0,1,0,0,1
463,0.0,0.0,0.0,0,1,0,0,0,1
463,-3.3009986877441406,-1.1620006561279297,-4.364999771118168,0,0,1,0,1,1
463,4.79000091552734,-1.0090007781982404,3.7870025634765625,0,0,0,1,1,1
463,-4.3040008544921875,-3.589000701904297,3.1090011596679688,1,0,0,0,0,1
463,-0.2589988708496094,-5.467000484466553,5.691001892089844,0,1,0,0,0,1
463,-8.619998931884766,-4.237000465393066,-0.11899948120117188,1,0,0,0,0,1
463,4.55000114440918,-7.653000354766846,5.778999328613281,0,0,1,0,0,1
463,9.91200065612793,-2.056000709533693,3.7060012817382812,1,0,0,0,0,1
463,-4.894001007080078,3.5310001373291016,-9.13699913024902,1,0,0,0,0,1
463,9.006999969482422,-10.379000306129456,2.7229995727539062,1,0,0,0,0,1
464,0.0,0.0,0.0,0,0,0,1,0,1
464,5.1219997406005895,-1.0469999313354528,-0.08100128173828125,1,0,0,0,1,1
464,-4.79000091552734,1.0090007781982404,-3.7870025634765625,0,1,0,0,1,1
464,-0.2399997711181605,-6.643999576568605,1.9919967651367188,0,0,1,0,0,1
464,-5.04899978637695,-4.457999706268312,1.9039993286132812,0,1,0,0,0,1
464,-9.094001770019528,-2.5799999237060565,-0.6780014038085938,1,0,0,0,0,1
464,8.92499923706055,-2.9499993324279803,-3.6420021057128906,0,0,1,0,0,1
464,4.216999053955082,-9.369999527931215,-1.0640029907226562,1,0,0,0,0,1
464,-8.09099960327148,-0.15299987792968928,-8.15200233459473,0,0,1,0,0,1
464,6.4739990234375036,-9.298999547958376,-6.499002456665039,0,0,0,1,0,1
465,0.0,0.0,0.0,1,0,0,0,0,1
465,-5.1219997406005895,1.0469999313354528,0.08100128173828125,0,0,0,1,1,1
465,3.802999496459961,-1.9029994010925275,-3.5610008239746094,0,0,1,0,1,1
465,-5.36199951171875,-5.5969996452331525,2.072998046875,0,0,1,0,0,1
465,-0.9050006866455078,-8.322999596595762,-0.983001708984375,1,0,0,0,0,1
465,1.351999282836914,-8.251999616622923,-6.418001174926758,0,0,0,1,0,1
465,-9.91200065612793,2.056000709533693,-3.7060012817382812,0,1,0,0,0,1
465,-10.170999526977539,-3.4109997749328596,1.9850006103515625,0,1,0,0,0,1
465,5.510000228881836,-3.178999423980711,-10.981000900268555,1,0,0,0,0,1
465,8.97599983215332,0.4030008316040039,-9.009000778198246,1,0,0,0,0,1
466,0.0,0.0,0.0,0,0,1,0,0,1
466,-3.802999496459961,1.9029994010925275,3.5610008239746094,1,0,0,0,1,1
466,-2.451000213623047,-6.3490002155303955,-2.8570003509521484,0,0,0,1,0,1
466,1.707000732421875,-1.2760000228881836,-7.420000076293945,1,0,0,0,0,1
466,5.173000335693359,2.3060002326965314,-5.447999954223636,1,0,0,0,1,1
466,-4.708000183105469,-6.420000195503235,2.5779991149902344,1,0,0,0,0,1
466,0.24500083923339844,-6.211000204086304,-6.916999816894528,1,0,0,0,0,1
466,-8.92499923706055,2.9499993324279803,3.6420021057128906,0,0,0,1,0,1
466,-9.164999008178711,-3.694000244140625,5.633998870849609,0,0,1,0,0,1
466,-13.71500015258789,3.9590001106262207,-0.14500045776367188,0,1,0,0,0,1
467,0.0,0.0,0.0,1,0,0,0,0,1
467,-3.4659996032714844,-3.582000255584715,-1.972000122070309,1,0,0,0,1,1
467,-5.173000335693359,-2.3060002326965314,5.447999954223636,0,0,1,0,1,1
467,-4.927999496459961,-8.517000436782835,-1.4689998626708913,1,0,0,0,0,1
467,-7.624000549316406,-8.655000448226927,2.590999603271488,0,0,0,1,0,1
467,-8.97599983215332,-0.4030008316040039,9.009000778198246,1,0,0,0,0,1
467,-9.881000518798828,-8.726000428199766,8.02599906921387,1,0,0,0,0,1
467,-14.09799957275391,0.6439990997314489,9.090002059936527,0,0,0,1,0,1
467,-14.33799934387207,-6.000000476837156,11.081998825073246,0,0,1,0,0,1
467,-18.88800048828125,1.6529998779296893,5.3029994964599645,0,1,0,0,0,1
468,0.0,0.0,0.0,1,0,0,0,0,1
468,-1.4619998931884766,-4.93500018119812,0.5030002593994176,1,0,0,0,1,1
468,3.4659996032714844,3.582000255584715,1.972000122070309,1,0,0,0,1,1
468,-1.707000732421875,1.2760000228881836,7.420000076293945,0,0,1,0,0,1
468,-4.158000946044922,-5.073000192642212,4.562999725341797,0,0,0,1,0,1
468,-5.510000228881836,3.178999423980711,10.981000900268555,1,0,0,0,0,1
468,-6.415000915527344,-5.144000172615051,9.99799919128418,1,0,0,0,0,1
468,-10.631999969482425,4.225999355316164,11.062002182006836,0,0,0,1,0,1
468,-10.871999740600586,-2.4180002212524414,13.053998947143555,0,0,1,0,0,1
468,-15.422000885009766,5.235000133514404,7.274999618530273,0,1,0,0,0,1
469,0.0,0.0,0.0,1,0,0,0,0,1
469,-2.6960010528564453,-0.1380000114440918,4.059999465942379,0,0,0,1,1,1
469,1.4619998931884766,4.93500018119812,-0.5030002593994176,1,0,0,0,1,1
469,-0.24500083923339844,6.211000204086304,6.916999816894528,0,0,1,0,0,1
469,4.927999496459961,8.517000436782835,1.4689998626708913,1,0,0,0,0,1
469,-4.953001022338867,-0.20899999141693115,9.494998931884762,1,0,0,0,0,1
469,-4.048000335693359,8.113999605178831,10.478000640869137,1,0,0,0,0,1
469,-9.40999984741211,2.5169999599456787,12.550998687744137,0,0,1,0,0,1
469,-9.170000076293949,9.160999536514284,10.559001922607418,0,0,0,1,0,1
469,-13.960000991821289,10.170000314712524,6.771999359130856,0,1,0,0,0,1
470,0.0,0.0,0.0,0,0,0,1,0,1
470,2.6960010528564453,0.1380000114440918,-4.059999465942379,1,0,0,0,1,1
470,-2.256999969482422,-0.07099997997283936,5.434999465942383,1,0,0,0,1,1
470,2.451000213623047,6.3490002155303955,2.8570003509521484,0,0,1,0,0,1
470,4.158000946044922,5.073000192642212,-4.562999725341797,1,0,0,0,0,1
470,-1.351999282836914,8.251999616622923,6.418001174926758,1,0,0,0,0,1
470,-6.713998794555664,2.6549999713897705,8.490999221801758,0,0,1,0,0,1
470,7.624000549316406,8.655000448226927,-2.590999603271488,1,0,0,0,0,1
470,-6.4739990234375036,9.298999547958376,6.499002456665039,0,0,0,1,0,1
470,-11.522998809814453,4.8409998416900635,8.40300178527832,0,1,0,0,0,1
471,0.0,0.0,0.0,1,0,0,0,0,1
471,2.256999969482422,0.07099997997283936,-5.434999465942383,0,0,0,1,1,1
471,-4.456998825073242,2.72599995136261,3.055999755859375,0,0,1,0,1,1
471,4.708000183105469,6.420000195503235,-2.5779991149902344,0,0,1,0,0,1
471,0.9050006866455078,8.322999596595762,0.983001708984375,1,0,0,0,0,1
471,-4.216999053955082,9.369999527931215,1.0640029907226562,0,0,0,1,0,1
471,4.953001022338867,0.20899999141693115,-9.494998931884762,1,0,0,0,0,1
471,-9.265998840332031,4.911999821662903,2.9680023193359375,0,1,0,0,0,1
471,6.415000915527344,5.144000172615051,-9.99799919128418,1,0,0,0,0,1
471,-9.006999969482422,10.379000306129456,-2.7229995727539062,0,1,0,0,0,1
472,0.0,0.0,0.0,0,0,1,0,0,1
472,-4.809000015258789,2.185999870300293,-0.0879974365234375,0,1,0,0,1,1
472,4.456998825073242,-2.72599995136261,-3.055999755859375,1,0,0,0,1,1
472,0.2399997711181605,6.643999576568605,-1.9919967651367188,0,0,0,1,0,1
472,5.36199951171875,5.5969996452331525,-2.072998046875,1,0,0,0,0,1
472,-8.854001998901367,4.063999652862549,-2.6699981689453125,1,0,0,0,0,1
472,-4.55000114440918,7.653000354766846,-5.778999328613281,0,1,0,0,0,1
472,6.713998794555664,-2.6549999713897705,-8.490999221801758,0,0,0,1,0,1
472,9.164999008178711,3.694000244140625,-5.633998870849609,0,0,1,0,0,1
472,-7.85099983215332,6.490999698638916,-10.143999099731449,0,0,1,0,0,1
473,0.0,0.0,0.0,0,1,0,0,0,1
473,-4.045001983642578,1.8779997825622559,-2.582000732421875,1,0,0,0,1,1
473,4.809000015258789,-2.185999870300293,0.0879974365234375,0,0,1,0,1,1
473,5.04899978637695,4.457999706268312,-1.9039993286132812,0,0,0,1,0,1
473,0.2589988708496094,5.467000484466553,-5.691001892089844,0,1,0,0,0,1
473,-8.361000061035156,1.2300000190734863,-5.810001373291016,1,0,0,0,0,1
473,9.265998840332031,-4.911999821662903,-2.9680023193359375,1,0,0,0,0,1
473,10.170999526977539,3.4109997749328596,-1.9850006103515625,1,0,0,0,0,1
473,-3.0419998168945312,4.304999828338623,-10.056001663208011,0,0,1,0,0,1
473,-11.726001739501953,-2.671999931335449,-8.510000228881836,0,0,1,0,0,1
474,0.0,0.0,0.0,1,0,0,0,0,1
474,4.045001983642578,-1.8779997825622559,2.582000732421875,0,1,0,0,1,1
474,-4.315998077392578,-0.6479997634887695,-3.2280006408691406,1,0,0,0,1,1
474,4.3040008544921875,3.589000701904297,-3.1090011596679688,0,1,0,0,0,1
474,1.0030021667480469,2.427000045776367,-7.474000930786136,0,0,1,0,0,1
474,9.094001770019528,2.5799999237060565,0.6780014038085938,0,0,0,1,0,1
474,8.854001998901367,-4.063999652862549,2.6699981689453125,0,0,1,0,0,1
474,-7.680999755859375,-4.549999713897705,-5.927999496459961,0,0,1,0,0,1
474,-0.5900001525878906,7.120000839233398,-12.246000289916989,1,0,0,0,0,1
474,14.216001510620117,1.5329999923706037,0.5970001220703125,1,0,0,0,0,1
475,0.0,0.0,0.0,1,0,0,0,0,1
475,4.315998077392578,0.6479997634887695,3.2280006408691406,1,0,0,0,1,1
475,-3.365001678466797,-3.9019999504089355,-2.6999988555908203,0,0,1,0,1,1
475,5.319000244140625,3.0749998092651367,-4.246000289916996,0,0,1,0,0,1
475,8.619998931884766,4.237000465393066,0.11899948120117188,0,1,0,0,0,1
475,8.361000061035156,-1.2300000190734863,5.810001373291016,0,1,0,0,0,1
475,-10.198001861572266,-3.9529998302459712,-3.955999374389645,0,0,0,1,0,1
475,-3.105998992919922,3.9180002212524414,-11.02199935913086,0,0,1,0,0,1
475,3.7259979248046875,7.768000602722168,-9.017999649047848,1,0,0,0,0,1
475,-11.262001037597656,0.3249998092651367,-8.82399940490723,0,0,0,1,0,1
476,0.0,0.0,0.0,0,0,1,0,0,1
476,3.365001678466797,3.9019999504089355,2.6999988555908203,1,0,0,0,1,1
476,-6.833000183105469,-0.05099987983703569,-1.2560005187988246,0,0,0,1,1,1
476,7.680999755859375,4.549999713897705,5.927999496459961,1,0,0,0,0,1
476,-7.896999359130859,4.226999759674072,-6.12400054931641,0,0,0,1,0,1
476,8.684001922607422,6.976999759674072,-1.5460014343261754,0,0,1,0,0,1
476,0.259002685546875,7.820000171661377,-8.322000503540039,0,0,1,0,0,1
476,11.726001739501953,2.671999931335449,8.510000228881836,0,1,0,0,0,1
476,11.985000610351562,8.139000415802002,2.818998336791992,0,1,0,0,0,1
476,-8.044998168945312,6.4679999351501465,-10.622001647949219,1,0,0,0,0,1
477,0.0,0.0,0.0,0,0,0,1,0,1
477,-1.0639991760253906,4.277999639511108,-4.868000030517585,0,0,0,1,1,1
477,6.833000183105469,0.05099987983703569,1.2560005187988246,0,0,1,0,1,1
477,-1.2119979858398438,6.518999814987183,-9.366001129150394,1,0,0,0,0,1
477,10.198001861572266,3.9529998302459712,3.955999374389645,1,0,0,0,0,1
477,7.092002868652344,7.871000051498413,-7.0659999847412145,0,0,1,0,0,1
477,6.2610015869140625,8.66499972343445,-11.643000602722172,1,0,0,0,0,1
477,-7.237998962402351,-8.635999917984009,-11.166000366210941,0,0,1,0,0,1
477,14.513999938964844,4.600999593734741,7.1840000152587855,1,0,0,0,0,1
477,-0.753997802734375,6.81399989128113,-15.55200004577637,1,0,0,0,0,1
478,0.0,0.0,0.0,0,0,0,1,0,1
478,-0.14799880981445312,2.241000175476074,-4.498001098632809,1,0,0,0,1,1
478,1.0639991760253906,-4.277999639511108,4.868000030517585,0,0,0,1,1,1
478,8.156002044677734,3.5930004119873047,-2.1979999542236293,0,0,1,0,0,1
478,7.896999359130859,-4.226999759674072,6.12400054931641,0,0,1,0,0,1
478,7.325000762939453,4.387000083923342,-6.775000572204586,1,0,0,0,0,1
478,0.3100013732910156,2.5360002517700213,-10.684000015258786,1,0,0,0,0,1
478,9.091999053955078,0.9860000610351562,-10.657999992370602,0,0,0,1,0,1
478,11.262001037597656,-0.3249998092651367,8.82399940490723,1,0,0,0,0,1
478,0.5760002136230398,-0.3129997253417969,-15.069000244140621,1,0,0,0,0,1
479,0.0,0.0,0.0,1,0,0,0,0,1
479,0.14799880981445312,-2.241000175476074,4.498001098632809,0,0,0,1,1,1
479,0.45800018310546875,0.2950000762939471,-6.185998916625977,1,0,0,0,1,1
479,7.472999572753906,2.1459999084472674,-2.2769994735717773,1,0,0,0,0,1
479,8.304000854492188,1.3520002365112305,2.3000011444091797,0,0,1,0,0,1
479,0.7239990234374929,-2.553999900817871,-10.570999145507812,1,0,0,0,0,1
479,9.239997863769531,-1.255000114440918,-6.159998893737793,0,0,0,1,0,1
479,1.2119979858398438,-6.518999814987183,9.366001129150394,0,0,0,1,0,1
479,9.404998779296875,-5.423999786376953,-8.735999107360842,0,0,0,1,0,1
479,8.044998168945312,-6.4679999351501465,10.622001647949219,0,0,1,0,0,1
480,0.0,0.0,0.0,1,0,0,0,0,1
480,0.26599884033202414,-2.848999977111818,-4.385000228881836,1,0,0,0,1,1
480,-0.45800018310546875,-0.2950000762939471,6.185998916625977,1,0,0,0,1,1
480,7.0149993896484375,1.8509998321533203,3.908999443054199,1,0,0,0,0,1
480,8.781997680664062,-1.550000190734865,0.026000022888183594,0,0,0,1,0,1
480,0.01799774169921875,-7.965999841690065,-7.019999980926514,1,0,0,0,0,1
480,8.946998596191406,-5.7189998626709,-2.550000190734865,0,0,0,1,0,1
480,-0.3100013732910156,-2.5360002517700213,10.684000015258786,0,0,0,1,0,1
480,7.846000671386719,1.0570001602172834,8.486000061035156,0,0,1,0,0,1
480,6.564998626708984,-11.329999923706056,-2.6050004959106445,0,0,0,1,0,1
481,0.0,0.0,0.0,1,0,0,0,0,1
481,-0.26599884033202414,2.848999977111818,4.385000228881836,1,0,0,0,1,1
481,-0.2480010986328054,-5.116999864578247,-2.6349997520446777,1,0,0,0,1,1
481,8.680999755859382,-2.869999885559082,1.8350000381469709,0,0,0,1,0,1
481,8.515998840332038,1.2989997863769531,4.4110002517700195,0,0,0,1,0,1
481,-2.6619987487792898,-9.616999983787537,-2.572000026702881,0,0,0,1,0,1
481,6.29899978637696,-8.480999946594238,1.7799997329711914,0,0,0,1,0,1
481,-0.7239990234374929,2.553999900817871,10.570999145507812,1,0,0,0,0,1
481,6.749000549316413,4.6999998092651385,8.293999671936035,1,0,0,0,0,1
481,2.4760017395019602,-12.117000102996826,4.338000297546387,0,0,0,1,0,1
482,0.0,0.0,0.0,1,0,0,0,0,1
482,-2.4139976501464844,-4.5000001192092896,0.06299972534179688,0,0,0,1,1,1
482,0.2480010986328054,5.116999864578247,2.6349997520446777,1,0,0,0,1,1
482,6.547000885009766,-3.364000082015991,4.414999485015869,0,0,0,1,0,1
482,-1.4879989624023438,-8.444999933242798,-5.467000186443329,1,0,0,0,0,1
482,8.929000854492188,2.246999979019165,4.469999790191649,0,0,0,1,0,1
482,2.7240028381347656,-7.000000238418579,6.9730000495910645,0,0,0,1,0,1
482,-0.01799774169921875,7.965999841690065,7.019999980926514,1,0,0,0,0,1
482,2.4020004272460866,-5.638000011444092,-10.505000114440918,1,0,0,0,0,1
482,8.763999938964844,6.4159996509552,7.046000003814697,0,0,0,1,0,1
483,0.0,0.0,0.0,0,0,0,1,0,1
483,2.4139976501464844,4.5000001192092896,-0.06299972534179688,1,0,0,0,1,1
483,0.9259986877441406,-3.9449998140335083,-5.529999911785126,1,0,0,0,1,1
483,5.13800048828125,-2.5000001192092896,6.910000324249268,0,0,0,1,0,1
483,8.96099853515625,1.1360000371932983,4.351999759674072,0,0,0,1,0,1
483,2.6619987487792898,9.616999983787537,2.572000026702881,1,0,0,0,0,1
483,1.3479995727539062,-4.968999981880188,9.091000080108644,0,0,1,0,0,1
483,4.815998077392571,-1.1379998922348022,-10.567999839782715,1,0,0,0,0,1
483,-4.08800125122071,-2.9839998483657837,11.342999935150146,0,0,1,0,0,1
483,1.2490005493164062,1.1450000405311584,-13.18399953842163,0,0,1,0,0,1
484,0.0,0.0,0.0,1,0,0,0,0,1
484,-0.9259986877441406,3.9449998140335083,5.529999911785126,0,0,0,1,1,1
484,3.8899993896484304,2.806999921798706,-5.037999927997589,1,0,0,0,1,1
484,-4.072998046875,-6.546000003814697,-3.0309999585151672,0,0,0,1,0,1
484,-5.72200012207032,0.06799983978271484,-7.198000252246857,0,0,1,0,0,1
484,0.3230018615722656,5.089999854564667,-7.653999626636505,0,0,1,0,0,1
484,1.4879989624023438,8.444999933242798,5.467000186443329,1,0,0,0,0,1
484,4.212001800537109,1.4449996948242188,12.440000236034393,0,0,0,1,0,1
484,8.03499984741211,5.080999851226807,9.881999671459198,0,0,0,1,0,1
484,-10.283000946044922,3.0199997425079346,-8.802000343799591,0,1,0,0,0,1
485,0.0,0.0,0.0,1,0,0,0,0,1
485,-3.5669975280761648,2.2829999327659607,-2.615999698638916,0,0,1,0,1,1
485,-3.8899993896484304,-2.806999921798706,5.037999927997589,1,0,0,0,1,1
485,-9.61199951171875,-2.739000082015991,-2.1600003242492676,0,0,1,0,0,1
485,-6.999000549316399,2.9559999257326126,-7.190000057220459,0,0,1,0,0,1
485,-4.815998077392571,1.1379998922348022,10.567999839782715,0,0,0,1,0,1
485,-2.4020004272460866,5.638000011444092,10.505000114440918,1,0,0,0,0,1
485,-7.96299743652343,-9.352999925613403,2.006999969482422,0,0,0,1,0,1
485,-14.173000335693352,0.21299982070922852,-3.764000415802002,0,1,0,0,0,1
485,4.145000457763679,2.2739999294281006,14.919999599456787,0,0,0,1,0,1
486,0.0,0.0,0.0,0,0,1,0,0,1
486,3.5669975280761648,-2.2829999327659607,2.615999698638916,1,0,0,0,1,1
486,-3.4320030212402344,0.672999992966652,-4.574000358581543,0,0,1,0,1,1
486,-6.045001983642585,-5.022000014781952,0.45599937438964844,0,0,1,0,0,1
486,-0.3230018615722656,-5.089999854564667,7.653999626636505,1,0,0,0,0,1
486,-10.606002807617188,-2.070000112056732,-1.148000717163086,0,1,0,0,0,1
486,-7.3470001220703125,3.599000036716461,-7.810999870300293,0,1,0,0,0,1
486,-4.395999908447266,-11.635999858379364,4.622999668121338,0,0,0,1,0,1
486,-1.2490005493164062,-1.1450000405311584,13.18399953842163,0,0,0,1,0,1
486,-13.31100082397461,2.1769999861717224,-1.0480003356933594,0,1,0,0,0,1
487,0.0,0.0,0.0,0,0,1,0,0,1
487,3.4320030212402344,-0.672999992966652,4.574000358581543,0,0,1,0,1,1
487,-3.914997100830078,2.9260000437498093,-3.23699951171875,0,1,0,0,1,1
487,-2.612998962402351,-5.695000007748604,5.029999732971191,0,0,1,0,0,1
487,-7.173999786376953,-2.743000105023384,3.425999641418457,0,1,0,0,0,1
487,-8.931999206542969,3.127000018954277,-3.9850006103515625,0,0,0,1,0,1
487,6.999000549316399,-2.9559999257326126,7.190000057220459,1,0,0,0,0,1
487,-6.875999450683601,7.997999832034111,0.30900001525878906,1,0,0,0,0,1
487,-9.878997802734375,1.5039999932050703,3.5260000228881836,0,1,0,0,0,1
487,-11.622001647949219,5.1009999960660934,2.6610002517700195,0,0,1,0,0,1
488,0.0,0.0,0.0,0,1,0,0,0,1
488,-5.017002105712891,0.20099997520446777,-0.7480010986328125,0,0,0,1,1,1
488,3.914997100830078,-2.9260000437498093,3.23699951171875,0,0,1,0,1,1
488,-2.9610023498535227,5.071999788284302,3.545999526977539,1,0,0,0,0,1
488,-5.964000701904297,-1.422000050544739,6.762999534606934,0,1,0,0,0,1
488,-3.259002685546875,-5.669000148773193,6.662999153137207,0,1,0,0,0,1
488,-7.707004547119141,2.174999952316284,5.8979997634887695,0,0,1,0,0,1
488,7.3470001220703125,-3.599000036716461,7.810999870300293,0,0,1,0,0,1
488,1.3019981384277273,-8.621000051498413,8.266999244689941,0,0,1,0,0,1
488,10.913997650146477,-5.881999969482422,10.426999568939209,1,0,0,0,0,1
489,0.0,0.0,0.0,0,0,0,1,0,1
489,5.017002105712891,-0.20099997520446777,0.7480010986328125,0,1,0,0,1,1
489,2.055999755859368,4.870999813079834,4.294000625610352,1,0,0,0,1,1
489,-2.69000244140625,1.9739999771118164,6.646000862121582,0,0,1,0,0,1
489,-0.9469985961914062,-1.6230000257492068,7.511000633239746,0,1,0,0,0,1
489,1.7579994201660156,-5.870000123977661,7.4110002517700195,0,1,0,0,0,1
489,8.931999206542969,-3.127000018954277,3.9850006103515625,0,0,1,0,0,1
489,6.319000244140618,-8.82200002670288,9.015000343322754,0,0,1,0,0,1
489,-3.7389984130859375,3.5269999504089355,14.302000522613525,0,0,0,1,0,1
489,12.364002227783203,-3.800000011920929,8.559000968933105,0,0,1,0,0,1
490,0.0,0.0,0.0,1,0,0,0,0,1
490,-4.746002197265618,-2.8969998359680176,2.3520002365112305,0,0,1,0,1,1
490,-2.055999755859368,-4.870999813079834,-4.294000625610352,0,0,0,1,1,1
490,2.9610023498535227,-5.071999788284302,-3.545999526977539,0,1,0,0,0,1
490,-3.002998352050774,-6.4939998388290405,3.2170000076293945,0,1,0,0,0,1
490,6.875999450683601,-7.997999832034111,-0.30900001525878906,0,0,1,0,0,1
490,-0.29800033569335227,-10.740999937057495,3.116999626159668,0,1,0,0,0,1
490,-5.794998168945305,-1.3439998626708984,10.007999897003174,0,0,0,1,0,1
490,10.308002471923835,-8.670999825000763,4.265000343322754,0,0,1,0,0,1
490,4.26300048828125,-13.692999839782715,4.720999717712402,0,0,1,0,0,1
491,0.0,0.0,0.0,0,0,1,0,0,1
491,1.7430038452148438,-3.597000002861023,0.8649997711181641,0,1,0,0,0,1
491,4.746002197265618,2.8969998359680176,-2.3520002365112305,1,0,0,0,1,1
491,2.69000244140625,-1.9739999771118164,-6.646000862121582,0,0,0,1,0,1
491,-1.0489959716796875,1.5529999732971191,7.655999660491943,0,0,0,1,1,1
491,4.448001861572266,-7.8440001010894775,0.7649993896484375,0,1,0,0,0,1
491,7.707004547119141,-2.174999952316284,-5.8979997634887695,0,1,0,0,0,1
491,11.622001647949219,-5.1009999960660934,-2.6610002517700195,0,0,1,0,0,1
491,9.009002685546868,-10.796000003814697,2.368999481201172,0,0,1,0,0,1
491,15.054004669189453,-5.773999989032745,1.9130001068115234,0,0,1,0,0,1
492,0.0,0.0,0.0,0,0,0,1,0,1
492,1.0489959716796875,-1.5529999732971191,-7.655999660491943,0,0,1,0,1,1
492,2.7919998168945312,-5.149999976158142,-6.790999889373779,0,1,0,0,1,1
492,5.794998168945305,1.3439998626708984,-10.007999897003174,1,0,0,0,0,1
492,5.496997833251953,-9.397000074386597,-6.891000270843506,0,1,0,0,0,1
492,-5.019004821777344,-9.624000072479248,8.075000286102295,0,0,0,1,0,1
492,-6.03900146484375,-13.014999866485596,3.8630000352859497,0,0,0,1,0,1
492,-2.9850006103515625,-7.37799996137619,12.865999698638914,0,0,1,0,0,1
492,3.7389984130859375,-3.5269999504089355,-14.302000522613525,0,0,0,1,0,1
492,8.756000518798828,-3.7279999256134033,-13.553999423980713,0,1,0,0,0,1
493,0.0,0.0,0.0,0,1,0,0,0,1
493,-1.7430038452148438,3.597000002861023,-0.8649997711181641,0,0,1,0,0,1
493,2.704998016357422,-4.247000098228455,-0.10000038146972656,0,1,0,0,1,1
493,0.9469985961914062,1.6230000257492068,-7.511000633239746,0,0,0,1,0,1
493,3.002998352050774,6.4939998388290405,-3.2170000076293945,1,0,0,0,0,1
493,-2.7919998168945312,5.149999976158142,6.790999889373779,0,0,0,1,1,1
493,5.964000701904297,1.422000050544739,-6.762999534606934,0,1,0,0,0,1
493,7.265998840332024,-7.199000000953674,1.5039997100830078,0,0,1,0,0,1
493,9.878997802734375,-1.5039999932050703,-3.5260000228881836,0,0,1,0,0,1
493,13.31100082397461,-2.1769999861717224,1.0480003356933594,0,0,1,0,0,1
494,0.0,0.0,0.0,0,1,0,0,0,1
494,-2.704998016357422,4.247000098228455,0.10000038146972656,0,1,0,0,1,1
494,4.561000823974602,-2.9519999027252197,1.6040000915527344,0,0,1,0,1,1
494,7.173999786376953,2.743000105023384,-3.425999641418457,0,0,1,0,0,1
494,-4.448001861572266,7.8440001010894775,-0.7649993896484375,0,0,1,0,0,1
494,3.259002685546875,5.669000148773193,-6.662999153137207,0,1,0,0,0,1
494,-1.7579994201660156,5.870000123977661,-7.4110002517700195,0,0,0,1,0,1
494,10.606002807617188,2.070000112056732,1.148000717163086,0,0,1,0,0,1
494,0.29800033569335227,10.740999937057495,-3.116999626159668,1,0,0,0,0,1
494,6.210002899169922,-9.565999746322632,5.771000385284424,0,0,0,1,0,1
495,0.0,0.0,0.0,0,0,1,0,0,1
495,-4.561000823974602,2.9519999027252197,-1.6040000915527344,0,1,0,0,1,1
495,6.045001983642585,5.022000014781952,-0.45599937438964844,0,0,1,0,0,1
495,1.6490020751953196,-6.613999843597412,4.1670002937316895,0,0,0,1,1,1
495,2.612998962402351,5.695000007748604,-5.029999732971191,0,0,1,0,0,1
495,5.72200012207032,-0.06799983978271484,7.198000252246857,1,0,0,0,0,1
495,9.61199951171875,2.739000082015991,2.1600003242492676,1,0,0,0,0,1
495,-7.265998840332024,7.199000000953674,-1.5039997100830078,0,1,0,0,0,1
495,-5.395000457763665,-10.629000186920166,1.265000343322754,0,0,0,1,0,1
495,-1.3019981384277273,8.621000051498413,-8.266999244689941,0,1,0,0,0,1
496,0.0,0.0,0.0,0,0,0,1,0,1
496,-1.6490020751953196,6.613999843597412,-4.1670002937316895,0,0,1,0,1,1
496,4.072998046875,6.546000003814697,3.0309999585151672,1,0,0,0,0,1
496,-7.044002532958984,-4.015000343322754,-2.9019999504089355,0,0,0,1,1,1
496,7.96299743652343,9.352999925613403,-2.006999969482422,1,0,0,0,0,1
496,-6.210002899169922,9.565999746322632,-5.771000385284424,0,1,0,0,0,1
496,-7.898002624511719,-6.953000068664547,-7.266000270843508,1,0,0,0,0,1
496,4.395999908447266,11.635999858379364,-4.622999668121338,0,0,1,0,0,1
496,3.1469993591308594,10.490999817848206,8.560999870300293,0,0,0,1,0,1
496,-4.995002746582031,-8.581000328063965,-11.594000339508057,0,0,0,1,0,1
497,0.0,0.0,0.0,0,0,0,1,0,1
497,-0.8540000915527344,-2.9379997253417933,-4.364000320434572,1,0,0,0,1,1
497,7.044002532958984,4.015000343322754,2.9019999504089355,0,0,0,1,1,1
497,2.048999786376953,-4.565999984741211,-8.692000389099121,0,0,0,1,0,1
497,-9.419002532958984,-0.6900005340576172,4.778999924659729,1,0,0,0,0,1
497,5.395000457763665,10.629000186920166,-1.265000343322754,0,0,1,0,0,1
497,-10.002002716064453,4.992000579833986,5.1219998598098755,1,0,0,0,0,1
497,-8.35000228881836,-5.605998992919922,8.768999814987183,0,0,0,1,0,1
497,0.8339996337890625,13.581000089645386,-2.8690004348754883,0,1,0,0,0,1
497,7.562000274658203,-6.663000106811523,-10.91200065612793,0,1,0,0,0,1
498,0.0,0.0,0.0,1,0,0,0,0,1
498,0.8540000915527344,2.9379997253417933,4.364000320434572,0,0,0,1,1,1
498,2.9029998779296875,-1.6280002593994176,-4.328000068664549,0,0,0,1,1,1
498,8.416000366210938,-3.72500038146973,-6.548000335693358,0,1,0,0,0,1
498,-8.56500244140625,2.247999191284176,9.143000245094301,1,0,0,0,0,1
498,7.898002624511719,6.953000068664547,7.266000270843508,0,0,0,1,0,1
498,0.384002685546875,1.6319999694824183,-15.013999938964842,1,0,0,0,0,1
498,6.249000549316399,13.56699991226196,3.098999977111818,0,0,1,0,0,1
498,-7.496002197265625,-2.6679992675781286,13.133000135421755,0,0,0,1,0,1
498,-9.148002624511719,7.9300003051757795,9.486000180244448,1,0,0,0,0,1
499,0.0,0.0,0.0,0,0,0,1,0,1
499,-2.9029998779296875,1.6280002593994176,4.328000068664549,1,0,0,0,1,1
499,5.51300048828125,-2.0970001220703125,-2.2200002670288086,0,1,0,0,1,1
499,-2.048999786376953,4.565999984741211,8.692000389099121,0,0,0,1,0,1
499,-2.5189971923828125,3.260000228881836,-10.685999870300293,1,0,0,0,0,1
499,1.055999755859375,6.243000030517578,-11.386000633239746,1,0,0,0,0,1
499,-2.9280014038085938,-0.9759998321533203,-13.098999977111813,1,0,0,0,0,1
499,9.87900161743164,-9.40200042724609,-5.119000434875492,1,0,0,0,0,1
499,4.995002746582031,8.581000328063965,11.594000339508057,0,0,0,1,0,1
499,3.3460006713867116,15.195000171661377,7.427000045776367,0,0,1,0,0,1
500,0.0,0.0,0.0,0,0,0,0,0,0
500,22.099634170532227,-14.505210876464844,-10.193489074707031,0,0,0,1,0,0
500,42.43285369873047,-65.94760131835938,-28.591381072998047,0,0,1,0,0,0
500,5.885601997375488,-78.42862701416016,-40.96931457519531,0,0,0,0,0,0
500,17.3315372467041,-57.85093688964844,-43.59066390991211,0,1,0,0,0,0
501,0.0,0.0,0.0,0,0,0,0,0,0
501,-18.849952697753906,34.5323486328125,19.261743545532227,1,0,0,0,0,0
501,53.56484603881836,-46.46075439453125,-54.49103546142578,1,0,0,0,0,0
501,-19.266693115234375,40.357704162597656,5.313867568969727,0,0,0,1,0,0
501,134.9597625732422,-104.15327453613281,-81.99303436279297,0,1,0,0,0,0
502,0.0,0.0,0.0,0,1,0,0,0,0
502,135.06643676757812,38.88665771484375,30.242645263671875,0,1,0,0,0,0
502,300.0555114746094,-161.52906799316406,119.91117858886719,0,0,0,1,0,0
502,427.6190185546875,-245.56680297851562,157.02099609375,0,0,1,0,0,0
502,377.2541809082031,-200.2147674560547,101.52272033691406,0,0,1,0,0,0
503,0.0,0.0,0.0,0,1,0,0,0,0
503,7.275726318359375,16.572166442871094,-31.431846618652344,1,0,0,0,0,0
503,168.2154998779297,-98.79856872558594,45.170372009277344,0,0,0,1,0,0
503,129.63597106933594,-45.1002197265625,88.0901870727539,0,1,0,0,0,0
503,480.6590576171875,-476.98504638671875,460.8974914550781,0,0,1,0,0,0
504,0.0,0.0,0.0,1,0,0,0,0,0
504,18.73431396484375,86.30270385742188,-38.33781433105469,0,0,0,1,0,0
504,-101.14666748046875,216.00503540039062,6.2239532470703125,1,0,0,0,0,0
504,-337.7789306640625,319.6791076660156,54.64078140258789,0,1,0,0,0,0
504,-254.2706298828125,246.850341796875,75.16822814941406,0,0,0,1,0,0
505,0.0,0.0,0.0,0,0,0,0,0,0
505,546.146728515625,559.3466796875,258.6179504394531,0,0,1,0,0,0
505,544.4174194335938,633.7496337890625,229.8477783203125,0,0,0,1,0,0
505,560.1097412109375,653.5504150390625,242.68701171875,1,0,0,0,0,0
505,479.0308532714844,491.760498046875,181.61587524414062,0,0,0,0,0,0
506,0.0,0.0,0.0,1,0,0,0,0,0
506,-12.17227554321289,48.827972412109375,45.41142272949219,0,0,1,0,0,0
506,59.11966323852539,101.82624816894531,74.46304321289062,0,1,0,0,0,0
506,16.02080726623535,35.31614685058594,17.020034790039062,0,0,0,0,0,0
506,9.274267196655273,31.667221069335938,-24.367263793945312,1,0,0,0,0,0
507,0.0,0.0,0.0,0,0,1,0,0,0
507,-37.549888610839844,35.37982177734375,-90.24311828613281,1,0,0,0,0,0
507,-377.2541809082031,200.2147674560547,-101.52272033691406,0,1,0,0,0,0
507,-61.30847930908203,4.952720642089844,-114.67474365234375,0,0,0,0,0,0
507,78.81238555908203,-44.27338409423828,58.47338104248047,0,0,1,0,0,0
508,0.0,0.0,0.0,0,0,0,1,0,0
508,-4.768097400665283,-43.345726013183594,-33.39717483520508,0,1,0,0,0,0
508,-22.099634170532227,14.505210876464844,10.193489074707031,0,0,0,0,0,0
508,-1.2597938776016235,-56.854515075683594,-34.17518997192383,0,0,1,0,0,0
508,20.333221435546875,-51.44239044189453,-18.397891998291016,0,0,1,0,0,0
509,0.0,0.0,0.0,0,0,0,1,0,0
509,25.168441772460938,52.28007507324219,-26.834640502929688,0,1,0,0,0,0
509,30.374183654785156,45.19093322753906,-58.398109436035156,0,0,0,1,0,0
509,86.06249237060547,-82.25639343261719,-61.9902229309082,1,0,0,0,0,0
509,83.32452392578125,-29.01868438720703,-86.78955841064453,0,1,0,0,0,0
510,0.0,0.0,0.0,0,0,0,1,0,0
510,-53.64719772338867,-180.1527862548828,129.5408477783203,1,0,0,0,0,0
510,-50.89939498901367,-140.75350952148438,136.9823760986328,0,0,0,0,0,0
510,1.417104721069336,-1.349104404449463,-3.6576693058013916,0,1,0,0,0,0
510,-42.885746002197266,-55.582122802734375,-3.069826602935791,0,1,0,0,0,0
511,0.0,0.0,0.0,0,0,0,1,0,0
511,195.4536590576172,168.34259033203125,-229.60885620117188,0,0,1,0,0,0
511,500.1886901855469,599.2017211914062,-639.7387084960938,1,0,0,0,0,0
511,72.50932312011719,46.890663146972656,-105.14105987548828,0,0,1,0,0,0
511,19.296722412109375,84.08139038085938,-60.344024658203125,1,0,0,0,0,0
512,0.0,0.0,0.0,0,0,1,0,0,0
512,1.9778554439544678,46.0206298828125,-6.479926586151123,0,0,0,1,0,0
512,4.2928314208984375,15.323616027832031,0.8798789978027344,0,1,0,0,0,0
512,7.395135879516602,-30.882041931152344,58.531959533691406,0,0,0,1,0,0
512,-33.91692352294922,-53.73969268798828,58.76014709472656,0,1,0,0,0,0
513,0.0,0.0,0.0,0,0,1,0,0,0
513,102.59722137451172,-63.851165771484375,-4.2752156257629395,0,1,0,0,0,0
513,48.83898162841797,-14.139541625976562,21.449329376220703,1,0,0,0,0,0
513,865.46923828125,-745.4456176757812,-64.2500991821289,0,0,0,0,0,0
513,871.5010375976562,-682.4528198242188,-112.21602630615234,0,1,0,0,0,0
514,0.0,0.0,0.0,0,0,1,0,0,0
514,63.184818267822266,-54.70155334472656,25.313674926757812,0,0,1,0,0,0
514,63.29177474975586,-71.62088775634766,27.084274291992188,0,0,1,0,0,0
514,-40.983375549316406,-40.19597625732422,-26.914794921875,0,0,0,1,0,0
514,66.88837432861328,-98.02992248535156,49.094276428222656,1,0,0,0,0,0
515,0.0,0.0,0.0,0,0,0,1,0,0
515,-3.912075996398926,73.80976867675781,-55.73166275024414,0,0,0,0,0,0
515,-17.987171173095703,-133.50289916992188,84.4634017944336,0,0,1,0,0,0
515,-41.31205749511719,-22.857650756835938,0.22818756103515625,0,1,0,0,0,0
515,20.529937744140625,65.628173828125,-36.42253875732422,1,0,0,0,0,0
516,0.0,0.0,0.0,1,0,0,0,0,0
516,58.77610397338867,180.68699645996094,-134.53028869628906,1,0,0,0,0,0
516,53.64719772338867,180.1527862548828,-129.5408477783203,0,0,0,1,0,0
516,10.761451721191406,124.57066345214844,-132.6106719970703,0,1,0,0,0,0
516,59.114585876464844,175.6781768798828,-135.60870361328125,0,0,0,0,0,0
517,0.0,0.0,0.0,1,0,0,0,0,0
517,144.59378051757812,-54.698463439941406,-117.2896499633789,0,1,0,0,0,0
517,-190.65853881835938,138.10345458984375,204.61801147460938,0,0,0,1,0,0
517,135.09829711914062,-62.11846923828125,-133.82608032226562,0,0,0,0,0,0
517,-162.2840576171875,-19.05237579345703,90.50213623046875,0,0,0,0,0,0
518,0.0,0.0,0.0,0,0,0,0,0,0
518,-90.33927917480469,-210.89093017578125,-244.28268432617188,1,0,0,0,0,0
518,-334.4680480957031,-786.3235473632812,-917.7086181640625,1,0,0,0,0,0
518,-262.5106506347656,-207.68365478515625,-462.1630859375,0,0,0,0,0,0
518,-243.98712158203125,-77.95523834228516,-325.4847412109375,0,0,1,0,0,0
519,0.0,0.0,0.0,1,0,0,0,0,0
519,-27.265892028808594,51.31944274902344,-39.96788787841797,0,0,0,0,0,0
519,-36.87940979003906,45.13987731933594,-62.25103759765625,1,0,0,0,0,0
519,-26.703041076660156,55.755306243896484,-41.454505920410156,0,1,0,0,0,0
519,-44.561161041259766,53.032127380371094,-57.382171630859375,0,0,0,1,0,0
520,0.0,0.0,0.0,0,0,1,0,0,0
520,-7.092737197875977,13.883193969726562,-19.868759155273438,0,0,0,0,0,0
520,-151.85202026367188,164.91943359375,-50.04785919189453,0,1,0,0,0,0
520,-78.81238555908203,44.27338409423828,-58.47338104248047,0,0,1,0,0,0
520,-161.72775268554688,188.67880249023438,-279.2087707519531,0,1,0,0,0,0
521,0.0,0.0,0.0,1,0,0,0,0,0
521,-36.82890319824219,-56.924930572509766,20.500354766845703,0,1,0,0,0,0
521,-36.451133728027344,-255.59033203125,242.5179443359375,0,0,1,0,0,0
521,-38.52859115600586,-107.02047729492188,134.9556121826172,0,0,1,0,0,0
521,0.43367815017700195,-42.8151741027832,48.53998947143555,0,0,0,0,0,0
522,0.0,0.0,0.0,0,0,0,1,0,0
522,225.0612335205078,221.42312622070312,-112.74224853515625,0,1,0,0,0,0
522,-76.23468780517578,-252.8948516845703,154.74368286132812,0,0,0,0,0,0
522,-116.63027954101562,-273.52911376953125,164.2445068359375,0,0,0,1,0,0
522,-112.37773132324219,-237.14190673828125,123.9816665649414,1,0,0,0,0,0
523,0.0,0.0,0.0,0,1,0,0,0,0
523,13.122554779052734,-5.086617469787598,1.969085693359375,0,1,0,0,0,0
523,37.345523834228516,-11.217242240905762,39.45527648925781,0,0,0,0,0,0
523,48.94747543334961,3.7701520919799805,10.71906852722168,0,1,0,0,0,0
523,13.98959732055664,-13.937359809875488,-9.9898681640625,0,0,1,0,0,0
524,0.0,0.0,0.0,0,1,0,0,0,0
524,-124.26889038085938,52.03520965576172,-145.08209228515625,0,0,0,0,0,0
524,-100.51029968261719,82.46231079101562,-120.65045928955078,1,0,0,0,0,0
524,-103.83482360839844,-2.773487091064453,-116.31049346923828,0,0,0,0,0,0
524,-145.8757781982422,191.48789978027344,-251.14273071289062,0,1,0,0,0,0
525,0.0,0.0,0.0,0,0,1,0,0,0
525,3.1111831665039062,-0.6654491424560547,0.8350830078125,0,0,0,0,0,0
525,-57.70793533325195,23.022151947021484,-45.640533447265625,0,0,0,0,0,0
525,-202.26202392578125,216.8148651123047,-218.91207885742188,0,0,1,0,0,0
525,-405.91998291015625,459.6474304199219,-517.258056640625,0,1,0,0,0,0
526,0.0,0.0,0.0,0,0,0,0,0,0
526,-502.74945068359375,-457.9842529296875,38.28205871582031,0,1,0,0,0,0
526,-95.79095458984375,-67.97615051269531,-7.804892063140869,0,1,0,0,0,0
526,17.095748901367188,17.412357330322266,14.76717758178711,1,0,0,0,0,0
526,9.671478271484375,29.916961669921875,-9.85750961303711,0,0,0,1,0,0
527,0.0,0.0,0.0,0,0,0,0,0,0
527,3.912075996398926,-73.80976867675781,55.73166275024414,0,0,0,1,0,0
527,-14.075096130371094,-207.3126678466797,140.195068359375,0,0,1,0,0,0
527,61.3214225769043,-53.321475982666016,81.56016540527344,1,0,0,0,0,0
527,-37.39998245239258,-96.66741943359375,55.9598503112793,0,1,0,0,0,0
528,0.0,0.0,0.0,0,0,0,1,0,0
528,23.580848693847656,3.195643186569214,-7.731166362762451,0,0,0,1,0,0
528,29.01164436340332,0.5704911947250366,-20.876296997070312,0,0,1,0,0,0
528,-18.440763473510742,-34.98701858520508,-5.111412525177002,0,0,0,0,0,0
528,4.292595863342285,22.639850616455078,-14.559619903564453,1,0,0,0,0,0
529,0.0,0.0,0.0,0,0,1,0,0,0
529,-102.13542938232422,56.15934753417969,-64.6009292602539,0,0,0,1,0,0
529,-61.15205383300781,96.3553237915039,-37.686134338378906,0,0,1,0,0,0
529,5.504463195800781,3.348987579345703,-2.9591293334960938,0,0,1,0,0,0
529,-3.7622146606445312,-6.3911638259887695,-3.636209487915039,1,0,0,0,0,0
530,0.0,0.0,0.0,1,0,0,0,0,0
530,-0.7466214895248413,3.645596742630005,-3.281639814376831,0,1,0,0,0,0
530,19.20296859741211,5.857904434204102,-13.412878036499023,0,0,1,0,0,0
530,-9.808675765991211,5.287413120269775,7.463419437408447,0,0,0,1,0,0
530,-1.8730705976486206,-0.12285518646240234,-5.307431697845459,0,0,1,0,0,0
531,0.0,0.0,0.0,1,0,0,0,0,0
531,-12.963321685791016,-72.69109344482422,56.707584381103516,0,0,0,1,0,0
531,112.37773132324219,237.14190673828125,-123.9816665649414,0,0,0,1,0,0
531,-19.296722412109375,-84.08139038085938,60.344024658203125,0,0,0,1,0,0
531,480.8919677734375,515.120361328125,-579.3946533203125,1,0,0,0,0,0
532,0.0,0.0,0.0,1,0,0,0,0,0
532,6011.99072265625,-5709.435546875,-6747.02197265625,0,0,0,1,0,0
532,203.21066284179688,-193.465576171875,-155.274658203125,0,1,0,0,0,0
532,666.3404541015625,-719.19921875,-712.18359375,0,0,0,1,0,0
532,-30.085006713867188,-9.756622314453125,-49.99359130859375,0,0,0,0,0,0
533,0.0,0.0,0.0,0,1,0,0,0,0
533,0.8670425415039062,-8.85074234008789,-11.958953857421875,0,0,1,0,0,0
533,24.22296905517578,-6.130624771118164,37.48619079589844,0,0,0,0,0,0
533,64.4436264038086,-84.45126342773438,11.12995719909668,0,0,0,1,0,0
533,76.33101654052734,-103.10897827148438,76.04190063476562,1,0,0,0,0,0
534,0.0,0.0,0.0,0,0,1,0,0,0
534,2.0774574279785156,-148.56985473632812,107.56233215332031,0,0,1,0,0,0
534,-2.8749961853027344,4.6815338134765625,-5.6613006591796875,0,0,0,0,0,0
534,38.9622688293457,64.20530700683594,-86.4156265258789,0,0,0,0,0,0
534,-75.24250793457031,-138.22845458984375,233.02041625976562,0,1,0,0,0,0
535,0.0,0.0,0.0,0,0,0,0,0,0
535,-217.0355682373047,181.65480041503906,-313.16925048828125,1,0,0,0,0,0
535,-189.41598510742188,133.93084716796875,-259.19964599609375,0,0,0,1,0,0
535,183.27294921875,32.9974365234375,225.6888427734375,0,1,0,0,0,0
535,96.25360107421875,-112.9903564453125,-15.06195068359375,0,1,0,0,0,0
536,0.0,0.0,0.0,0,0,1,0,0,0
536,57.91525650024414,45.37683868408203,-72.04646301269531,0,0,0,1,0,0
536,164.03456115722656,132.92237854003906,-137.85922241210938,0,0,0,0,0,0
536,524.2550659179688,276.85589599609375,-593.345947265625,0,0,0,1,0,0
536,-4.470576286315918,-5.809927940368652,14.425748825073242,0,0,1,0,0,0
537,0.0,0.0,0.0,0,0,0,0,0,0
537,339.78564453125,-416.9710693359375,-247.57022094726562,0,0,1,0,0,0
537,-169.38278198242188,83.21469116210938,182.59677124023438,0,0,1,0,0,0
537,-46.3896484375,-99.263427734375,-29.871795654296875,0,0,1,0,0,0
537,-250.14761352539062,149.53292846679688,207.6373291015625,0,1,0,0,0,0
538,0.0,0.0,0.0,0,0,0,1,0,0
538,-3.776437997817993,-0.8300275802612305,0.23197686672210693,0,0,0,0,0,0
538,-1.9778554439544678,-46.0206298828125,6.479926586151123,0,0,1,0,0,0
538,2.3686773777008057,-3.2700071334838867,-1.044837474822998,0,0,1,0,0,0
538,5.628841400146484,-4.283324241638184,-14.137280464172363,1,0,0,0,0,0
539,0.0,0.0,0.0,0,0,0,1,0,0
539,55.945098876953125,58.44192886352539,-56.521240234375,1,0,0,0,0,0
539,15.872482299804688,21.06018829345703,-44.589454650878906,0,1,0,0,0,0
539,61.30126190185547,73.45899200439453,-71.00509643554688,0,0,1,0,0,0
539,37.315467834472656,-21.96135711669922,30.289642333984375,0,0,0,0,0,0
540,0.0,0.0,0.0,0,0,0,0,0,0
540,-154.635009765625,174.79559326171875,-259.34002685546875,0,1,0,0,0,0
540,7.092737197875977,-13.883193969726562,19.868759155273438,0,0,1,0,0,0
540,-109.26953125,65.77001190185547,-128.84774780273438,1,0,0,0,0,0
540,-20.73532485961914,115.17926788330078,-125.97957611083984,0,1,0,0,0,0
541,0.0,0.0,0.0,1,0,0,0,0,0
541,9.653636932373047,-4.3292694091796875,5.066093444824219,0,0,0,0,0,0
541,48.154903411865234,209.0419158935547,178.26596069335938,0,1,0,0,0,0
541,-49.791412353515625,153.01710510253906,318.6573181152344,0,0,0,0,0,0
541,-43.870689392089844,35.49433898925781,80.1663589477539,1,0,0,0,0,0
542,0.0,0.0,0.0,0,1,0,0,0,0
542,-6.287625312805176,2.3638036251068115,11.564889907836914,0,0,1,0,0,0
542,-1.5001220703125,-3.57680606842041,7.544017791748047,0,0,0,1,0,0
542,-15.60185718536377,0.8861863613128662,7.897449493408203,1,0,0,0,0,0
542,102.73277282714844,-117.18655395507812,-300.544677734375,0,0,0,1,0,0
543,0.0,0.0,0.0,0,1,0,0,0,0
543,255.7928924560547,-176.17926025390625,-246.35903930664062,0,1,0,0,0,0
543,-36.768089294433594,47.982574462890625,-15.859527587890625,0,1,0,0,0,0
543,-150.1265411376953,168.86016845703125,107.08914947509766,1,0,0,0,0,0
543,-81.39491271972656,57.69252014160156,27.501998901367188,1,0,0,0,0,0
544,0.0,0.0,0.0,0,0,0,1,0,0
544,4536.66748046875,4471.05126953125,4203.4052734375,0,0,1,0,0,0
544,-181.37962341308594,-205.33975219726562,-230.685546875,0,0,1,0,0,0
544,2354.2060546875,2143.91943359375,2057.689208984375,0,0,0,0,0,0
544,2397.639404296875,2236.71142578125,2220.899169921875,0,1,0,0,0,0
545,0.0,0.0,0.0,1,0,0,0,0,0
545,11.580211639404297,-2.400928497314453,-31.45075225830078,0,0,0,0,0,0
545,-62.899810791015625,32.41666030883789,-97.12157440185547,0,0,0,0,0,0
545,41.07847213745117,-5.51734733581543,41.513641357421875,0,1,0,0,0,0
545,33.88990020751953,-1.49566650390625,19.906639099121094,0,0,1,0,0,0
546,0.0,0.0,0.0,0,0,1,0,0,0
546,122.9443359375,121.4519271850586,-124.46780395507812,0,0,1,0,0,0
546,174.85023498535156,46.457763671875,-126.37185668945312,0,0,1,0,0,0
546,-49.37688064575195,-36.73660659790039,88.73085021972656,0,0,0,0,0,0
546,180.9651336669922,-56.76008224487305,-368.4145202636719,0,1,0,0,0,0
547,0.0,0.0,0.0,0,0,1,0,0,0
547,-23.324886322021484,110.64524841308594,-84.23521423339844,0,1,0,0,0,0
547,1.9037585258483887,153.8209686279297,-90.08228302001953,0,0,0,0,0,0
547,-60.8975944519043,46.64556884765625,78.70216369628906,0,0,1,0,0,0
547,17.987171173095703,133.50289916992188,-84.4634017944336,0,0,0,1,0,0
548,0.0,0.0,0.0,0,0,0,1,0,0
548,19.5328369140625,0.8321990966796875,-47.387786865234375,1,0,0,0,0,0
548,-4.5576934814453125,-21.403793334960938,-42.73237609863281,1,0,0,0,0,0
548,85.50733184814453,-92.20034790039062,-110.26072692871094,0,1,0,0,0,0
548,-201.9364013671875,51.82264709472656,190.10507202148438,0,0,0,1,0,0
549,0.0,0.0,0.0,0,0,1,0,0,0
549,3.0929036140441895,-0.38716214895248413,-2.3413496017456055,0,1,0,0,0,0
549,3.791229486465454,2.5379626750946045,2.506566047668457,0,1,0,0,0,0
549,-0.03558540344238281,2.8578176498413086,4.909343242645264,0,1,0,0,0,0
549,-10.050250053405762,-6.1329569816589355,2.8568692207336426,0,0,0,0,0,0
550,0.0,0.0,0.0,1,0,0,0,0,0
550,37.53414535522461,-16.16790008544922,-15.710861206054688,0,0,1,0,0,0
550,231.5936737060547,23.517578125,-129.32797241210938,0,0,1,0,0,0
550,-5.9791035652160645,-41.580142974853516,5.743683338165283,1,0,0,0,0,0
550,19.288253784179688,-19.44420623779297,6.828453540802002,0,0,0,1,0,0
551,0.0,0.0,0.0,0,0,0,0,0,0
551,-117.94859313964844,-84.25885009765625,-130.8424530029297,1,0,0,0,0,0
551,-171.38333129882812,-171.90963745117188,-147.89639282226562,1,0,0,0,0,0
551,-176.9432830810547,-178.26039123535156,-158.28262329101562,1,0,0,0,0,0
551,-166.0177001953125,-178.03060913085938,-172.753173828125,0,0,0,0,0,0
552,0.0,0.0,0.0,0,0,0,0,0,0
552,-21.605350494384766,76.90472412109375,-58.22315979003906,1,0,0,0,0,0
552,-93.81442260742188,178.30003356933594,-269.0248107910156,0,1,0,0,0,0
552,-1187.942138671875,2021.19580078125,-2172.337646484375,0,0,1,0,0,0
552,-150.69627380371094,149.26344299316406,-147.70904541015625,0,0,0,0,0,0
553,0.0,0.0,0.0,0,1,0,0,0,0
553,1.5711669921875,6.391756057739258,-7.287363052368164,0,0,1,0,0,0
553,17.038238525390625,-1.7234621047973633,-31.820470809936523,0,0,1,0,0,0
553,8.504085540771484,11.979002952575684,-1.3237018585205078,0,0,0,1,0,0
553,1.7919692993164062,-43.37298583984375,-39.8140869140625,0,0,0,0,0,0
554,0.0,0.0,0.0,1,0,0,0,0,0
554,346.5495300292969,317.8656005859375,87.95357513427734,0,0,0,1,0,0
554,402.9290466308594,249.1941680908203,107.96033477783203,0,0,1,0,0,0
554,-145.54183959960938,-155.95770263671875,-27.9078369140625,1,0,0,0,0,0
554,4.742523193359375,20.285690307617188,82.31473541259766,0,0,1,0,0,0
555,0.0,0.0,0.0,0,0,1,0,0,0
555,65.060546875,-15.4168701171875,-111.5401611328125,0,0,0,0,0,0
555,-491.23419189453125,-468.66668701171875,453.1280517578125,0,1,0,0,0,0
555,-801.8032836914062,-808.4561157226562,799.53271484375,0,1,0,0,0,0
555,-631.8876342773438,-479.5330810546875,395.4927978515625,1,0,0,0,0,0
556,0.0,0.0,0.0,1,0,0,0,0,0
556,150.1265411376953,-168.86016845703125,-107.08914947509766,0,1,0,0,0,0
556,405.91943359375,-345.0394287109375,-353.44818115234375,0,1,0,0,0,0
556,897.1860961914062,-688.65869140625,-102.30339813232422,0,1,0,0,0,0
556,891.154296875,-751.6514892578125,-54.33747100830078,0,0,0,0,0,0
557,0.0,0.0,0.0,0,0,0,0,0,0
557,19.877426147460938,-11.926429748535156,-90.86015319824219,0,0,1,0,0,0
557,-26.5743408203125,-70.08062744140625,-90.13023376464844,0,1,0,0,0,0
557,235.09031677246094,74.75996398925781,222.625,0,0,0,1,0,0
557,1.3538818359375,-141.65484619140625,-227.5384979248047,0,0,0,0,0,0
558,0.0,0.0,0.0,0,1,0,0,0,0
558,57.98387145996094,34.45857238769531,26.980844497680664,1,0,0,0,0,0
558,121.45659637451172,101.4757080078125,-28.308349609375,0,1,0,0,0,0
558,526.5894165039062,403.4789123535156,400.7472229003906,1,0,0,0,0,0
558,275.9749755859375,156.58407592773438,70.75747680664062,0,0,0,0,0,0
559,0.0,0.0,0.0,0,0,0,1,0,0
559,127.56350708007812,-84.03772735595703,37.10981750488281,0,0,1,0,0,0
559,-164.98907470703125,200.4157257080078,-89.66853332519531,0,1,0,0,0,0
559,-172.42767333984375,216.31800842285156,-43.018768310546875,0,1,0,0,0,0
559,-300.0555114746094,161.52906799316406,-119.91117858886719,0,1,0,0,0,0
560,0.0,0.0,0.0,0,0,1,0,0,0
560,63.406829833984375,6.541635036468506,-64.72392272949219,1,0,0,0,0,0
560,60.33489990234375,17.432193756103516,-48.10471725463867,1,0,0,0,0,0
560,45.01551055908203,-15.242118835449219,-34.23851776123047,0,0,1,0,0,0
560,81.33600616455078,-0.013214111328125,-63.967864990234375,0,0,0,0,0,0
561,0.0,0.0,0.0,0,0,0,1,0,0
561,229.17750549316406,45.403446197509766,-132.15008544921875,0,0,1,0,0,0
561,14.0615873336792,2.9673876762390137,-7.863825798034668,0,0,0,1,0,0
561,-25.149526596069336,-35.74100112915039,6.626089096069336,0,0,0,0,0,0
561,-8.395272254943848,-19.694272994995117,2.921565294265747,1,0,0,0,0,0
562,0.0,0.0,0.0,1,0,0,0,0,0
562,34.98893737792969,44.2298583984375,-21.119674682617188,0,0,1,0,0,0
562,-164.98703002929688,27.572540283203125,151.9555206298828,1,0,0,0,0,0
562,-1950.701171875,780.4544677734375,1708.04736328125,0,1,0,0,0,0
562,198.4481201171875,-126.05616760253906,-184.72994995117188,1,0,0,0,0,0
563,0.0,0.0,0.0,0,0,0,1,0,0
563,6159.3251953125,-5793.78076171875,-6855.5888671875,0,0,0,1,0,0
563,350.54547119140625,-277.81109619140625,-263.8416442871094,0,1,0,0,0,0
563,117.24981689453125,-94.10215759277344,-158.56057739257812,0,0,0,0,0,0
563,147.33482360839844,-84.34553527832031,-108.56698608398438,1,0,0,0,0,0
564,0.0,0.0,0.0,0,1,0,0,0,0
564,6.385223388671875,-4.726884841918945,4.73951530456543,0,1,0,0,0,0
564,-7.188571929931641,4.02168083190918,-21.60700035095215,0,0,1,0,0,0
564,-41.07847213745117,5.51734733581543,-41.513641357421875,1,0,0,0,0,0
564,-242.8595428466797,-298.0661315917969,-160.1082305908203,0,0,0,0,0,0
565,0.0,0.0,0.0,0,0,0,0,0,0
565,-95.88035583496094,30.4095401763916,96.90657043457031,0,0,1,0,0,0
565,-2169.808349609375,922.6761474609375,1890.9515380859375,0,1,0,0,0,0
565,-332.78173828125,53.449867248535156,233.06222534179688,0,0,0,0,0,0
565,-384.0942077636719,169.79420471191406,334.85980224609375,1,0,0,0,0,0
566,0.0,0.0,0.0,0,1,0,0,0,0
566,-21.500957489013672,-28.313095092773438,-26.707216262817383,0,0,1,0,0,0
566,391.8490295410156,359.0333251953125,148.68678283691406,0,1,0,0,0,0
566,511.4599609375,402.30596923828125,366.12554931640625,1,0,0,0,0,0
566,500.73822021484375,368.901123046875,841.882568359375,1,0,0,0,0,0
567,0.0,0.0,0.0,0,0,1,0,0,0
567,4.787503242492676,-5.940609455108643,-4.020872116088867,0,0,0,1,0,0
567,6.287625312805176,-2.3638036251068115,-11.564889907836914,0,1,0,0,0,0
567,-9.314231872558594,-1.4776172637939453,-3.667440414428711,1,0,0,0,0,0
567,-4.95864200592041,-0.6626098155975342,2.426464557647705,1,0,0,0,0,0
568,0.0,0.0,0.0,1,0,0,0,0,0
568,-50.36116027832031,-22.609413146972656,-89.42800903320312,0,0,0,0,0,0
568,-9.680908203125,38.9287109375,-41.06158447265625,0,1,0,0,0,0
568,-104.07032012939453,-42.28843688964844,-117.73574829101562,1,0,0,0,0,0
568,-42.91410827636719,1.4417800903320312,-69.49412536621094,0,0,1,0,0,0
569,0.0,0.0,0.0,0,0,0,1,0,0
569,12.963321685791016,72.69109344482422,-56.707584381103516,1,0,0,0,0,0
569,493.85528564453125,587.8114013671875,-636.1022338867188,1,0,0,0,0,0
569,146.35858154296875,121.90290069580078,-157.55682373046875,1,0,0,0,0,0
569,634.5087280273438,598.6777954101562,-578.4669799804688,0,1,0,0,0,0
570,0.0,0.0,0.0,0,0,1,0,0,0
570,-3.406057357788086,-11.14600944519043,-19.468149185180664,0,1,0,0,0,0
570,-5.849445343017578,-10.107749938964844,-24.490516662597656,0,1,0,0,0,0
570,28.82083511352539,23.120176315307617,12.999504089355469,1,0,0,0,0,0
570,8.315731048583984,-4.088706970214844,-13.704769134521484,0,0,1,0,0,0
571,0.0,0.0,0.0,0,1,0,0,0,0
571,15.725875854492188,-12.568782806396484,17.223388671875,0,1,0,0,0,0
571,3.6649017333984375,-23.047985076904297,-59.8671760559082,0,1,0,0,0,0
571,19.39520263671875,213.52548217773438,292.21405029296875,0,0,0,0,0,0
571,518.5328369140625,377.9267883300781,785.0174560546875,1,0,0,0,0,0
572,0.0,0.0,0.0,0,0,0,1,0,0
572,-4.787503242492676,5.940609455108643,4.020872116088867,0,0,1,0,0,0
572,1.5001220703125,3.57680606842041,-7.544017791748047,0,1,0,0,0,0
572,11.130119323730469,-14.021196365356445,3.3803653717041016,0,1,0,0,0,0
572,22.77823257446289,0.8732142448425293,1.2426137924194336,0,1,0,0,1,0
573,0.0,0.0,0.0,0,1,0,0,0,0
573,-22.77823257446289,-0.8732142448425293,-1.2426137924194336,0,0,0,1,1,0
573,-11.648113250732422,-14.894410133361816,2.137751579284668,0,1,0,0,0,0
573,-27.56573486328125,5.067395210266113,2.7782583236694336,0,0,1,0,0,0
573,-17.233810424804688,-14.158137321472168,16.132617950439453,0,0,0,1,0,0
574,0.0,0.0,0.0,0,0,1,0,0,0
574,-34.98893737792969,-44.2298583984375,21.119674682617188,1,0,0,0,0,0
574,-450.52740478515625,745.6795043945312,471.673828125,0,0,0,0,0,0
574,-287.34423828125,293.25384521484375,195.4541015625,1,0,0,0,0,0
574,-199.97596740722656,-16.657318115234375,173.0751953125,1,0,0,0,0,0
575,0.0,0.0,0.0,1,0,0,0,0,0
575,49.5367546081543,31.355384826660156,117.8993148803711,0,1,0,0,0,0
575,33.81087875366211,43.92416763305664,100.6759262084961,0,1,0,0,0,0
575,-13.238945007324219,42.36076354980469,66.69470977783203,0,0,0,1,0,0
575,53.20608139038086,257.44964599609375,392.8899841308594,0,0,0,0,0,0
576,0.0,0.0,0.0,0,0,0,1,0,0
576,2.1995468139648438,-15.225074768066406,-8.09814453125,0,0,0,1,0,0
576,-12.027786254882812,-52.37767028808594,-51.331153869628906,0,0,0,0,0,0
576,14.522605895996094,67.93341064453125,64.42092895507812,0,1,0,0,0,0
576,262.3664855957031,231.7952880859375,287.29864501953125,0,0,0,0,0,0
577,0.0,0.0,0.0,0,0,0,1,0,0
577,-705.7215576171875,-759.3156127929688,-359.8015441894531,0,0,0,0,0,0
577,-226.69073486328125,-267.55511474609375,-178.1856689453125,0,0,0,0,0,0
577,-159.5748291015625,-199.9689178466797,-101.18359375,0,0,1,0,0,0
577,-161.30416870117188,-125.56594848632812,-129.95376586914062,0,0,0,1,0,0
578,0.0,0.0,0.0,0,0,0,1,0,0
578,215.86181640625,122.46826171875,-48.13844680786133,0,1,0,0,0,0
578,-191.0966796875,-267.53985595703125,-2.051494598388672,0,1,0,0,0,0
578,318.887939453125,240.1329345703125,-48.878562927246094,0,0,0,1,0,0
578,241.50816345214844,169.73086547851562,8.251846313476562,0,0,0,0,0,0
579,0.0,0.0,0.0,0,1,0,0,0,0
579,-43.433349609375,-92.7919921875,-163.2099609375,0,0,0,0,0,0
579,-1387.676513671875,-1149.262451171875,-1208.10986328125,0,0,1,0,0,0
579,2139.02783203125,2234.340087890625,1982.505859375,0,0,1,0,0,0
579,-2321.745849609375,-2228.130126953125,-2159.42919921875,1,0,0,0,0,0
580,0.0,0.0,0.0,1,0,0,0,0,0
580,870.373779296875,-654.3735961914062,-101.95207977294922,0,1,0,0,0,0
580,864.3419189453125,-717.3663940429688,-53.98615264892578,0,0,0,0,0,0
580,123.31419372558594,-134.57504272460938,-106.73783111572266,0,1,0,0,0,0
580,46.89466857910156,-8.653945922851562,-27.132678985595703,0,0,0,0,0,0
581,0.0,0.0,0.0,0,0,0,1,0,0
581,-83.50829315185547,72.82878112792969,-20.527450561523438,0,1,0,0,0,0
581,254.2706298828125,-246.850341796875,-75.16822814941406,1,0,0,0,0,0
581,153.12396240234375,-30.845298767089844,-68.94427490234375,1,0,0,0,0,0
581,273.00494384765625,-160.54763793945312,-113.50604248046875,0,0,0,1,0,0
582,0.0,0.0,0.0,0,0,0,0,0,0
582,90.30934143066406,186.75265502929688,-120.34895324707031,0,0,1,0,0,0
582,169.18682861328125,325.19775390625,-249.8029022216797,0,0,0,1,0,0
582,-466.03314208984375,-740.031982421875,767.698974609375,0,1,0,0,0,0
582,53.2708740234375,86.60272216796875,-30.114761352539062,0,0,0,0,0,0
583,0.0,0.0,0.0,1,0,0,0,0,0
583,696.9481811523438,464.1162109375,-507.032958984375,0,0,0,0,0,0
583,140.6534423828125,10.86639404296875,57.63525390625,0,1,0,0,0,0
583,631.8876342773438,479.5330810546875,-395.4927978515625,0,0,1,0,0,0
583,-347.4967041015625,-465.90850830078125,478.54541015625,1,0,0,0,0,0
584,0.0,0.0,0.0,0,1,0,0,0,0
584,4.042405128479004,-150.5308837890625,103.42951965332031,1,0,0,0,0,0
584,14.309430122375488,148.89633178710938,-76.2984619140625,0,1,0,0,0,0
584,-42.428443908691406,-39.505340576171875,-21.955902099609375,0,1,0,0,0,0
584,23.28956413269043,254.78146362304688,-12.738555908203125,0,0,0,1,0,0
585,0.0,0.0,0.0,0,0,0,0,0,0
585,-3.1111831665039062,0.6654491424560547,-0.8350830078125,0,0,1,0,0,0
585,-205.3732147216797,217.48031616210938,-219.74716186523438,0,0,1,0,0,0
585,-409.0311584472656,460.3128662109375,-518.0931396484375,0,1,0,0,0,0
585,-60.81911849975586,23.68760108947754,-46.475616455078125,0,0,0,0,0,0
586,0.0,0.0,0.0,1,0,0,0,0,0
586,149.86135864257812,126.26100158691406,93.02793884277344,0,0,0,1,0,0
586,-15.692352294921875,-19.80078125,-12.8392333984375,0,0,0,1,0,0
586,-560.1097412109375,-653.5504150390625,-242.68701171875,0,0,0,0,0,0
586,-81.07891845703125,-161.78993225097656,-61.071136474609375,0,0,0,0,0,0
587,0.0,0.0,0.0,1,0,0,0,0,0
587,-511.4599609375,-402.30596923828125,-366.12554931640625,0,1,0,0,0,0
587,-532.9609375,-430.61907958984375,-392.832763671875,0,0,1,0,0,0
587,-250.61444091796875,-246.89483642578125,-329.98974609375,0,0,0,0,0,0
587,-119.61093139648438,-43.27264404296875,-217.43875122070312,0,1,0,0,0,0
588,0.0,0.0,0.0,0,0,0,0,0,0
588,10.579621315002441,-9.85462760925293,-15.716669082641602,0,0,0,1,0,0
588,250.7113800048828,14.89262866973877,-462.2355651855469,0,1,0,0,0,0
588,-3.664158821105957,9.758553504943848,-21.670202255249023,0,0,0,0,0,0
588,-3.994818687438965,-71.49635314941406,-80.58263397216797,0,1,0,0,0,0
589,0.0,0.0,0.0,0,1,0,0,0,0
589,-49.659088134765625,2.5610995292663574,-83.89883422851562,0,1,0,0,0,0
589,309.1606750488281,-163.8157196044922,405.33294677734375,0,1,0,0,0,0
589,-28.847396850585938,6.984870910644531,-96.57185363769531,0,0,0,0,0,0
589,97.16883850097656,-58.4460334777832,50.75291442871094,1,0,0,0,0,0
590,0.0,0.0,0.0,1,0,0,0,0,0
590,-66.88837432861328,98.02992248535156,-49.094276428222656,0,0,1,0,0,0
590,-3.703552722930908,43.328369140625,-23.78059959411621,0,0,1,0,0,0
590,-3.5965962409973145,26.40903091430664,-22.010000228881836,0,0,1,0,0,0
590,-17.868183135986328,10.92137336730957,-13.53026008605957,0,0,0,1,0,0
591,0.0,0.0,0.0,0,0,1,0,0,0
591,18.539445877075195,-9.18255615234375,-33.457481384277344,1,0,0,0,0,0
591,28.193082809448242,-13.511825561523438,-28.391387939453125,0,0,0,0,0,0
591,12.17227554321289,-48.827972412109375,-45.41142272949219,1,0,0,0,0,0
591,-31.25196647644043,143.8345489501953,285.1998291015625,0,0,0,0,0,0
592,0.0,0.0,0.0,0,0,0,0,0,0
592,0.7372245788574219,-7.298337936401367,18.402236938476562,0,0,0,0,0,0
592,-50.10395812988281,-133.93624877929688,164.20303344726562,0,1,0,0,0,0
592,-57.31126403808594,-161.30572509765625,201.65438842773438,0,0,1,0,0,0
592,-36.32049560546875,-15.228904724121094,29.729347229003906,0,0,1,0,0,0
593,0.0,0.0,0.0,0,0,0,0,0,0
593,230.94027709960938,288.0509338378906,154.0990753173828,0,0,0,1,0,0
593,81.07891845703125,161.78993225097656,61.071136474609375,1,0,0,0,0,0
593,249.24476623535156,293.3392639160156,164.84774780273438,0,1,0,0,0,0
593,-479.0308532714844,-491.760498046875,-181.61587524414062,0,0,0,0,0,0
594,0.0,0.0,0.0,0,1,0,0,0,0
594,-6.03179931640625,-62.9927978515625,47.96592712402344,0,0,0,0,0,0
594,-870.373779296875,654.3735961914062,101.95207977294922,1,0,0,0,0,0
594,-768.90380859375,618.6016845703125,107.94081115722656,0,1,0,0,0,0
594,-676.7426147460938,448.21209716796875,96.12527465820312,0,0,1,0,0,0
595,0.0,0.0,0.0,1,0,0,0,0,0
595,-8.488534927368164,-76.55455780029297,-52.56285095214844,1,0,0,0,0,0
595,49.84539794921875,70.15902709960938,98.83030700683594,0,1,0,0,0,0
595,-9.274267196655273,-31.667221069335938,24.367263793945312,1,0,0,0,0,0
595,-21.446544647216797,17.160751342773438,69.7786865234375,0,0,1,0,0,0
596,0.0,0.0,0.0,0,0,0,1,0,0
596,-437.27923583984375,373.79998779296875,464.0016784667969,1,0,0,0,0,0
596,-663.32763671875,625.9324951171875,658.4586181640625,0,0,0,0,0,0
596,5345.650390625,-4990.236328125,-6034.83837890625,0,0,0,1,0,0
596,-666.3404541015625,719.19921875,712.18359375,1,0,0,0,0,0
597,0.0,0.0,0.0,0,0,1,0,0,0
597,-23.985794067382812,-95.42034912109375,101.29473876953125,0,0,0,0,0,0
597,-61.30126190185547,-73.45899200439453,71.00509643554688,0,0,0,1,0,0
597,-96.35330963134766,-238.33033752441406,339.9764404296875,0,1,0,0,0,0
597,-5.356163024902344,-15.01706314086914,14.483856201171875,1,0,0,0,0,0
598,0.0,0.0,0.0,0,1,0,0,0,0
598,6.243778228759766,4.004860877990723,-11.16440200805664,0,0,0,0,0,0
598,-35.73683166503906,14.252326011657715,-0.48203277587890625,0,0,1,0,0,0
598,-59.022064208984375,-3.0393972396850586,53.46575164794922,0,0,1,0,0,0
598,-49.28600311279297,15.859903335571289,2.0768508911132812,0,0,0,0,0,0
599,0.0,0.0,0.0,0,1,0,0,0,0
599,-1.6248235702514648,-2.351550340652466,-1.2109177112579346,1,0,0,0,0,0
599,32.696388244628906,27.16529083251953,16.608579635620117,0,0,0,0,0,0
599,30.235532760620117,0.19849586486816406,-24.486495971679688,0,0,0,1,0,0
599,198.71409606933594,205.19589233398438,189.36175537109375,0,0,0,0,0,0
600,0.0,0.0,0.0,0,1,0,0,0,0
600,118.64311218261719,125.22383117675781,-160.35536193847656,0,0,0,0,0,0
600,32.82741928100586,-1.10638427734375,-33.50914764404297,0,0,0,1,0,0
600,1.7298979759216309,-5.428117752075195,6.263813018798828,0,1,0,0,0,0
600,-3.526459217071533,-1.3304862976074219,-8.934965133666992,0,0,0,1,0,0
601,0.0,0.0,0.0,0,1,0,0,0,0
601,-176.58670043945312,134.357666015625,-33.05583190917969,0,1,0,0,0,0
601,-26.4327392578125,-0.7374267578125,17.225624084472656,0,0,1,0,0,0
601,-169.14810180664062,118.45538330078125,-79.70559692382812,0,1,0,0,0,0
601,17.164886474609375,-22.248947143554688,68.47135162353516,0,0,0,0,0,0
602,0.0,0.0,0.0,0,0,0,0,0,0
602,-113.27872467041016,121.26851654052734,18.180788040161133,1,0,0,0,0,0
602,-5.696918487548828,-2.226656913757324,-7.2551188468933105,0,0,0,1,0,0
602,-125.9701919555664,151.02566528320312,-4.373136043548584,0,0,0,0,0,0
602,-94.97882843017578,74.89075469970703,97.84514617919922,0,0,0,1,0,0
603,0.0,0.0,0.0,0,1,0,0,0,0
603,5808.77978515625,-5515.9697265625,-6591.74755859375,0,0,0,1,0,0
603,-203.21066284179688,193.465576171875,155.274658203125,1,0,0,0,0,0
603,-350.54547119140625,277.81109619140625,263.8416442871094,0,0,0,1,0,0
603,-255.7928924560547,176.17926025390625,246.35903930664062,0,1,0,0,0,0
604,0.0,0.0,0.0,0,0,1,0,0,0
604,1387.676513671875,1149.262451171875,1208.10986328125,0,1,0,0,0,0
604,1344.2431640625,1056.470458984375,1044.89990234375,0,0,0,0,0,0
604,-962.5045776367188,-1014.5699462890625,-932.29833984375,0,0,0,0,0,0
604,3526.704345703125,3383.6025390625,3190.61572265625,0,0,1,0,0,0
605,0.0,0.0,0.0,1,0,0,0,0,0
605,417.4959716796875,-372.4142761230469,382.041015625,0,0,0,1,0,0
605,367.28759765625,-433.6180114746094,392.29071044921875,0,0,0,0,0,0
605,-101.39454650878906,79.247314453125,-66.77301025390625,0,1,0,0,0,0
605,283.72149658203125,-412.0424499511719,494.27545166015625,0,0,0,0,0,0
606,0.0,0.0,0.0,0,0,0,0,0,0
606,53.47566223144531,130.8031463623047,-123.06843566894531,1,0,0,0,0,0
606,58.02363967895508,138.41539001464844,-137.10069274902344,0,0,1,0,0,0
606,49.99631118774414,125.37240600585938,-119.38892364501953,0,0,0,0,0,0
606,50.89939498901367,140.75350952148438,-136.9823760986328,0,0,0,1,0,0
607,0.0,0.0,0.0,1,0,0,0,0,0
607,3.5967655181884766,4.55427360534668,0.4302060604095459,0,1,0,0,0,0
607,-5.1529340744018555,-3.604525566101074,2.4542741775512695,0,0,1,0,0,0
607,7.152427673339844,-0.09538817405700684,-4.253429889678955,0,0,0,1,0,0
607,-4.059205055236816,-1.6032516956329346,1.726426362991333,1,0,0,0,0,0
608,0.0,0.0,0.0,0,0,1,0,0,0
608,-288.2138366699219,139.38467407226562,237.95323181152344,1,0,0,0,0,0
608,-2073.927978515625,892.2666015625,1794.0450439453125,0,1,0,0,0,0
608,-123.226806640625,111.81212615966797,85.99771118164062,1,0,0,0,0,0
608,95.88035583496094,-30.4095401763916,-96.90657043457031,0,0,0,0,0,0
609,0.0,0.0,0.0,0,0,0,0,0,0
609,2.8749961853027344,-4.6815338134765625,5.6613006591796875,0,0,1,0,0,0
609,4.95245361328125,-153.2513885498047,113.2236328125,0,0,1,0,0,0
609,23.985794067382812,95.42034912109375,-101.29473876953125,0,0,1,0,0,0
609,-72.36751556396484,-142.9099884033203,238.6817169189453,0,1,0,0,0,0
610,0.0,0.0,0.0,0,0,0,0,0,0
610,8.865745544433594,16.512300491333008,12.687580108642578,1,0,0,0,0,0
610,17.113800048828125,-2.6935958862304688,18.431072235107422,0,1,0,0,0,0
610,185.80902099609375,194.77268981933594,170.97019958496094,0,0,0,0,0,0
610,528.7332763671875,407.7340393066406,877.79638671875,1,0,0,0,0,0
611,0.0,0.0,0.0,1,0,0,0,0,0
611,30.533082962036133,42.41291046142578,16.515323638916016,0,1,0,0,0,0
611,238.80133056640625,253.1148681640625,153.71873474121094,0,0,1,0,0,0
611,234.05880737304688,232.8291778564453,71.40400695800781,1,0,0,0,0,0
611,580.6083374023438,550.69482421875,159.35757446289062,0,0,0,1,0,0
612,0.0,0.0,0.0,0,0,0,0,0,0
612,-65.060546875,15.4168701171875,111.5401611328125,0,0,1,0,0,0
612,-556.2947387695312,-453.24981689453125,564.668212890625,0,1,0,0,0,0
612,-866.8638305664062,-793.0392456054688,911.0728759765625,0,1,0,0,0,0
612,-696.9481811523438,-464.1162109375,507.032958984375,1,0,0,0,0,0
613,0.0,0.0,0.0,1,0,0,0,0,0
613,90.06502532958984,-70.79655456542969,-67.52835083007812,0,1,0,0,0,0
613,24.090530395507812,22.235992431640625,-4.6554107666015625,1,0,0,0,0,0
613,4.5576934814453125,21.403793334960938,42.73237609863281,0,0,0,1,0,0
613,-197.3787078857422,73.2264404296875,232.8374481201172,0,0,0,1,0,0
614,0.0,0.0,0.0,0,1,0,0,0,0
614,-50.101806640625,-296.9677734375,-262.6758728027344,1,0,0,0,0,0
614,31.548763275146484,-191.4443359375,-133.78611755371094,0,0,0,0,0,0
614,-48.154903411865234,-209.0419158935547,-178.26596069335938,1,0,0,0,0,0
614,-92.02558898925781,-173.54757690429688,-98.099609375,1,0,0,0,0,0
615,0.0,0.0,0.0,0,0,0,0,0,0
615,254.3755340576172,5.134075164794922,-440.56536865234375,0,1,0,0,0,0
615,14.243780136108398,-19.61318016052246,5.953533172607422,0,0,0,1,0,0
615,32.723426818847656,-8.5385160446167,-10.708660125732422,1,0,0,0,0,0
615,177.0729522705078,-32.572227478027344,-219.4925079345703,0,0,0,1,0,0
616,0.0,0.0,0.0,0,0,0,1,0,0
616,1.1810224056243896,-0.2524137496948242,-6.551881790161133,1,0,0,0,0,0
616,3.8770205974578857,9.214498519897461,-15.22654914855957,0,0,0,1,0,0
616,5.536612510681152,0.5625936985015869,-0.4579768180847168,1,0,0,0,0,0
616,16.782878875732422,-1.1386001110076904,-14.449331283569336,0,1,0,0,0,0
617,0.0,0.0,0.0,0,1,0,0,0,0
617,-487.6920166015625,-836.4183959960938,708.6961669921875,0,1,0,0,0,0
617,31.612014770507812,-9.78369140625,-89.11756896972656,0,0,0,0,0,0
617,68.65048217773438,90.36624145507812,-179.3517608642578,0,0,1,0,0,0
617,-21.658859252929688,-96.38641357421875,-59.0028076171875,0,0,0,0,0,0
618,0.0,0.0,0.0,0,0,0,0,0,0
618,39.403175354003906,3.2612762451171875,-23.509628295898438,0,0,1,0,0,0
618,90.92253875732422,87.29083251953125,32.58013916015625,0,0,0,0,0,0
618,-28.800546646118164,-56.47174835205078,-66.71902465820312,0,0,0,1,0,0
618,34.24401092529297,46.20454406738281,24.833541870117188,0,0,0,0,0,0
619,0.0,0.0,0.0,0,0,1,0,0,0
619,-46.45176696777344,-58.154197692871094,0.72991943359375,0,1,0,0,0,0
619,-19.877426147460938,11.926429748535156,90.86015319824219,0,0,0,0,0,0
619,230.093994140625,85.27066040039062,312.78973388671875,1,0,0,0,0,0
619,-18.523544311523438,-129.72842407226562,-136.6783447265625,0,0,0,0,0,0
620,0.0,0.0,0.0,0,0,1,0,0,0
620,47.26667404174805,241.75332641601562,384.4876708984375,0,0,0,0,0,0
620,-1.3723936080932617,5.9536895751953125,2.03277587890625,0,1,0,0,0,0
620,-5.350070953369141,11.143388748168945,63.42211151123047,0,0,1,0,0,0
620,32.096736907958984,21.283672332763672,22.568496704101562,1,0,0,0,0,0
621,0.0,0.0,0.0,1,0,0,0,0,0
621,337.18780517578125,-233.8717803955078,-273.86102294921875,0,1,0,0,0,0
621,363.038330078125,-385.80548095703125,-366.76824951171875,1,0,0,0,0,0
621,-53.56484603881836,46.46075439453125,54.49103546142578,0,0,0,0,0,0
621,6145.9677734375,-5749.84130859375,-6865.6083984375,0,0,0,1,0,0
622,0.0,0.0,0.0,1,0,0,0,0,0
622,-58.77610397338867,-180.68699645996094,134.53028869628906,1,0,0,0,0,0
622,-48.014652252197266,-56.1163444519043,1.9196052551269531,0,1,0,0,0,0
622,0.33848196268081665,-5.008828163146973,-1.0784153938293457,0,0,0,0,0,0
622,-0.7637429237365723,-1.2024240493774414,-3.3774073123931885,0,1,0,0,0,0
623,0.0,0.0,0.0,0,0,1,0,0,0
623,104.07179260253906,68.42533874511719,26.917064666748047,1,0,0,0,0,0
623,-33.89309310913086,-24.55036163330078,-35.47462844848633,1,0,0,0,0,0
623,-18.10620880126953,-38.52609634399414,-28.918912887573242,0,0,0,1,0,0
623,-22.55609130859375,-14.059715270996094,-15.141664505004883,0,0,0,1,0,0
624,0.0,0.0,0.0,0,0,0,1,0,0
624,20.901247024536133,14.132485389709473,2.8852853775024414,0,1,0,0,0,0
624,299.757568359375,206.6433563232422,89.07994842529297,0,0,0,0,0,0
624,80.71835327148438,85.7505111694336,9.691444396972656,0,0,0,0,0,0
624,56.787818908691406,-23.60211181640625,-17.809436798095703,0,0,1,0,0,0
625,0.0,0.0,0.0,1,0,0,0,0,0
625,-12.69146728515625,29.757156372070312,-22.553924560546875,0,0,0,0,0,0
625,48.67407989501953,-1.18682861328125,21.266250610351562,0,0,0,1,0,0
625,113.27872467041016,-121.26851654052734,-18.180788040161133,0,0,0,0,0,0
625,43.46833801269531,5.902313232421875,52.82971954345703,0,1,0,0,0,0
626,0.0,0.0,0.0,0,0,0,1,0,0
626,-451.2261962890625,396.96112060546875,-474.3553466796875,1,0,0,0,0,0
626,218.3814697265625,-216.4808349609375,220.12680053710938,0,0,0,1,0,0
626,312.470947265625,-321.44134521484375,319.1130676269531,0,1,0,0,0,0
626,275.47174072265625,-208.70542907714844,220.08895874023438,0,0,0,0,0,0
627,0.0,0.0,0.0,1,0,0,0,0,0
627,-514.8679809570312,-400.97479248046875,-844.8846435546875,0,1,0,0,0,0
627,-518.5328369140625,-377.9267883300781,-785.0174560546875,0,1,0,0,0,0
627,-511.6194763183594,-410.4276123046875,-859.3652954101562,0,1,0,0,0,0
627,-502.8069763183594,-390.4955749511719,-767.7940673828125,0,1,0,0,0,0
628,0.0,0.0,0.0,0,0,0,0,0,0
628,-25.87073516845703,-21.087915420532227,-1.847494125366211,0,0,1,0,0,0
628,101.7011489868164,60.237152099609375,47.48670959472656,1,0,0,0,0,0
628,-22.796829223632812,-0.00165557861328125,7.990617752075195,0,1,0,0,0,0
628,48.069114685058594,93.7717514038086,41.910728454589844,1,0,0,0,0,0
629,0.0,0.0,0.0,0,0,0,1,0,0
629,2.0312180519104004,-16.211257934570312,6.039820671081543,1,0,0,0,0,0
629,22.736263275146484,407.38323974609375,-139.96412658691406,0,0,0,1,0,0
629,-0.5532999038696289,152.60179138183594,-127.22557067871094,0,1,0,0,0,0
629,13.75613021850586,301.49810791015625,-203.52403259277344,0,1,0,0,0,0
630,0.0,0.0,0.0,0,0,0,0,0,0
630,12.027786254882812,52.37767028808594,51.331153869628906,0,0,0,1,0,0
630,14.227333068847656,37.15259552001953,43.233009338378906,0,0,0,1,0,0
630,274.3942565917969,284.1729736328125,338.6297912597656,0,0,0,0,0,0
630,1236.8988037109375,1298.742919921875,1270.9281005859375,0,0,1,0,0,0
631,0.0,0.0,0.0,0,1,0,0,0,0
631,46.470848083496094,-111.02554321289062,125.38542175292969,1,0,0,0,0,0
631,42.428443908691406,39.505340576171875,21.955902099609375,0,1,0,0,0,0
631,-133.89968872070312,59.6163330078125,-133.36044311523438,0,1,0,0,0,0
631,20.73532485961914,-115.17926788330078,125.97957611083984,0,0,0,0,0,0
632,0.0,0.0,0.0,0,0,1,0,0,0
632,1.287450909614563,7.679776191711426,-4.690995216369629,0,0,0,1,0,0
632,-2.0559585094451904,0.42670345306396484,-1.4148118495941162,0,1,0,0,0,0
632,-26.376367568969727,-29.576751708984375,7.659438610076904,0,0,0,0,0,0
632,227.95066833496094,51.56769561767578,-131.1167449951172,0,0,1,0,0,0
633,0.0,0.0,0.0,0,1,0,0,0,0
633,5.849445343017578,10.107749938964844,24.490516662597656,0,0,1,0,0,0
633,34.67028045654297,33.227928161621094,37.490020751953125,1,0,0,0,0,0
633,17.23908233642578,27.105302810668945,20.623859405517578,0,1,0,0,0,0
633,-9.904725074768066,0.8903436660766602,7.305150032043457,0,0,0,0,0,0
634,0.0,0.0,0.0,0,0,1,0,0,0
634,-0.8670425415039062,8.85074234008789,11.958953857421875,0,1,0,0,0,0
634,216.70054626464844,-106.4458236694336,-45.855369567871094,1,0,0,0,0,0
634,63.57658386230469,-75.60052490234375,23.088911056518555,0,0,0,1,0,0
634,25.805862426757812,-0.2744331359863281,-20.232561111450195,0,0,1,0,0,0
635,0.0,0.0,0.0,0,1,0,0,0,0
635,-73.64605712890625,117.68919372558594,-16.662363052368164,0,0,0,0,0,0
635,141.58303833007812,-100.12318420410156,-40.203739166259766,0,0,1,0,0,0
635,34.23089599609375,16.6961669921875,24.395280838012695,0,0,0,1,0,0
635,-59.14790344238281,112.62120056152344,-32.44154739379883,1,0,0,0,0,0
636,0.0,0.0,0.0,0,0,0,1,0,0
636,-466.33978271484375,-231.47906494140625,521.2994995117188,0,0,0,1,0,0
636,-516.5875244140625,-287.8483581542969,602.422607421875,0,1,0,0,0,0
636,-503.03717041015625,-292.8504638671875,594.7160034179688,0,0,0,1,0,0
636,-360.2204895019531,-143.9335174560547,455.4867248535156,0,0,0,0,0,0
637,0.0,0.0,0.0,0,0,0,1,0,0
637,-318.887939453125,-240.1329345703125,48.878562927246094,0,0,0,1,0,0
637,-103.02613830566406,-117.6646728515625,0.7401195764541626,0,1,0,0,0,0
637,-509.984619140625,-507.67279052734375,46.82706832885742,0,1,0,0,0,0
637,8.077949523925781,16.10569953918457,14.20550537109375,1,0,0,0,0,0
638,0.0,0.0,0.0,1,0,0,0,0,0
638,-104.07179260253906,-68.42533874511719,-26.917064666748047,0,0,1,0,0,0
638,-126.62788391113281,-82.48504638671875,-42.05873107910156,0,0,0,1,0,0
638,-127.57188415527344,-81.32506561279297,-49.33420181274414,0,0,1,0,0,0
638,-124.49797821044922,-60.238807678222656,-39.496089935302734,0,1,0,0,0,0
639,0.0,0.0,0.0,0,0,0,1,0,0
639,-5.205741882324219,7.089141845703125,31.56346893310547,0,1,0,0,0,0
639,52.95033645629883,-74.2096176147461,-28.391448974609375,0,1,0,0,0,0
639,-48.67407989501953,1.18682861328125,-21.266250610351562,1,0,0,0,0,0
639,-30.374183654785156,-45.19093322753906,58.398109436035156,0,0,0,1,0,0
640,0.0,0.0,0.0,0,0,0,0,0,0
640,-13.875028610229492,-84.47811126708984,89.29357147216797,0,0,0,1,0,0
640,-6.208866596221924,-33.600799560546875,13.309488296508789,0,0,0,1,0,0
640,395.73614501953125,-502.80615234375,559.7151489257812,0,0,0,0,0,0
640,479.30224609375,-524.3817138671875,457.73040771484375,0,0,0,0,0,0
641,0.0,0.0,0.0,1,0,0,0,0,0
641,34.601192474365234,52.759376525878906,-55.847476959228516,0,1,0,0,0,0
641,14.252944946289062,-41.724395751953125,-0.380645751953125,0,1,0,0,0,0
641,-16.112457275390625,-78.35459899902344,125.10539245605469,0,1,0,0,0,0
641,34.72872543334961,48.28330993652344,-20.695411682128906,0,0,0,0,0,0
642,0.0,0.0,0.0,1,0,0,0,0,0
642,-190.89468383789062,106.17138671875,25.622806549072266,0,0,1,0,0,0
642,119.8809814453125,-129.70233154296875,-44.561767578125,0,0,0,1,0,0
642,101.14666748046875,-216.00503540039062,-6.2239532470703125,1,0,0,0,0,0
642,-153.12396240234375,30.845298767089844,68.94427490234375,0,0,0,1,0,0
643,0.0,0.0,0.0,0,0,0,0,0,0
643,12.69146728515625,-29.757156372070312,22.553924560546875,1,0,0,0,0,0
643,-193.7515869140625,156.6066131591797,-101.52718353271484,0,1,0,0,0,0
643,-17.164886474609375,22.248947143554688,-68.47135162353516,0,1,0,0,0,0
643,61.36554718017578,-30.943984985351562,43.82017517089844,0,0,0,1,0,0
644,0.0,0.0,0.0,1,0,0,0,0,0
644,-85.4577407836914,-86.50777435302734,42.924903869628906,0,0,0,0,0,0
644,-326.9659118652344,-256.2386474609375,34.673057556152344,0,0,0,1,0,0
644,-518.0625610351562,-523.7785034179688,32.62156677246094,0,1,0,0,0,0
644,18.387331008911133,8.832108497619629,-6.427588939666748,0,0,1,0,0,0
645,0.0,0.0,0.0,0,0,0,1,0,0
645,-6042.07568359375,5699.6787109375,6697.0283203125,0,0,0,0,0,0
645,-6011.99072265625,5709.435546875,6747.02197265625,1,0,0,0,0,0
645,-5808.77978515625,5515.9697265625,6591.74755859375,0,1,0,0,0,0
645,-6159.3251953125,5793.78076171875,6855.5888671875,0,0,0,1,0,0
646,0.0,0.0,0.0,0,1,0,0,0,0
646,-12.619586944580078,16.260395050048828,-9.161133766174316,0,0,1,0,0,0
646,-440.2386169433594,261.8271789550781,-166.18212890625,0,1,0,0,0,0
646,-140.18310546875,100.29812622070312,-46.27095413208008,0,0,0,1,0,0
646,1.4140892028808594,6.7571916580200195,9.355480194091797,0,0,0,1,0,0
647,0.0,0.0,0.0,0,1,0,0,0,0
647,-11.393266677856445,-42.459999084472656,-14.721148490905762,0,0,0,0,0,0
647,13.65953254699707,-19.801828384399414,-14.184718132019043,1,0,0,0,0,0
647,13.691545486450195,-35.52197265625,1.2465736865997314,1,0,0,0,0,0
647,-38.084068298339844,-41.155921936035156,19.35123634338379,1,0,0,0,0,0
648,0.0,0.0,0.0,0,0,1,0,0,0
648,-60.38378143310547,15.064542770385742,33.94084167480469,0,0,0,0,0,0
648,-33.03125,-44.99433135986328,9.35622787475586,1,0,0,0,0,0
648,-46.83460998535156,13.456965446472168,31.381959915161133,0,0,1,0,0,0
648,-1.5518856048583984,-7.740138053894043,4.191909313201904,0,0,0,1,0,0
649,0.0,0.0,0.0,1,0,0,0,0,0
649,488.150146484375,476.77490234375,-420.91015625,0,1,0,0,0,0
649,347.4967041015625,465.90850830078125,-478.54541015625,1,0,0,0,0,0
649,1044.44482421875,930.0247192382812,-985.578369140625,0,0,0,0,0,0
649,979.3843383789062,945.4415893554688,-874.0382080078125,0,0,1,0,0,0
650,0.0,0.0,0.0,0,0,0,1,0,0
650,-3.8770205974578857,-9.214498519897461,15.22654914855957,0,0,0,1,0,0
650,27.552671432495117,15.314769744873047,-39.8484001159668,0,1,0,0,0,0
650,3.526459217071533,1.3304862976074219,8.934965133666992,0,1,0,0,0,0
650,122.16957092285156,126.55431365966797,-151.42039489746094,0,0,0,0,0,0
651,0.0,0.0,0.0,0,0,0,1,0,0
651,3.761162281036377,23.68393325805664,73.93952941894531,0,0,1,0,0,0
651,-0.8902187347412109,-1.3810279369354248,-0.44977664947509766,0,1,0,0,0,0
651,-3.3670358657836914,1.4866342544555664,2.9010438919067383,0,0,0,0,0,0
651,-29.21076202392578,2.766322135925293,34.567440032958984,1,0,0,0,0,0
652,0.0,0.0,0.0,1,0,0,0,0,0
652,153.2432098388672,184.55416870117188,-85.01026916503906,0,0,0,0,0,0
652,144.01364135742188,126.71683502197266,-2.279066562652588,0,1,0,0,0,0
652,9.221601486206055,418.4564208984375,-145.99008178710938,0,0,0,1,0,0
652,0.2414684295654297,312.5712890625,-209.54998779296875,0,1,0,0,0,0
653,0.0,0.0,0.0,0,0,1,0,0,0
653,168.505126953125,138.7322998046875,-152.28497314453125,0,0,0,0,0,0
653,528.7256469726562,282.66583251953125,-607.771728515625,0,0,0,1,0,0
653,112.89188385009766,123.83702850341797,-157.42674255371094,0,0,0,0,0,0
653,-10.731684684753418,-3.6987123489379883,0.4754800796508789,0,0,0,0,0,0
654,0.0,0.0,0.0,1,0,0,0,0,0
654,3.471926689147949,-7.016151428222656,-16.777843475341797,0,0,0,1,0,0
654,2.3496432304382324,-33.960594177246094,-22.155231475830078,1,0,0,0,0,0
654,-33.45037078857422,-7.388114929199219,-25.180648803710938,0,0,1,0,0,0
654,-75.21527099609375,-340.17401123046875,-335.5267028808594,0,0,0,0,0,0
655,0.0,0.0,0.0,0,0,0,0,0,0
655,-432.6048583984375,-437.2707214355469,-10.303340911865234,0,1,0,0,0,0
655,85.4577407836914,86.50777435302734,-42.924903869628906,1,0,0,0,0,0
655,87.2403564453125,38.12590408325195,-33.81822204589844,1,0,0,0,0,0
655,-241.50816345214844,-169.73086547851562,-8.251846313476562,0,0,0,1,0,0
656,0.0,0.0,0.0,0,0,0,1,0,0
656,7.681751251220703,-7.892251014709473,-4.868867874145508,1,0,0,0,0,0
656,-18.381132125854492,10.624444007873535,-24.571151733398438,0,0,0,0,0,0
656,-10.987982749938965,5.1317949295043945,-12.778284072875977,1,0,0,0,0,0
656,8.729976654052734,5.057048797607422,-3.395719528198242,0,1,0,0,0,0
657,0.0,0.0,0.0,0,0,0,0,0,0
657,13.549171447753906,-1.6075773239135742,-2.5588836669921875,0,0,1,0,0,0
657,55.529781341552734,-11.855042457580566,-13.241252899169922,0,0,0,0,0,0
657,60.38378143310547,-15.064542770385742,-33.94084167480469,0,0,1,0,0,0
657,49.28600311279297,-15.859903335571289,-2.0768508911132812,0,1,0,0,0,0
658,0.0,0.0,0.0,0,1,0,0,0,0
658,11.95457649230957,-15.856281280517578,-36.08489990234375,1,0,0,0,0,0
658,16.597843170166016,-26.521472930908203,10.98326301574707,0,0,1,0,0,0
658,-10.271642684936523,1.9676322937011719,-12.763803482055664,0,1,0,0,0,0
658,5.191092491149902,-19.245311737060547,-6.641546726226807,0,1,0,0,0,0
659,0.0,0.0,0.0,1,0,0,0,0,0
659,123.97105407714844,60.861812591552734,-122.31185913085938,0,1,0,0,0,0
659,230.94418334960938,100.76602172851562,-232.86170959472656,0,0,1,0,0,0
659,1180.7215576171875,1070.7354736328125,-1148.1204833984375,0,0,0,0,0,0
659,1115.6610107421875,1086.15234375,-1036.580322265625,0,0,1,0,0,0
660,0.0,0.0,0.0,1,0,0,0,0,0
660,451.2261962890625,-396.96112060546875,474.3553466796875,0,0,0,1,0,0
660,669.607666015625,-613.4419555664062,694.482177734375,0,0,0,1,0,0
660,763.6971435546875,-718.4024658203125,793.4683837890625,0,1,0,0,0,0
660,675.6710205078125,-566.928955078125,668.8857421875,0,0,1,0,0,0
661,0.0,0.0,0.0,0,1,0,0,0,0
661,15.909542083740234,-1.3140029907226562,33.39320373535156,0,0,1,0,0,0
661,-86.77162170410156,-268.42266845703125,-241.34066772460938,0,0,0,0,0,0
661,-0.7553920745849609,62.09112548828125,96.76205444335938,0,0,0,1,0,0
661,-343.5533142089844,-710.673583984375,-817.08935546875,1,0,0,0,0,0
662,0.0,0.0,0.0,0,1,0,0,0,0
662,468.68212890625,-512.8653564453125,459.063720703125,0,0,0,0,0,0
662,518.8905029296875,-451.6615905761719,448.81402587890625,0,0,0,1,0,0
662,101.39454650878906,-79.247314453125,66.77301025390625,1,0,0,0,0,0
662,385.11602783203125,-491.2897644042969,561.0484619140625,0,0,0,0,0,0
663,0.0,0.0,0.0,0,1,0,0,0,0
663,-0.5628509521484375,-4.43586540222168,1.4866180419921875,0,0,0,0,0,0
663,-0.174072265625,21.151437759399414,-13.123908996582031,0,1,0,0,0,0
663,26.133018493652344,-9.16185188293457,3.282958984375,0,0,0,0,0,0
663,26.703041076660156,-55.755306243896484,41.454505920410156,1,0,0,0,0,0
664,0.0,0.0,0.0,1,0,0,0,0,0
664,4.547979354858398,7.61224365234375,-14.032258987426758,0,0,1,0,0,0
664,-3.4793496131896973,-5.4307451248168945,3.679513931274414,0,0,0,0,0,0
664,-53.47566223144531,-130.8031463623047,123.06843566894531,0,0,0,0,0,0
664,-56.22346496582031,-170.20242309570312,115.62690734863281,1,0,0,0,0,0
665,0.0,0.0,0.0,0,1,0,0,0,0
665,-10.267024993896484,-299.4272155761719,179.7279815673828,1,0,0,0,0,0
665,-14.309430122375488,-148.89633178710938,76.2984619140625,0,1,0,0,0,0
665,8.980133056640625,105.8851318359375,63.559906005859375,0,0,0,1,0,0
665,-56.73787307739258,-188.40167236328125,54.342559814453125,0,1,0,0,0,0
666,0.0,0.0,0.0,1,0,0,0,0,0
666,-2.0312180519104004,16.211257934570312,-6.039820671081543,0,0,0,1,0,0
666,20.705045700073242,423.5945129394531,-146.0039520263672,0,0,0,1,0,0
666,21.20064353942871,40.33964538574219,-33.90519714355469,0,0,0,1,0,0
666,137.8309326171875,313.8687744140625,-198.1497039794922,0,0,0,1,0,0
667,0.0,0.0,0.0,0,1,0,0,0,0
667,-289.10162353515625,119.70912170410156,-455.67193603515625,1,0,0,0,0,0
667,-211.99183654785156,105.36967468261719,-354.58001708984375,1,0,0,0,0,0
667,-309.1606750488281,163.8157196044922,-405.33294677734375,0,1,0,0,0,0
667,-358.81976318359375,166.37681579589844,-489.23175048828125,0,1,0,0,0,0
668,0.0,0.0,0.0,0,1,0,0,0,0
668,19.067813873291016,3.053466796875,1.9207839965820312,0,0,0,0,0,0
668,-186.99658203125,266.6218566894531,-273.4637145996094,0,1,0,0,0,0
668,-1140.4459228515625,1115.63818359375,-967.1867065429688,0,0,1,0,0,0
668,-97.93637084960938,57.77269744873047,-47.87797546386719,0,0,1,0,0,0
669,0.0,0.0,0.0,0,1,0,0,0,0
669,49.659088134765625,-2.5610995292663574,83.89883422851562,0,1,0,0,0,0
669,358.81976318359375,-166.37681579589844,489.23175048828125,0,1,0,0,0,0
669,20.811691284179688,4.423771381378174,-12.673019409179688,0,0,0,0,0,0
669,57.443328857421875,53.19529342651367,49.10223388671875,1,0,0,0,0,0
670,0.0,0.0,0.0,0,0,0,1,0,0
670,-149.86135864257812,-126.26100158691406,-93.02793884277344,1,0,0,0,0,0
670,-230.94027709960938,-288.0509338378906,-154.0990753173828,0,0,0,0,0,0
670,-165.5537109375,-146.06178283691406,-105.86717224121094,0,0,0,1,0,0
670,-709.9711303710938,-779.8114013671875,-335.7149658203125,0,0,0,0,0,0
671,0.0,0.0,0.0,0,0,0,0,0,0
671,91.31632995605469,-0.5240287780761719,-71.471435546875,0,0,0,0,0,0
671,-1.734100341796875,40.375518798828125,-13.295059204101562,0,0,1,0,0,0
671,39.65143585205078,-77.93852233886719,-95.46467590332031,0,1,0,0,0,0
671,202.9020233154297,-106.77420043945312,-229.4623260498047,0,0,0,1,0,0
672,0.0,0.0,0.0,0,0,0,1,0,0
672,-18.73431396484375,-86.30270385742188,38.33781433105469,1,0,0,0,0,0
672,-119.8809814453125,129.70233154296875,44.561767578125,1,0,0,0,0,0
672,-356.51324462890625,233.3764190673828,92.97859191894531,0,1,0,0,0,0
672,-366.9361877441406,232.46463012695312,74.86418914794922,0,0,0,1,0,0
673,0.0,0.0,0.0,0,1,0,0,0,0
673,9.481800079345703,-0.6916656494140625,3.851675033569336,0,0,0,0,0,0
673,137.8661651611328,126.42826080322266,94.41358184814453,1,0,0,0,0,0
673,0.8758049011230469,-13.065284729003906,-1.5335693359375,1,0,0,0,0,0
673,4763.97412109375,4680.8955078125,4479.8681640625,0,0,1,0,0,0
674,0.0,0.0,0.0,0,1,0,0,0,0
674,1.7401593923568726,5.9649128913879395,1.9945060014724731,0,1,0,0,0,0
674,1.5406174659729004,10.553407669067383,-6.1248579025268555,0,0,1,0,0,0
674,-13.972786903381348,-1.1233744621276855,7.383542060852051,0,0,0,0,0,0
674,2.0559585094451904,-0.42670345306396484,1.4148118495941162,0,0,1,0,0,0
675,0.0,0.0,0.0,0,0,0,0,0,0
675,-297.3823547363281,43.06609344482422,224.32821655273438,0,0,0,0,0,0
675,-135.09829711914062,62.11846923828125,133.82608032226562,1,0,0,0,0,0
675,-2134.408935546875,912.2923583984375,1882.217529296875,0,1,0,0,0,0
675,14.740314483642578,5.78172492980957,-10.559684753417969,1,0,0,0,0,0
676,0.0,0.0,0.0,0,1,0,0,0,0
676,-52.95033645629883,74.2096176147461,28.391448974609375,0,0,0,1,0,0
676,-58.15607833862305,81.29875946044922,59.954917907714844,0,1,0,0,0,0
676,-101.62442016601562,75.39644622802734,7.1251983642578125,1,0,0,0,0,0
676,-83.32452392578125,29.01868438720703,86.78955841064453,0,0,0,1,0,0
677,0.0,0.0,0.0,0,1,0,0,0,0
677,-3.5967655181884766,-4.55427360534668,-0.4302060604095459,1,0,0,0,0,0
677,-7.95235538482666,-5.36928129196167,-6.524110794067383,1,0,0,0,0,0
677,-1.7298979759216309,5.428117752075195,-6.263813018798828,0,1,0,0,0,0
677,9.373825073242188,23.595426559448242,26.837575912475586,0,1,0,0,0,0
678,0.0,0.0,0.0,1,0,0,0,0,0
678,-128.38436889648438,-127.11992645263672,-90.56190490722656,0,0,0,0,0,0
678,2443.646484375,2227.335205078125,2239.738525390625,0,0,0,0,0,0
678,4626.10791015625,4554.46728515625,4385.45458984375,0,0,1,0,0,0
678,2487.079833984375,2320.127197265625,2402.948486328125,0,1,0,0,0,0
679,0.0,0.0,0.0,0,0,0,0,0,0
679,-0.33209657669067383,0.14806890487670898,-0.20439249277114868,0,0,1,0,0,0
679,34.084800720214844,0.8777390718460083,-8.942620277404785,0,1,0,0,0,0
679,3.006627082824707,3.9170384407043457,-2.2802302837371826,1,0,0,0,0,0
679,374.1830139160156,-255.18338012695312,-87.70208740234375,0,0,0,1,0,0
680,0.0,0.0,0.0,0,1,0,0,0,0
680,-15.248161315917969,7.827134132385254,-2.795196533203125,0,1,0,0,0,0
680,-11.704381942749023,15.571917533874512,-3.002777099609375,0,0,0,1,0,0
680,175.69361877441406,-67.16961669921875,173.32388305664062,1,0,0,0,0,0
680,32.67927169799805,-22.113277435302734,-1.2820053100585938,0,0,0,0,0,0
681,0.0,0.0,0.0,0,1,0,0,0,0
681,-5.191092491149902,19.245311737060547,6.641546726226807,0,1,0,0,0,0
681,-3.901688575744629,-18.379898071289062,-2.2320356369018555,0,0,0,0,0,0
681,6.76348352432251,3.3890304565429688,-29.443355560302734,1,0,0,0,0,0
681,11.40675163269043,-7.276161193847656,17.62480926513672,0,0,1,0,0,0
682,0.0,0.0,0.0,0,0,0,1,0,0
682,5.696918487548828,2.226656913757324,7.2551188468933105,0,0,0,0,0,0
682,-141.59718322753906,93.54093170166016,-55.626434326171875,0,0,0,1,0,0
682,-1.4140892028808594,-6.7571916580200195,-9.355480194091797,0,1,0,0,0,0
682,-441.6527099609375,255.07000732421875,-175.53761291503906,0,1,0,0,0,0
683,0.0,0.0,0.0,0,0,0,0,0,0
683,18.381132125854492,-10.624444007873535,24.571151733398438,0,0,0,1,0,0
683,4.556234359741211,15.686649322509766,19.01812744140625,0,0,1,0,0,0
683,7.393149375915527,-5.492649078369141,11.792867660522461,1,0,0,0,0,0
683,-4.069738388061523,28.666542053222656,72.87124633789062,0,0,1,0,0,0
684,0.0,0.0,0.0,0,0,1,0,0,0
684,-90.30934143066406,-186.75265502929688,120.34895324707031,0,0,0,0,0,0
684,-68.65048217773438,-90.36624145507812,179.3517608642578,0,1,0,0,0,0
684,78.87748718261719,138.44509887695312,-129.45394897460938,0,0,0,1,0,0
684,36.75871276855469,115.83346557617188,-80.498779296875,0,0,1,0,0,0
685,0.0,0.0,0.0,1,0,0,0,0,0
685,-230.093994140625,-85.27066040039062,-312.78973388671875,0,0,1,0,0,0
685,-249.97142028808594,-73.34423065185547,-221.92958068847656,0,0,0,0,0,0
685,-276.5457763671875,-143.4248504638672,-312.059814453125,0,1,0,0,0,0
685,-14.881111145019531,1.4157326221466064,0.6954193115234375,0,0,0,1,0,0
686,0.0,0.0,0.0,0,0,1,0,0,0
686,177.86390686035156,-71.12666320800781,-269.11328125,0,0,0,0,0,0
686,-15.467071533203125,8.115218162536621,24.53310775756836,0,0,1,0,0,0
686,72.13832092285156,-106.36984252929688,-262.2213439941406,0,0,0,1,0,0
686,-17.038238525390625,1.7234621047973633,31.820470809936523,0,1,0,0,0,0
687,0.0,0.0,0.0,0,0,0,0,0,0
687,124.26889038085938,-52.03520965576172,145.08209228515625,0,1,0,0,0,0
687,23.758590698242188,30.427101135253906,24.431625366210938,1,0,0,0,0,0
687,20.434066772460938,-54.80869674682617,28.771591186523438,0,0,0,0,1,0
687,61.30847930908203,-4.952720642089844,114.67474365234375,0,0,1,0,0,0
688,0.0,0.0,0.0,0,0,0,0,0,0
688,103.83482360839844,2.773487091064453,116.31049346923828,0,1,0,0,0,0
688,62.899810791015625,-32.41666030883789,97.12157440185547,1,0,0,0,0,0
688,-20.434066772460938,54.80869674682617,-28.771591186523438,0,0,0,0,1,0
688,74.48002624511719,-34.817588806152344,65.67082214355469,0,0,0,0,0,0
689,0.0,0.0,0.0,0,0,0,1,0,0
689,-18.602149963378906,-52.906578063964844,-25.282880783081055,0,0,0,0,0,0
689,-89.8238754272461,-203.56698608398438,-249.05841064453125,1,0,0,0,0,0
689,-63.328407287597656,-59.93052673339844,-64.4628677368164,0,0,0,0,0,0
689,-333.9526672363281,-778.9996337890625,-922.484375,1,0,0,0,0,0
690,0.0,0.0,0.0,0,1,0,0,0,0
690,7.4385986328125,-15.90228271484375,-46.64976501464844,0,1,0,0,0,0
690,176.58670043945312,-134.357666015625,33.05583190917969,0,1,0,0,0,0
690,150.15396118164062,-135.0950927734375,50.281455993652344,0,0,1,0,0,0
690,193.7515869140625,-156.6066131591797,101.52718353271484,0,0,0,0,0,0
691,0.0,0.0,0.0,0,0,0,0,0,0
691,-1184.8753662109375,1996.4454345703125,-2161.541015625,0,0,1,0,0,0
691,-18.538658142089844,52.15434265136719,-47.42656707763672,1,0,0,0,0,0
691,-90.74773406982422,153.54965209960938,-258.22821044921875,0,1,0,0,0,0
691,3.066692352294922,-24.750381469726562,10.796592712402344,0,0,0,0,0,0
692,0.0,0.0,0.0,0,0,0,1,0,0
692,-669.607666015625,613.4419555664062,-694.482177734375,1,0,0,0,0,0
692,-218.3814697265625,216.4808349609375,-220.12680053710938,0,0,0,1,0,0
692,94.0894775390625,-104.96052551269531,98.98625946044922,0,1,0,0,0,0
692,57.09028625488281,7.7754058837890625,-0.037841796875,0,0,0,0,0,0
693,0.0,0.0,0.0,1,0,0,0,0,0
693,50.43389129638672,-57.9959716796875,-3.2279624938964844,0,0,0,1,0,0
693,-80.2420654296875,60.47882080078125,-38.88542556762695,0,0,1,0,0,0
693,46.076576232910156,-55.038818359375,-6.833339691162109,1,0,0,0,0,0
693,-694.5073852539062,1026.7733154296875,152.28843688964844,0,0,0,0,0,0
694,0.0,0.0,0.0,0,0,1,0,0,0
694,1.8027918338775635,-3.300334930419922,2.848674774169922,0,0,0,1,0,0
694,34.40647888183594,0.9021077156066895,-9.959959983825684,0,0,1,0,0,0
694,0.1995418667793274,-4.588494777679443,8.119363784790039,0,1,0,0,0,0
694,-3.1276683807373047,17.07000732421875,5.750901222229004,1,0,0,0,0,0
695,0.0,0.0,0.0,1,0,0,0,0,0
695,-7.681751251220703,7.892251014709473,4.868867874145508,0,0,0,1,0,0
695,36.87940979003906,-45.13987731933594,62.25103759765625,1,0,0,0,0,0
695,9.613517761230469,6.179563522338867,22.283151626586914,0,0,0,0,0,0
695,-18.669734954833984,13.024045944213867,-7.909416198730469,1,0,0,0,0,0
696,0.0,0.0,0.0,1,0,0,0,0,0
696,289.10162353515625,-119.70912170410156,455.67193603515625,0,1,0,0,0,0
696,77.10978698730469,-14.339439392089844,101.0919189453125,1,0,0,0,0,0
696,82.88629150390625,-108.14613342285156,71.0670166015625,0,1,0,0,0,0
696,-44.93927001953125,-3.7405662536621094,-33.28950500488281,1,0,0,0,0,0
697,0.0,0.0,0.0,0,0,0,0,0,0
697,15.246269226074219,41.6495246887207,7.993618011474609,0,0,1,0,0,0
697,-28.99755096435547,47.7723274230957,51.733306884765625,0,0,1,0,0,0
697,-1.7919692993164062,43.37298583984375,39.8140869140625,0,1,0,0,0,0
697,193.11016845703125,-29.477134704589844,-261.1196594238281,0,0,0,0,0,0
698,0.0,0.0,0.0,0,0,0,0,0,0
698,3.4793496131896973,5.4307451248168945,-3.679513931274414,1,0,0,0,0,0
698,8.027328491210938,13.042988777160645,-17.711772918701172,0,0,1,0,0,0
698,-49.99631118774414,-125.37240600585938,119.38892364501953,0,0,0,0,0,0
698,-52.74411392211914,-164.7716827392578,111.94739532470703,1,0,0,0,0,0
699,0.0,0.0,0.0,0,1,0,0,0,0
699,-406.95849609375,-390.00811767578125,46.086952209472656,0,1,0,0,0,0
699,-215.86181640625,-122.46826171875,48.13844680786133,0,0,0,1,0,0
699,103.02613830566406,117.6646728515625,-0.7401195764541626,0,0,0,1,0,0
699,95.79095458984375,67.97615051269531,7.804892063140869,0,0,0,0,0,0
700,0.0,0.0,0.0,0,0,0,1,0,0
700,126.62788391113281,82.48504638671875,42.05873107910156,1,0,0,0,0,0
700,-12.665788650512695,-5.897319793701172,-13.03885269165039,0,1,0,0,0,0
700,22.55609130859375,14.059715270996094,15.141664505004883,0,0,1,0,0,0
700,3.995504379272461,-3.3461246490478516,-3.781431198120117,0,0,1,0,0,0
701,0.0,0.0,0.0,0,1,0,0,0,0
701,-1.417104721069336,1.349104404449463,3.6576693058013916,0,0,0,1,0,0
701,-52.31650161743164,-139.40440368652344,140.64004516601562,0,0,0,0,0,0
701,-55.06430435180664,-178.80368041992188,133.19851684570312,1,0,0,0,0,0
701,-44.302852630615234,-54.23301696777344,0.5878427028656006,0,1,0,0,0,0
702,0.0,0.0,0.0,0,0,1,0,0,0
702,12.3053617477417,3.5091376304626465,-6.707704067230225,0,0,0,1,0,0
702,20.546653747558594,0.3582606315612793,-7.9826741218566895,0,0,1,0,0,0
702,-26.90575408935547,-35.199249267578125,7.7822113037109375,0,0,0,0,0,0
702,-10.151497840881348,-19.152523040771484,4.0776872634887695,1,0,0,0,0,0
703,0.0,0.0,0.0,0,1,0,0,0,0
703,-3.3272104263305664,21.65850257873535,-2.3684630393981934,1,0,0,0,0,0
703,34.20693588256836,5.490602493286133,-18.07932472229004,0,0,1,0,0,0
703,15.961043357849121,2.2142953872680664,4.459990501403809,0,0,0,1,0,0
703,-7.619806289672852,-0.9813476800918579,12.191157341003418,0,0,0,1,0,0
704,0.0,0.0,0.0,0,0,0,1,0,0
704,56.3795166015625,-68.67144775390625,20.006759643554688,0,0,1,0,0,0
704,-346.5495300292969,-317.8656005859375,-87.95357513427734,1,0,0,0,0,0
704,-341.8070068359375,-297.5799255371094,-5.6388397216796875,0,0,1,0,0,0
704,-261.1062316894531,-241.18338012695312,-160.23837280273438,0,1,0,0,0,0
705,0.0,0.0,0.0,1,0,0,0,0,0
705,164.98703002929688,-27.572540283203125,-151.9555206298828,1,0,0,0,0,0
705,288.2138366699219,-139.38467407226562,-237.95323181152344,0,0,1,0,0,0
705,199.97596740722656,16.657318115234375,-173.0751953125,0,0,1,0,0,0
705,-1785.714111328125,752.8819580078125,1556.091796875,0,1,0,0,0,0
706,0.0,0.0,0.0,0,0,0,0,0,0
706,694.5073852539062,-1026.7733154296875,-152.28843688964844,1,0,0,0,0,0
706,789.5490112304688,-1124.18994140625,-134.17333984375,1,0,0,0,0,0
706,790.5457763671875,-1124.3289794921875,-132.09117126464844,1,0,0,0,0,0
706,588.21728515625,-848.2340087890625,-2.5052642822265625,1,0,0,0,0,0
707,0.0,0.0,0.0,0,0,0,0,0,0
707,-11.580211639404297,2.400928497314453,31.45075225830078,1,0,0,0,0,0
707,-74.48002624511719,34.817588806152344,-65.67082214355469,0,0,0,0,0,0
707,-204.27952575683594,-195.49169921875,-379.1917724609375,0,0,0,0,0,0
707,53.60065841674805,14.310440063476562,63.20514678955078,0,0,0,0,1,0
708,0.0,0.0,0.0,0,0,0,0,0,0
708,-53.60065841674805,-14.310440063476562,-63.20514678955078,0,0,0,0,1,0
708,-257.88018798828125,-209.80213928222656,-442.3969421386719,0,0,0,0,0,0
708,14.046406745910645,3.4864776134490967,-21.940706253051758,0,0,0,0,0,0
708,2.15939998626709,-6.017063140869141,13.332895278930664,1,0,0,0,0,0
709,0.0,0.0,0.0,1,0,0,0,0,0
709,-198.4481201171875,126.05616760253906,184.72994995117188,1,0,0,0,0,0
709,-2149.1494140625,906.5106201171875,1892.7772216796875,0,1,0,0,0,0
709,-363.4351501464844,153.6287078857422,336.68548583984375,1,0,0,0,0,0
709,-163.45916748046875,170.28602600097656,163.6102752685547,0,0,1,0,0,0
710,0.0,0.0,0.0,1,0,0,0,0,0
710,125.54546356201172,-152.97756958007812,-44.664886474609375,1,0,0,0,0,0
710,-266.07672119140625,176.05197143554688,238.02688598632812,1,0,0,0,0,0
710,-429.2598876953125,628.4776611328125,514.24658203125,0,0,0,0,0,0
710,-588.21728515625,848.2340087890625,2.5052642822265625,0,0,0,0,0,0
711,0.0,0.0,0.0,0,1,0,0,0,0
711,556.2947387695312,453.24981689453125,-564.668212890625,0,0,0,0,0,0
711,-310.569091796875,-339.7894287109375,346.4046630859375,0,1,0,0,0,0
711,491.23419189453125,468.66668701171875,-453.1280517578125,0,0,1,0,0,0
711,-488.150146484375,-476.77490234375,420.91015625,1,0,0,0,0,0
712,0.0,0.0,0.0,0,1,0,0,0,0
712,1950.701171875,-780.4544677734375,-1708.04736328125,1,0,0,0,0,0
712,2073.927978515625,-892.2666015625,-1794.0450439453125,0,0,1,0,0,0
712,1837.026611328125,-869.2262573242188,-1657.889404296875,0,0,0,0,0,0
712,1785.714111328125,-752.8819580078125,-1556.091796875,1,0,0,0,0,0
713,0.0,0.0,0.0,1,0,0,0,0,0
713,-4.050422668457031,5.152954578399658,-2.6512603759765625,0,0,0,0,0,0
713,-3.690345287322998,8.948223114013672,3.018644332885742,1,0,0,0,0,0
713,216.93539428710938,-67.58454132080078,-310.5199279785156,0,0,0,0,0,0
713,111.20980834960938,-102.82772064208984,-303.62799072265625,0,0,0,1,0,0
714,0.0,0.0,0.0,0,1,0,0,0,0
714,-13.841479301452637,-8.670919418334961,0.35030317306518555,0,0,0,0,0,0
714,-19.727081298828125,69.75770568847656,41.319618225097656,0,0,0,0,0,0
714,22.705774307250977,3.8101091384887695,12.72823715209961,0,0,1,0,0,0
714,2.3725531101226807,55.252498626708984,31.126129150390625,0,0,0,1,0,0
715,0.0,0.0,0.0,0,0,0,0,0,0
715,6.03179931640625,62.9927978515625,-47.96592712402344,0,1,0,0,0,0
715,-762.8720092773438,681.594482421875,59.97488784790039,0,1,0,0,0,0
715,-864.3419189453125,717.3663940429688,53.98615264892578,1,0,0,0,0,0
715,-670.7108154296875,511.20489501953125,48.15934753417969,0,0,1,0,0,0
716,0.0,0.0,0.0,0,0,1,0,0,0
716,0.33209657669067383,-0.14806890487670898,0.20439249277114868,0,0,0,0,0,0
716,22.768781661987305,-14.164740562438965,-6.600475788116455,0,1,0,0,0,0
716,34.41689682006836,0.7296701669692993,-8.738227844238281,0,1,0,0,0,0
716,26.028345108032227,-4.967441558837891,29.75823974609375,0,1,0,0,0,0
717,0.0,0.0,0.0,0,0,0,0,0,0
717,-59.817108154296875,-71.61802673339844,-6.806159019470215,0,1,0,0,0,0
717,350.042724609375,324.5150451660156,191.93948364257812,0,1,0,0,0,0
717,-81.33869171142578,-68.98301696777344,-10.658848762512207,1,0,0,0,0,0
717,-62.090091705322266,-34.89704895019531,15.429851531982422,1,0,0,0,0,0
718,0.0,0.0,0.0,0,1,0,0,0,0
718,154.635009765625,-174.79559326171875,259.34002685546875,0,0,0,0,0,0
718,45.365478515625,-109.02558898925781,130.49227905273438,1,0,0,0,0,0
718,167.70986938476562,-201.18145751953125,284.0619201660156,0,0,1,0,0,0
718,133.89968872070312,-59.6163330078125,133.36044311523438,0,1,0,0,0,0
719,0.0,0.0,0.0,0,0,0,1,0,0
719,366.9361877441406,-232.46463012695312,-74.86418914794922,0,0,0,1,0,0
719,348.2018737792969,-318.767333984375,-36.52637481689453,1,0,0,0,0,0
719,20.908056259155273,-26.166166305541992,-51.20829391479492,0,0,0,0,0,0
719,-8.546004295349121,16.224567413330078,12.329254150390625,0,0,0,1,0,0
720,0.0,0.0,0.0,0,0,0,0,0,0
720,250.61444091796875,246.89483642578125,329.98974609375,1,0,0,0,0,0
720,131.00350952148438,203.6221923828125,112.55097961425781,0,1,0,0,0,0
720,-278.8563232421875,-192.51087951660156,-86.19466400146484,0,1,0,0,0,0
720,-154.51837158203125,-55.108367919921875,-99.06582641601562,0,1,0,0,0,0
721,0.0,0.0,0.0,0,1,0,0,0,0
721,36.82890319824219,56.924930572509766,-20.500354766845703,1,0,0,0,0,0
721,29.119792938232422,63.70171356201172,-22.712078094482422,0,0,1,0,0,0
721,-41.89015197753906,-23.452659606933594,78.50431823730469,0,0,0,1,0,0
721,-12.474922180175781,27.093719482421875,-16.83595085144043,1,0,0,0,0,0
722,0.0,0.0,0.0,0,1,0,0,0,0
722,34.18535614013672,-120.12462615966797,169.33145141601562,0,0,0,1,0,0
722,-1094.127685546875,1842.895751953125,-1903.3128662109375,0,0,1,0,0,0
722,93.81442260742188,-178.30003356933594,269.0248107910156,0,0,0,0,0,0
722,90.74773406982422,-153.54965209960938,258.22821044921875,0,0,0,0,0,0
723,0.0,0.0,0.0,0,0,1,0,0,0
723,-23.60492706298828,-33.536590576171875,-28.87192153930664,0,0,0,0,0,0
723,-250.20001220703125,-102.39155578613281,-293.9396057128906,0,1,0,0,0,0
723,-203.74822998046875,-44.23735809326172,-294.6695251464844,0,0,1,0,0,0
723,-223.62567138671875,-32.31092834472656,-203.8093719482422,0,0,0,0,0,0
724,0.0,0.0,0.0,0,1,0,0,0,0
724,-119.32318115234375,-218.81973266601562,193.4536895751953,0,0,0,0,0,0
724,-638.627197265625,-1045.4544677734375,991.2674560546875,0,1,0,0,0,0
724,20.368499755859375,-41.39971160888672,63.46120071411133,0,0,0,1,0,0
724,28.0346622467041,9.47760009765625,-12.522884368896484,0,0,0,1,0,0
725,0.0,0.0,0.0,1,0,0,0,0,0
725,-8.865745544433594,-16.512300491333008,-12.687580108642578,0,0,0,0,0,0
725,176.9432830810547,178.26039123535156,158.28262329101562,0,0,0,0,0,0
725,-1.1544761657714844,21.94183349609375,-4.596614837646484,1,0,0,0,0,0
725,58.99468994140625,94.00154113769531,27.440162658691406,1,0,0,0,0,0
726,0.0,0.0,0.0,0,0,0,0,0,0
726,73.64605712890625,-117.68919372558594,16.662363052368164,0,1,0,0,0,0
726,72.02313232421875,-60.085655212402344,67.37065887451172,1,0,0,0,0,0
726,107.876953125,-100.99302673339844,41.05764389038086,0,0,0,1,0,0
726,-5.318187713623047,12.585819244384766,-4.12690544128418,0,0,1,0,0,0
727,0.0,0.0,0.0,0,1,0,0,0,0
727,-341.6915283203125,-494.9522705078125,276.98675537109375,0,0,0,1,0,0
727,-268.7640380859375,-462.6811828613281,237.99453735351562,0,0,0,0,0,0
727,-198.16551208496094,-345.5996398925781,225.8677978515625,0,0,0,0,0,0
727,-225.0612335205078,-221.42312622070312,112.74224853515625,0,0,0,1,0,0
728,0.0,0.0,0.0,0,1,0,0,0,0
728,310.569091796875,339.7894287109375,-346.4046630859375,0,1,0,0,0,0
728,801.8032836914062,808.4561157226562,-799.53271484375,0,0,1,0,0,0
728,866.8638305664062,793.0392456054688,-911.0728759765625,0,0,0,0,0,0
728,-177.5810546875,-136.98548889160156,74.50552368164062,1,0,0,0,0,0
729,0.0,0.0,0.0,0,1,0,0,0,0
729,38.57952880859375,-53.69834899902344,-42.91981506347656,0,0,0,1,0,0
729,-127.8255615234375,104.40556335449219,-104.35652160644531,1,0,0,0,0,0
729,-122.36024475097656,61.672386169433594,-119.52203369140625,1,0,0,0,0,0
729,-82.88629150390625,108.14613342285156,-71.0670166015625,1,0,0,0,0,0
730,0.0,0.0,0.0,0,1,0,0,0,0
730,49.977943420410156,-31.903244018554688,49.31352233886719,1,0,0,0,0,0
730,364.8421936035156,-506.4665832519531,541.9202270507812,0,0,0,0,0,0
730,528.8265991210938,-568.193603515625,526.4773559570312,0,0,1,0,0,0
730,498.6166687011719,-466.8384094238281,429.685791015625,0,0,0,1,0,0
731,0.0,0.0,0.0,0,0,0,1,0,0
731,-1.8027918338775635,3.300334930419922,-2.848674774169922,0,0,1,0,0,0
731,-1.287450909614563,-7.679776191711426,4.690995216369629,0,0,1,0,0,0
731,-4.930459976196289,20.370342254638672,2.902226448059082,1,0,0,0,0,0
731,226.6632080078125,43.88792037963867,-126.42574310302734,0,0,1,0,0,0
732,0.0,0.0,0.0,0,1,0,0,0,0
732,519.3040161132812,826.6347045898438,-797.813720703125,0,0,0,0,0,0
732,487.6920166015625,836.4183959960938,-708.6961669921875,0,1,0,0,0,0
732,638.627197265625,1045.4544677734375,-991.2674560546875,0,1,0,0,0,0
732,466.03314208984375,740.031982421875,-767.698974609375,0,0,0,0,0,0
733,0.0,0.0,0.0,0,0,1,0,0,0
733,-2.0774574279785156,148.56985473632812,-107.56233215332031,0,0,1,0,0,0
733,-4.95245361328125,153.2513885498047,-113.2236328125,0,0,0,0,0,0
733,36.88481140136719,212.77516174316406,-193.97796630859375,0,0,0,0,0,0
733,-77.3199691772461,10.341400146484375,125.45808410644531,0,1,0,0,0,0
734,0.0,0.0,0.0,1,0,0,0,0,0
734,51.814231872558594,-47.10984420776367,63.83461380004883,0,0,1,0,0,0
734,295.82110595703125,-263.652099609375,313.1996765136719,0,1,0,0,0,0
734,90.11870574951172,-85.33631896972656,23.51049041748047,0,0,0,1,0,0
734,215.20465087890625,-159.7996826171875,126.42572021484375,0,0,0,1,0,0
735,0.0,0.0,0.0,0,0,1,0,0,0
735,-1042.509521484375,1057.865478515625,-919.3087158203125,0,0,1,0,0,0
735,130.6963653564453,-102.4246826171875,90.96810913085938,0,1,0,0,0,0
735,-89.06021118164062,208.84915161132812,-225.58575439453125,0,1,0,0,0,0
735,135.8021240234375,-114.21926879882812,107.12535095214844,0,1,0,0,0,0
736,0.0,0.0,0.0,1,0,0,0,0,0
736,143.43978881835938,-128.3558349609375,-189.6822509765625,0,0,0,0,0,0
736,6185.51513671875,-5828.03466796875,-6886.7109375,0,0,0,1,0,0
736,839.865234375,-837.7984619140625,-851.8721923828125,0,0,0,1,0,0
736,176.53756713867188,-211.86593627929688,-193.41360473632812,0,0,0,0,0,0
737,0.0,0.0,0.0,0,1,0,0,0,0
737,-7.4385986328125,15.90228271484375,46.64976501464844,0,1,0,0,0,0
737,164.98907470703125,-200.4157257080078,89.66853332519531,0,0,0,1,0,0
737,169.14810180664062,-118.45538330078125,79.70559692382812,0,1,0,0,0,0
737,-135.06643676757812,-38.88665771484375,-30.242645263671875,0,1,0,0,0,0
738,0.0,0.0,0.0,0,0,0,0,0,0
738,15.712945938110352,7.088287353515625,-5.389035701751709,0,1,0,0,0,0
738,15.513404846191406,11.676782608032227,-13.508399963378906,0,0,1,0,0,0
738,16.214033126831055,63.92341613769531,30.77582550048828,0,0,0,1,0,0
738,13.841479301452637,8.670919418334961,-0.35030317306518555,0,1,0,0,0,0
739,0.0,0.0,0.0,1,0,0,0,0,0
739,212.04852294921875,228.3506622314453,131.4063262939453,0,0,1,0,0,0
739,4763.09814453125,4693.9609375,4481.4013671875,0,0,1,0,0,0
739,226.43081665039062,222.9094696044922,277.99652099609375,0,0,0,1,0,0
739,-0.8758049011230469,13.065284729003906,1.5335693359375,0,1,0,0,0,0
740,0.0,0.0,0.0,0,1,0,0,0,0
740,-90.06502532958984,70.79655456542969,67.52835083007812,1,0,0,0,0,0
740,-65.97449493408203,93.03254699707031,62.87294006347656,1,0,0,0,0,0
740,-85.50733184814453,92.20034790039062,110.26072692871094,0,0,0,1,0,0
740,-287.4437255859375,144.0229949951172,300.36578369140625,0,0,0,1,0,0
741,0.0,0.0,0.0,0,1,0,0,0,0
741,72.36751556396484,142.9099884033203,-238.6817169189453,0,0,0,0,0,0
741,96.35330963134766,238.33033752441406,-339.9764404296875,0,0,1,0,0,0
741,75.24250793457031,138.22845458984375,-233.02041625976562,0,0,1,0,0,0
741,77.3199691772461,-10.341400146484375,-125.45808410644531,0,0,1,0,0,0
742,0.0,0.0,0.0,0,0,1,0,0,0
742,-2182.461181640625,-2327.132080078125,-2145.7158203125,0,0,0,0,0,0
742,-4536.66748046875,-4471.05126953125,-4203.4052734375,0,0,0,1,0,0
742,-2139.02783203125,-2234.340087890625,-1982.505859375,0,1,0,0,0,0
742,-3526.704345703125,-3383.6025390625,-3190.61572265625,0,0,1,0,0,0
743,0.0,0.0,0.0,1,0,0,0,0,0
743,1.6248235702514648,2.351550340652466,1.2109177112579346,0,1,0,0,0,0
743,31.078170776367188,-3.039299488067627,-6.662389755249023,0,1,0,0,0,0
743,2.150559425354004,5.919759750366211,-1.0274608135223389,0,1,0,0,0,0
743,33.24808120727539,10.241493225097656,-40.80042266845703,0,0,0,1,0,0
744,0.0,0.0,0.0,0,0,0,0,0,0
744,-51.51936340332031,-84.02955627441406,-56.08976745605469,0,0,1,0,0,0
744,-56.67852783203125,-41.08628845214844,-7.7465972900390625,0,0,0,0,0,0
744,420.6947021484375,292.697998046875,269.6230163574219,1,0,0,0,0,0
744,-90.92253875732422,-87.29083251953125,-32.58013916015625,0,0,0,0,0,0
745,0.0,0.0,0.0,0,0,0,0,0,0
745,50.2083740234375,61.2037353515625,-10.24969482421875,0,0,0,1,0,0
745,-83.56610107421875,21.5755615234375,101.9847412109375,0,0,0,0,0,0
745,80.41827392578125,-40.1514892578125,86.5418701171875,0,0,1,0,0,0
745,-367.28759765625,433.6180114746094,-392.29071044921875,1,0,0,0,0,0
746,0.0,0.0,0.0,0,0,1,0,0,0
746,7.188571929931641,-4.02168083190918,21.60700035095215,0,1,0,0,0,0
746,28.083423614501953,14.789007186889648,39.76611328125,0,0,0,1,0,0
746,-33.88990020751953,1.49566650390625,-19.906639099121094,1,0,0,0,0,0
746,31.269533157348633,18.237993240356445,38.4453125,0,0,0,1,0,0
747,0.0,0.0,0.0,0,0,0,0,0,0
747,70.59852600097656,117.08155059814453,-12.126731872558594,0,0,0,0,0,0
747,268.7640380859375,462.6811828613281,-237.99453735351562,0,1,0,0,0,0
747,107.48200988769531,88.37735748291016,-170.53546142578125,0,0,1,0,0,0
747,-64.83920288085938,-69.81117248535156,42.66319274902344,0,0,0,0,0,0
748,0.0,0.0,0.0,0,0,1,0,0,0
748,-239.6648712158203,328.4129333496094,-332.0235290527344,0,1,0,0,0,0
748,-1193.1142578125,1177.4293212890625,-1025.7464599609375,0,0,1,0,0,0
748,-52.66828155517578,61.79108428955078,-58.55979919433594,0,1,0,0,0,0
748,-150.6046600341797,119.56378173828125,-106.43777465820312,0,0,1,0,0,0
749,0.0,0.0,0.0,0,1,0,0,0,0
749,-102.59722137451172,63.851165771484375,4.2752156257629395,0,0,1,0,0,0
749,762.8720092773438,-681.594482421875,-59.97488784790039,0,0,0,0,0,0
749,768.90380859375,-618.6016845703125,-107.94081115722656,0,1,0,0,0,0
749,-113.65580749511719,71.62483215332031,-0.6716107130050659,0,0,0,0,0,0
750,0.0,0.0,0.0,1,0,0,0,0,0
750,-48.83898162841797,14.139541625976562,-21.449329376220703,0,0,1,0,0,0
750,53.75823974609375,-49.71162414550781,-25.724546432495117,0,1,0,0,1,0
750,-12.115165710449219,29.803558349609375,-0.4232139587402344,0,1,0,0,0,0
750,-61.06264114379883,26.033405303955078,-11.142282485961914,0,1,0,0,0,0
751,0.0,0.0,0.0,1,0,0,0,0,0
751,2321.745849609375,2228.130126953125,2159.42919921875,0,1,0,0,0,0
751,-28.4351806640625,64.29776000976562,19.021087646484375,0,0,0,0,0,0
751,2278.3125,2135.338134765625,1996.2193603515625,0,0,0,0,0,0
751,934.0693969726562,1078.86767578125,951.3194580078125,0,0,1,0,0,0
752,0.0,0.0,0.0,0,0,0,0,0,0
752,5.920722961425781,-117.52276611328125,-238.490966796875,1,0,0,0,0,0
752,30.563886642456055,-214.53030395507812,-340.0495300292969,0,0,0,1,0,0
752,22.130813598632812,-232.55868530273438,-371.4034423828125,0,0,0,0,0,0
752,97.94631958007812,56.024810791015625,-140.391357421875,0,1,0,0,0,0
753,0.0,0.0,0.0,0,0,0,1,0,0
753,32.62202453613281,4.762788772583008,53.52742385864258,0,0,0,0,0,0
753,27.225868225097656,-0.6243815422058105,-2.4899063110351562,0,1,0,0,0,0
753,39.341033935546875,-30.427940368652344,-2.066692352294922,1,0,0,0,0,0
753,81.52847290039062,-46.328678131103516,99.76026916503906,1,0,0,0,0,0
754,0.0,0.0,0.0,0,0,1,0,0,0
754,58.160308837890625,57.27853012084961,-56.86145782470703,1,0,0,0,0,0
754,-105.40919494628906,-206.19970703125,259.85052490234375,0,1,0,0,0,0
754,-36.75871276855469,-115.83346557617188,80.498779296875,0,0,1,0,0,0
754,-593.1011962890625,-1042.6181640625,968.5466918945312,0,1,0,0,0,0
755,0.0,0.0,0.0,0,1,0,0,0,0
755,23.324886322021484,-110.64524841308594,84.23521423339844,0,0,1,0,0,0
755,-14.252944946289062,41.724395751953125,0.380645751953125,1,0,0,0,0,0
755,-30.365402221679688,-36.63020324707031,125.48603820800781,0,1,0,0,0,0
755,41.31205749511719,22.857650756835938,-0.22818756103515625,0,0,0,1,0,0
756,0.0,0.0,0.0,0,1,0,0,0,0
756,-244.0068817138672,216.54226684570312,-249.36505126953125,0,0,1,0,0,0
756,-281.2359619140625,282.3689880371094,-291.09136962890625,1,0,0,0,0,0
756,-96.25360107421875,112.9903564453125,15.06195068359375,0,0,0,0,0,0
756,-295.82110595703125,263.652099609375,-313.1996765136719,1,0,0,0,0,0
757,0.0,0.0,0.0,0,0,1,0,0,0
757,-1.5711669921875,-6.391756057739258,7.287363052368164,0,1,0,0,0,0
757,15.467071533203125,-8.115218162536621,-24.53310775756836,0,0,1,0,0,0
757,193.3309783935547,-79.24188232421875,-293.6463928222656,0,0,0,0,0,0
757,8.32064437866211,13.278694152832031,-11.56118392944336,0,0,0,1,0,0
758,0.0,0.0,0.0,0,1,0,0,0,0
758,-83.82612609863281,131.1004638671875,77.65200805664062,1,0,0,0,0,0
758,-475.44830322265625,460.1300048828125,360.3437805175781,1,0,0,0,0,0
758,-638.6314697265625,912.5556640625,636.5635375976562,0,0,0,0,0,0
758,-143.6728057861328,140.03988647460938,112.79031372070312,1,0,0,0,0,0
759,0.0,0.0,0.0,0,0,1,0,0,0
759,8.625972747802734,-12.97989273071289,-53.853118896484375,0,0,1,0,0,0
759,5.350070953369141,-11.143388748168945,-63.42211151123047,0,0,1,0,0,0
759,-3.761162281036377,-23.68393325805664,-73.93952941894531,0,0,0,1,0,0
759,4.069738388061523,-28.666542053222656,-72.87124633789062,0,0,0,0,0,0
760,0.0,0.0,0.0,0,1,0,0,0,0
760,6.205924034118652,-12.257247924804688,-4.198001384735107,1,0,0,0,0,0
760,4.768097400665283,43.345726013183594,33.39717483520508,0,0,0,1,0,0
760,-5.039302825927734,-33.41104507446289,0.6075339317321777,1,0,0,0,0,0
760,38.47394561767578,-7.9988017082214355,-20.84701156616211,0,0,1,0,0,0
761,0.0,0.0,0.0,0,1,0,0,0,0
761,-2.4768171310424805,2.867662191390991,3.350820541381836,0,0,0,0,0,0
761,3.826814889907837,-0.3198549747467041,-2.4027771949768066,0,1,0,0,0,0
761,0.03558540344238281,-2.8578176498413086,-4.909343242645264,0,0,1,0,0,0
761,-15.900266647338867,69.43785095214844,38.916839599609375,0,0,0,0,0,0
762,0.0,0.0,0.0,0,0,1,0,0,0
762,-254.3270263671875,-81.14444732666016,138.77618408203125,0,0,0,0,0,0
762,-231.5936737060547,-23.517578125,129.32797241210938,1,0,0,0,0,0
762,-229.17750549316406,-45.403446197509766,132.15008544921875,0,0,0,1,0,0
762,-194.0595245361328,-39.68547821044922,113.61711120605469,0,0,1,0,0,0
763,0.0,0.0,0.0,0,0,1,0,0,0
763,-29.01164436340332,-0.5704911947250366,20.876296997070312,0,0,0,1,0,0
763,-5.430795669555664,2.625152111053467,13.145132064819336,0,0,0,1,0,0
763,-47.45240783691406,-35.55751037597656,15.764884948730469,0,0,0,0,0,0
763,206.87461853027344,45.586936950683594,-123.01129150390625,0,0,1,0,1,0
764,0.0,0.0,0.0,1,0,0,0,0,0
764,-6.682771682739258,48.621246337890625,-4.499382972717285,1,0,0,0,0,0
764,3.547374725341797,35.84624481201172,3.639423370361328,0,0,1,0,0,0
764,-5.4835405349731445,19.489322662353516,4.769002914428711,0,1,0,0,0,0
764,-21.183124542236328,11.44186782836914,-13.735686302185059,0,1,0,0,0,0
765,0.0,0.0,0.0,0,1,0,0,0,0
765,-46.4212760925293,-59.536338806152344,3.111689567565918,0,1,0,0,0,0
765,0.8296332359313965,-4.622420310974121,-2.1853232383728027,0,1,0,0,0,0
765,-3.0929036140441895,0.38716214895248413,2.3413496017456055,0,0,1,0,0,0
765,-13.14315414428711,-5.745794773101807,5.198218822479248,0,0,0,0,0,0
766,0.0,0.0,0.0,1,0,0,0,0,0
766,7.430259704589844,-14.659475326538086,-10.420673370361328,0,0,0,1,0,0
766,355.63214111328125,-333.42681884765625,-46.94704818725586,1,0,0,0,0,0
766,1.1992311477661133,-29.13192367553711,9.268385887145996,0,1,0,0,0,0
766,6.682771682739258,-48.621246337890625,4.499382972717285,1,0,0,0,0,0
767,0.0,0.0,0.0,0,0,1,0,0,0
767,93.05043029785156,-40.89955139160156,-58.1763801574707,0,0,0,0,0,0
767,-32.07447814941406,6.174886703491211,26.610069274902344,0,0,0,0,0,0
767,409.56439208984375,-166.65579223632812,-448.5452880859375,0,0,0,0,0,0
767,-18.716049194335938,-5.960268020629883,30.77630615234375,0,0,1,0,0,0
768,0.0,0.0,0.0,0,1,0,0,0,0
768,239.6648712158203,-328.4129333496094,332.0235290527344,0,0,1,0,0,0
768,-953.4493408203125,849.016357421875,-693.7229614257812,0,0,1,0,0,0
768,186.99658203125,-266.6218566894531,273.4637145996094,0,1,0,0,0,0
768,206.06439208984375,-263.5683898925781,275.384521484375,0,0,0,0,0,0
769,0.0,0.0,0.0,0,0,1,0,0,0
769,-122.9443359375,-121.4519271850586,124.46780395507812,0,0,1,0,0,0
769,51.90589904785156,-74.9941635131836,-1.904052734375,0,0,1,0,0,0
769,-107.48200988769531,-88.37735748291016,170.53546142578125,0,0,0,0,0,0
769,-55.067230224609375,-114.89837646484375,108.64579772949219,0,1,0,0,0,0
770,0.0,0.0,0.0,1,0,0,0,0,0
770,-7.275726318359375,-16.572166442871094,31.431846618652344,0,1,0,0,0,0
770,160.9397735595703,-115.37073516845703,76.60221862792969,0,0,0,1,0,0
770,473.38330078125,-493.5572204589844,492.329345703125,0,0,1,0,0,0
770,122.36024475097656,-61.672386169433594,119.52203369140625,0,1,0,0,0,0
771,0.0,0.0,0.0,0,0,1,0,0,0
771,36.782508850097656,8.599067687988281,-34.10053253173828,0,0,0,1,0,0
771,27.981298446655273,23.689735412597656,-49.37474822998047,0,1,0,0,0,0
771,122.59819793701172,134.9292755126953,-160.94674682617188,0,0,0,0,0,0
771,116.06725311279297,-119.16468811035156,-309.2938232421875,0,0,0,1,0,0
772,0.0,0.0,0.0,0,1,0,0,0,0
772,-3.24847412109375,9.452844619750977,14.480648040771484,0,1,0,0,0,0
772,-17.113800048828125,2.6935958862304688,-18.431072235107422,0,0,0,0,0,0
772,0.174072265625,-21.151437759399414,13.123908996582031,0,1,0,0,0,0
772,511.6194763183594,410.4276123046875,859.3652954101562,1,0,0,0,0,0
773,0.0,0.0,0.0,0,0,0,1,0,0
773,7.666162014007568,50.87731170654297,-75.98408508300781,0,0,0,1,0,0
773,13.875028610229492,84.47811126708984,-89.29357147216797,0,0,0,0,0,0
773,-20.368499755859375,41.39971160888672,-63.46120071411133,0,1,0,0,0,0
773,-113.34588623046875,-158.50466918945312,263.7506103515625,0,1,0,0,0,0
774,0.0,0.0,0.0,1,0,0,0,0,0
774,40.673622131347656,59.48822784423828,-41.504878997802734,0,0,0,0,0,0
774,44.255760192871094,49.603797912597656,-10.677815437316895,0,0,0,1,0,0
774,315.50689697265625,261.4384765625,-247.62164306640625,0,1,0,0,0,0
774,302.0868835449219,295.9920349121094,10.520439147949219,0,1,0,0,0,0
775,0.0,0.0,0.0,0,0,1,0,0,0
775,1042.509521484375,-1057.865478515625,919.3087158203125,0,0,1,0,0,0
775,953.4493408203125,-849.016357421875,693.7229614257812,0,1,0,0,0,0
775,1159.5137939453125,-1112.584716796875,969.1074829101562,0,0,0,0,0,0
775,1140.4459228515625,-1115.63818359375,967.1867065429688,0,1,0,0,0,0
776,0.0,0.0,0.0,1,0,0,0,0,0
776,-125.54546356201172,152.97756958007812,44.664886474609375,1,0,0,0,0,0
776,-391.6221923828125,329.029541015625,282.6917724609375,1,0,0,0,0,0
776,-554.8053588867188,781.4552001953125,558.9114990234375,0,0,0,0,0,0
776,83.82612609863281,-131.1004638671875,-77.65200805664062,0,1,0,0,0,0
777,0.0,0.0,0.0,1,0,0,0,0,0
777,61.156211853027344,43.73021697998047,48.24162292480469,0,0,1,0,0,0
777,104.07032012939453,42.28843688964844,117.73574829101562,1,0,0,0,0,0
777,242.53582763671875,249.06996154785156,278.92718505859375,0,0,0,1,0,0
777,318.4293518066406,257.6512145996094,340.39703369140625,1,0,0,0,0,0
778,0.0,0.0,0.0,1,0,0,0,0,0
778,217.0355682373047,-181.65480041503906,313.16925048828125,0,0,0,0,0,0
778,27.619583129882812,-47.72393798828125,53.96959686279297,0,0,0,1,0,0
778,400.3085021972656,-148.65736389160156,538.8580932617188,0,1,0,0,0,0
778,64.45721435546875,-91.99414825439453,66.16299438476562,0,1,0,0,0,0
779,0.0,0.0,0.0,0,0,1,0,0,0
779,-16.664934158325195,63.405128479003906,63.36884689331055,0,0,0,1,0,0
779,-15.909542083740234,1.3140029907226562,-33.39320373535156,0,1,0,0,0,0
779,-102.68115997314453,-267.108642578125,-274.73388671875,0,0,0,0,0,0
779,-97.61377716064453,-368.23974609375,-216.25535583496094,1,0,0,0,0,0
780,0.0,0.0,0.0,0,0,1,0,0,0
780,244.0068817138672,-216.54226684570312,249.36505126953125,0,1,0,0,0,0
780,-51.814231872558594,47.10984420776367,-63.83461380004883,1,0,0,0,0,0
780,-37.229095458984375,65.82672119140625,-41.72633361816406,1,0,0,0,0,0
780,147.75328063964844,-103.55191040039062,264.427001953125,0,0,0,0,0,0
781,0.0,0.0,0.0,0,0,0,0,0,0
781,46.84158706665039,8.130725860595703,-39.22496032714844,0,0,0,1,0,0
781,-12.001472473144531,-4.310428619384766,10.709367752075195,0,0,1,0,0,0
781,45.91378402709961,41.066410064697266,-61.33709716796875,0,0,0,1,0,0
781,152.0330810546875,128.61195373535156,-127.14985656738281,0,0,0,0,0,0
782,0.0,0.0,0.0,0,0,1,0,0,0
782,268.6098327636719,-151.61102294921875,-242.96836853027344,0,0,0,1,0,0
782,47.37473678588867,-69.12606811523438,-75.62858581542969,0,0,0,1,0,0
782,473.5381164550781,-171.11709594726562,-475.34637451171875,0,0,0,0,0,0
782,105.35923767089844,-122.77534484863281,-108.97071838378906,0,1,0,0,0,0
783,0.0,0.0,0.0,0,0,0,0,0,0
783,-275.47174072265625,208.70542907714844,-220.08895874023438,0,0,0,1,0,0
783,-726.6979370117188,605.6665649414062,-694.4443359375,1,0,0,0,0,0
783,-57.09028625488281,-7.7754058837890625,0.037841796875,0,0,0,1,0,0
783,-51.02693176269531,38.73760986328125,-25.558563232421875,0,0,1,0,0,0
784,0.0,0.0,0.0,0,0,0,1,0,0
784,14.271587371826172,15.48765754699707,-8.479740142822266,0,0,1,0,0,0
784,22.74004554748535,-15.24189567565918,8.355306625366211,0,0,0,0,0,0
784,14.164630889892578,32.4069938659668,-10.25033950805664,0,0,1,0,0,0
784,16.05773162841797,-17.32631492614746,1.7493085861206055,0,1,0,0,0,0
785,0.0,0.0,0.0,0,0,0,0,0,0
785,-118.64311218261719,-125.22383117675781,160.35536193847656,0,1,0,0,0,0
785,-94.61689758300781,-111.23954772949219,111.5719985961914,0,1,0,0,0,0
785,-122.59819793701172,-134.9292755126953,160.94674682617188,0,0,1,0,0,0
785,-85.81568908691406,-126.33021545410156,126.8462142944336,0,0,0,1,0,0
786,0.0,0.0,0.0,0,0,1,0,0,0
786,127.57188415527344,81.32506561279297,49.33420181274414,1,0,0,0,0,0
786,25.87073516845703,21.087915420532227,1.847494125366211,0,0,0,0,0,0
786,3.0739059448242188,21.086259841918945,9.838111877441406,0,1,0,0,0,0
786,14.239143371582031,-17.16533660888672,15.86207389831543,0,1,0,0,0,0
787,0.0,0.0,0.0,0,1,0,0,0,0
787,-6.385223388671875,4.726884841918945,-4.73951530456543,0,1,0,0,0,0
787,-249.24476623535156,-293.3392639160156,-164.84774780273438,0,0,0,0,0,0
787,10.271642684936523,-1.9676322937011719,12.763803482055664,0,1,0,0,0,0
787,-13.573795318603516,8.748565673828125,-26.346515655517578,0,0,1,0,0,0
788,0.0,0.0,0.0,0,0,1,0,0,0
788,-56.3795166015625,68.67144775390625,-20.006759643554688,0,0,0,1,0,0
788,-402.9290466308594,-249.1941680908203,-107.96033477783203,1,0,0,0,0,0
788,-398.1865234375,-228.90847778320312,-25.645599365234375,0,0,1,0,0,0
788,-568.113525390625,-460.38409423828125,-146.3980255126953,0,1,0,0,0,0
789,0.0,0.0,0.0,1,0,0,0,0,0
789,100.51029968261719,-82.46231079101562,120.65045928955078,0,1,0,0,0,0
789,-23.758590698242188,-30.427101135253906,-24.431625366210938,0,0,0,0,0,0
789,37.549888610839844,-35.37982177734375,90.24311828613281,0,0,1,0,0,0
789,-45.365478515625,109.02558898925781,-130.49227905273438,0,1,0,0,0,0
790,0.0,0.0,0.0,0,0,1,0,0,0
790,181.37962341308594,205.33975219726562,230.685546875,0,0,0,1,0,0
790,4718.046875,4676.39111328125,4434.0908203125,0,0,1,0,0,0
790,257.27313232421875,213.92098999023438,292.1554260253906,1,0,0,0,0,0
790,2535.585693359375,2349.259033203125,2288.374755859375,0,0,0,0,0,0
791,0.0,0.0,0.0,0,0,0,0,0,0
791,-143.43978881835938,128.3558349609375,189.6822509765625,1,0,0,0,0,0
791,6042.07568359375,-5699.6787109375,-6697.0283203125,0,0,0,1,0,0
791,30.085006713867188,9.756622314453125,49.99359130859375,1,0,0,0,0,0
791,696.4254150390625,-709.442626953125,-662.18994140625,0,0,0,1,0,0
792,0.0,0.0,0.0,0,0,0,0,0,0
792,149.30133056640625,149.70486450195312,-8.580048561096191,0,1,0,0,0,0
792,303.8197021484375,204.813232421875,90.48577880859375,0,0,0,0,0,0
792,85.82860565185547,82.68772888183594,46.709144592285156,1,0,0,0,0,0
792,4.062124252319336,-1.8301303386688232,1.405832052230835,0,0,0,1,0,0
793,0.0,0.0,0.0,0,0,1,0,0,0
793,7.087166786193848,2.6119582653045654,-0.4960651397705078,0,1,0,0,0,0
793,-120.4636459350586,-263.36749267578125,358.2203369140625,0,1,0,0,0,0
793,-0.3674725294113159,4.719913482666016,-10.67485237121582,1,0,0,0,0,0
793,-7.117756366729736,-104.8628158569336,94.4697036743164,0,0,0,1,0,0
794,0.0,0.0,0.0,0,0,1,0,0,0
794,21.500957489013672,28.313095092773438,26.707216262817383,0,1,0,0,0,0
794,522.2391967773438,397.2142333984375,868.5897827148438,1,0,0,0,0,0
794,532.9609375,430.61907958984375,392.832763671875,1,0,0,0,0,0
794,413.3500061035156,387.346435546875,175.3939971923828,0,1,0,0,0,0
795,0.0,0.0,0.0,0,0,0,1,0,0
795,-72.11588287353516,94.19760131835938,92.22614288330078,0,1,0,0,0,0
795,131.64207458496094,-154.5987548828125,-145.28298950195312,0,0,1,0,0,0
795,517.8173828125,-472.306396484375,-362.9814147949219,0,0,1,0,0,0
795,178.03172302246094,-55.3353271484375,-115.41119384765625,0,0,0,0,0,0
796,0.0,0.0,0.0,0,1,0,0,0,0
796,-21.367202758789062,4.252490997314453,5.2513837814331055,0,0,1,0,0,0
796,-5.585697174072266,0.7362728118896484,13.994865417480469,0,0,0,1,0,0
796,-11.130119323730469,14.021196365356445,-3.3803653717041016,0,0,0,1,0,0
796,11.648113250732422,14.894410133361816,-2.137751579284668,0,1,0,0,0,0
797,0.0,0.0,0.0,0,0,0,0,0,0
797,-204.92828369140625,19.506072998046875,232.37802124023438,0,0,0,1,0,0
797,-316.51397705078125,125.75624084472656,390.368896484375,0,0,0,0,0,0
797,-370.71429443359375,184.74281311035156,376.6571044921875,0,1,0,0,0,0
797,-312.997802734375,149.04745483398438,223.13134765625,0,0,0,1,0,0
798,0.0,0.0,0.0,0,0,0,0,0,0
798,301.2959289550781,474.3179931640625,-267.4859313964844,0,1,0,0,0,0
798,76.23468780517578,252.8948516845703,-154.74368286132812,0,0,0,1,0,0
798,1076.6365966796875,1010.4063720703125,-1005.6494750976562,0,0,1,0,0,0
798,1141.6971435546875,994.989501953125,-1117.1895751953125,0,0,0,0,0,0
799,0.0,0.0,0.0,0,1,0,0,0,0
799,48.014652252197266,56.1163444519043,-1.9196052551269531,1,0,0,0,0,0
799,46.4212760925293,59.536338806152344,-3.111689567565918,0,1,0,0,0,0
799,-10.761451721191406,-124.57066345214844,132.6106719970703,1,0,0,0,0,0
799,47.25090789794922,54.913917541503906,-5.2970123291015625,0,1,0,0,0,0
800,0.0,0.0,0.0,0,0,1,0,0,0
800,-36.487545013427734,111.30307006835938,-109.17790222167969,1,0,0,0,0,0
800,-165.57847595214844,183.6617889404297,-198.66378784179688,0,0,0,0,0,0
800,-1202.82421875,2055.59423828125,-2223.29248046875,0,0,1,0,0,0
800,-17.94888687133789,59.14872360229492,-61.75133514404297,0,0,0,0,0,0
801,0.0,0.0,0.0,0,0,1,0,0,0
801,-212.04852294921875,-228.3506622314453,-131.4063262939453,1,0,0,0,0,0
801,341.8070068359375,297.5799255371094,5.6388397216796875,0,0,0,1,0,0
801,-4.742523193359375,-20.285690307617188,-82.31473541259766,1,0,0,0,0,0
801,398.1865234375,228.90847778320312,25.645599365234375,0,0,1,0,0,0
802,0.0,0.0,0.0,0,1,0,0,0,0
802,514.8679809570312,400.97479248046875,844.8846435546875,1,0,0,0,0,0
802,-3.6649017333984375,23.047985076904297,59.8671760559082,0,1,0,0,0,0
802,12.06097412109375,10.479202270507812,77.09056091308594,0,1,0,0,0,0
802,3.24847412109375,-9.452844619750977,-14.480648040771484,0,1,0,0,0,0
803,0.0,0.0,0.0,0,0,0,0,0,0
803,-93.05043029785156,40.89955139160156,58.1763801574707,0,0,1,0,0,0
803,316.51397705078125,-125.75624084472656,-390.368896484375,0,0,0,0,0,0
803,111.585693359375,-106.25016784667969,-157.9908905029297,0,0,0,1,0,0
803,-125.12490844726562,47.07443618774414,84.78645324707031,0,0,0,0,0,0
804,0.0,0.0,0.0,0,1,0,0,0,0
804,4.951767444610596,1.1112289428710938,-2.430724620819092,1,0,0,0,0,0
804,84.34953308105469,107.25690460205078,55.69475555419922,1,0,0,0,0,0
804,36.280418395996094,13.485153198242188,13.784027099609375,0,0,0,0,0,0
804,13.483587265014648,13.483497619628906,21.77464485168457,0,1,0,0,0,0
805,0.0,0.0,0.0,0,0,1,0,0,0
805,-10.945625305175781,1.6937191486358643,13.318126678466797,0,1,0,0,0,0
805,191.4687042236328,108.262451171875,-190.31854248046875,0,0,1,0,0,0
805,197.58360290527344,5.044608116149902,-432.3612060546875,0,1,0,0,0,0
805,-40.25928497314453,-10.592060089111328,40.92667770385742,0,0,1,0,0,0
806,0.0,0.0,0.0,0,0,1,0,0,0
806,3.284879207611084,-5.635683059692383,0.42213892936706543,0,0,0,1,0,0
806,-6.3958234786987305,22.455337524414062,-22.965896606445312,0,0,1,0,0,0
806,-6.502779960632324,39.37467575073242,-24.736495971679688,0,0,1,0,0,0
806,-20.66741180419922,6.967680931091309,-14.48615550994873,0,0,0,1,0,0
807,0.0,0.0,0.0,1,0,0,0,0,0
807,-55.945098876953125,-58.44192886352539,56.521240234375,0,0,0,1,0,0
807,-40.07261657714844,-37.38174057006836,11.931785583496094,0,1,0,0,0,0
807,-32.38641357421875,-100.68544006347656,137.38966369628906,0,1,0,0,0,0
807,-39.593719482421875,-128.05491638183594,174.84100341796875,0,0,1,0,0,0
808,0.0,0.0,0.0,0,0,1,0,0,0
808,-546.146728515625,-559.3466796875,-258.6179504394531,0,0,0,0,0,0
808,-1.729339599609375,74.40296936035156,-28.770172119140625,0,0,0,1,0,0
808,13.9630126953125,94.20375061035156,-15.930938720703125,1,0,0,0,0,0
808,159.5748291015625,199.9689178466797,101.18359375,0,0,0,1,0,0
809,0.0,0.0,0.0,1,0,0,0,0,0
809,144.34951782226562,-24.03371238708496,-208.78384399414062,0,0,0,1,0,0
809,457.3473205566406,-173.0811767578125,-431.9151916503906,0,0,0,0,0,0
809,86.6330337524414,11.66163158416748,-55.25810241699219,0,1,0,0,0,0
809,503.56365966796875,306.2415466308594,-555.347900390625,0,0,0,1,0,0
810,0.0,0.0,0.0,0,1,0,0,0,0
810,516.5875244140625,287.8483581542969,-602.422607421875,0,0,0,1,0,0
810,13.55038833618164,-5.002106666564941,-7.706567764282227,0,0,0,1,0,0
810,156.3670654296875,143.91482543945312,-146.93585205078125,0,0,0,0,0,0
810,50.24775695800781,56.369293212890625,-81.12310028076172,0,0,0,1,0,0
811,0.0,0.0,0.0,1,0,0,0,0,0
811,0.9967689514160156,-0.13907241821289062,2.0821704864501953,1,0,0,0,0,0
811,-789.5490112304688,1124.18994140625,134.17333984375,0,0,0,0,0,0
811,-131.68606567382812,136.3839111328125,-5.754794120788574,0,0,0,0,0,0
811,-630.5916137695312,904.4334716796875,645.9146728515625,0,0,0,0,0,0
812,0.0,0.0,0.0,0,1,0,0,0,0
812,-412.1328125,-359.412109375,-176.50962829589844,1,0,0,0,0,0
812,-391.8490295410156,-359.0333251953125,-148.68678283691406,0,1,0,0,0,0
812,-410.97833251953125,-381.35394287109375,-171.91302490234375,1,0,0,0,0,0
812,-350.042724609375,-324.5150451660156,-191.93948364257812,0,0,0,0,0,0
813,0.0,0.0,0.0,0,0,0,1,0,0
813,466.33978271484375,231.47906494140625,-521.2994995117188,0,0,0,1,0,0
813,-57.91525650024414,-45.37683868408203,72.04646301269531,0,0,1,0,0,0
813,106.11930084228516,87.54553985595703,-65.81275939941406,0,0,0,0,0,0
813,-50.24775695800781,-56.369293212890625,81.12310028076172,0,1,0,0,0,0
814,0.0,0.0,0.0,0,0,0,1,0,0
814,-124.37100219726562,68.70317840576172,-165.41412353515625,0,0,0,0,0,0
814,-0.07808303833007812,2.138035297393799,13.920037269592285,0,1,0,0,0,0
814,-103.93693542480469,13.89448356628418,-136.6425323486328,0,0,0,0,0,0
814,-235.09031677246094,-74.75996398925781,-222.625,0,0,0,0,0,0
815,0.0,0.0,0.0,0,0,0,1,0,0
815,19.266693115234375,-40.357704162597656,-5.313867568969727,0,0,0,0,0,0
815,72.83154296875,-86.8184585571289,-59.80490493774414,1,0,0,0,0,0
815,435.869873046875,-472.6239318847656,-426.57318115234375,1,0,0,0,0,0
815,209.8214569091797,-220.49139404296875,-232.11622619628906,0,0,0,0,0,0
816,0.0,0.0,0.0,1,0,0,0,0,0
816,19.717960357666016,-0.07474613189697266,9.382564544677734,0,1,0,0,0,0
816,-6.242972373962402,10.033288955688477,-12.242889404296875,0,1,0,0,0,0
816,6.422816276550293,15.930608749389648,0.7959632873535156,0,0,0,1,0,0
816,133.0507049560547,98.41565704345703,42.85469055175781,1,0,0,0,0,0
817,0.0,0.0,0.0,0,0,0,1,0,0
817,-8.980133056640625,-105.8851318359375,-63.559906005859375,0,1,0,0,0,0
817,-22.736263275146484,-407.38323974609375,139.96412658691406,0,0,0,1,0,0
817,-23.28956413269043,-254.78146362304688,12.738555908203125,0,1,0,0,0,0
817,-22.131349563598633,-433.8633117675781,152.71644592285156,0,0,0,0,0,0
818,0.0,0.0,0.0,0,0,0,0,0,0
818,554.8053588867188,-781.4552001953125,-558.9114990234375,1,0,0,0,0,0
818,450.52740478515625,-745.6795043945312,-471.673828125,0,0,1,0,0,0
818,163.18316650390625,-452.4256591796875,-276.2197265625,1,0,0,0,0,0
818,429.2598876953125,-628.4776611328125,-514.24658203125,1,0,0,0,0,0
819,0.0,0.0,0.0,0,0,1,0,0,0
819,1.624216079711914,-13.211868286132812,18.221309661865234,0,1,0,0,0,0
819,103.01876068115234,-92.45918273925781,84.99432373046875,1,0,0,0,0,0
819,470.3063659667969,-526.0772094726562,477.2850341796875,0,0,0,0,0,0
819,520.5147094726562,-464.87347412109375,467.03533935546875,0,0,0,1,0,0
820,0.0,0.0,0.0,0,0,0,0,0,0
820,-19.067813873291016,-3.053466796875,-1.9207839965820312,0,1,0,0,0,0
820,-1159.5137939453125,1112.584716796875,-969.1074829101562,0,0,1,0,0,0
820,-206.06439208984375,263.5683898925781,-275.384521484375,0,1,0,0,0,0
820,37.16532516479492,-63.01985549926758,61.6495361328125,0,0,0,0,0,0
821,0.0,0.0,0.0,0,0,1,0,0,0
821,26.4327392578125,0.7374267578125,-17.225624084472656,0,1,0,0,0,0
821,-150.15396118164062,135.0950927734375,-50.281455993652344,0,1,0,0,0,0
821,-142.71536254882812,119.19281005859375,-96.93122100830078,0,1,0,0,0,0
821,80.2420654296875,-60.47882080078125,38.88542556762695,1,0,0,0,0,0
822,0.0,0.0,0.0,1,0,0,0,0,0
822,-49.977943420410156,31.903244018554688,-49.31352233886719,0,1,0,0,0,0
822,478.8486328125,-536.2904052734375,477.163818359375,0,0,1,0,0,0
822,122.04905700683594,-10.598873138427734,134.3814239501953,1,0,0,0,0,0
822,127.8255615234375,-104.40556335449219,104.35652160644531,0,1,0,0,0,0
823,0.0,0.0,0.0,1,0,0,0,0,0
823,41.5947151184082,36.607994079589844,-5.876127243041992,0,0,1,0,0,0
823,31.479366302490234,37.25419235229492,-5.164318084716797,0,0,0,1,0,0
823,-13.542747497558594,-29.486190795898438,50.750816345214844,0,1,0,0,0,0
823,12.474922180175781,-27.093719482421875,16.83595085144043,0,1,0,0,0,0
824,0.0,0.0,0.0,0,0,0,0,0,0
824,204.27952575683594,195.49169921875,379.1917724609375,0,0,0,0,0,0
824,257.88018798828125,209.80213928222656,442.3969421386719,0,0,0,0,0,0
824,-71.9573974609375,-578.639892578125,-455.5455322265625,1,0,0,0,0,0
824,172.17138671875,-3.207275390625,217.8804168701172,1,0,0,0,0,0
825,0.0,0.0,0.0,0,0,0,1,0,0
825,-46.84158706665039,-8.130725860595703,39.22496032714844,0,0,0,0,0,0
825,48.481353759765625,-30.165159225463867,-43.321815490722656,0,1,0,0,0,0
825,-25.028804779052734,-31.505088806152344,27.758922576904297,0,1,0,0,0,0
825,106.19784545898438,-65.86050415039062,-196.84756469726562,0,0,0,1,0,0
826,0.0,0.0,0.0,0,0,1,0,0,0
826,21.367202758789062,-4.252490997314453,-5.2513837814331055,0,1,0,0,0,0
826,-3.3183112144470215,5.942535400390625,5.700066089630127,1,0,0,0,0,0
826,-4.064932823181152,9.58813190460205,2.418426275253296,0,1,0,0,0,0
826,-5.191381931304932,5.819680213928223,0.3926342725753784,0,0,1,0,0,0
827,0.0,0.0,0.0,0,0,0,1,0,0
827,-169.18682861328125,-325.19775390625,249.8029022216797,0,0,0,0,0,0
827,-78.87748718261719,-138.44509887695312,129.45394897460938,0,0,1,0,0,0
827,-42.1187744140625,-22.61163330078125,48.955169677734375,0,0,1,0,0,0
827,-635.219970703125,-1065.229736328125,1017.5018920898438,0,1,0,0,0,0
828,0.0,0.0,0.0,0,0,0,1,0,0
828,0.1551303267478943,54.01304244995117,35.39370346069336,0,0,0,1,0,0
828,-21.944503784179688,68.51825714111328,45.58719253540039,0,0,0,0,0,0
828,-3.284879207611084,5.635683059692383,-0.42213892936706543,0,0,1,0,0,0
828,-1.104663610458374,-2.8414721488952637,1.2185138463974,0,0,1,0,0,0
829,0.0,0.0,0.0,0,1,0,0,0,0
829,-763.6971435546875,718.4024658203125,-793.4683837890625,1,0,0,0,0,0
829,-94.0894775390625,104.96052551269531,-98.98625946044922,0,0,0,1,0,0
829,-312.470947265625,321.44134521484375,-319.1130676269531,0,0,0,1,0,0
829,56.52796936035156,-42.31916809082031,48.68888854980469,0,0,0,0,0,0
830,0.0,0.0,0.0,0,1,0,0,0,0
830,-108.5801773071289,61.7415657043457,-76.17105865478516,0,0,0,1,0,0
830,-0.708430290222168,3.907622814178467,-0.1619890034198761,1,0,0,0,0,0
830,-23.233386993408203,-2.3529272079467773,-11.161497116088867,1,0,0,0,0,0
830,-6.169491291046143,-3.5316970348358154,-3.3301451206207275,0,0,0,1,0,0
831,0.0,0.0,0.0,1,0,0,0,0,0
831,-5.0673828125,101.13107299804688,-58.478515625,0,0,0,0,0,0
831,53.50141906738281,384.97314453125,262.97430419921875,0,0,0,0,0,0
831,97.61377716064453,368.23974609375,216.25535583496094,0,0,1,0,0,0
831,-261.8490905761719,-341.119873046875,-634.2271728515625,1,0,0,0,0,0
832,0.0,0.0,0.0,0,0,0,0,0,0
832,43.433349609375,92.7919921875,163.2099609375,0,1,0,0,0,0
832,2182.461181640625,2327.132080078125,2145.7158203125,0,0,1,0,0,0
832,-1344.2431640625,-1056.470458984375,-1044.89990234375,0,0,1,0,0,0
832,-2443.646484375,-2227.335205078125,-2239.738525390625,1,0,0,0,0,0
833,0.0,0.0,0.0,0,1,0,0,0,0
833,-7.207305908203125,-27.369476318359375,37.45133972167969,0,0,1,0,0,0
833,50.841182708740234,126.63790893554688,-145.80081176757812,0,0,0,0,0,0
833,50.10395812988281,133.93624877929688,-164.20303344726562,0,0,0,0,0,0
833,16.112457275390625,78.35459899902344,-125.10539245605469,1,0,0,0,0,0
834,0.0,0.0,0.0,1,0,0,0,0,0
834,-4.951767444610596,-1.1112289428710938,2.430724620819092,0,1,0,0,0,0
834,79.39776611328125,106.14567565917969,58.1254768371582,1,0,0,0,0,0
834,197.3463592529297,190.40452575683594,188.96792602539062,0,0,0,0,0,0
834,3.179327964782715,-4.40824031829834,-11.824641227722168,0,0,1,0,0,0
835,0.0,0.0,0.0,0,0,1,0,0,0
835,-37.53414535522461,16.16790008544922,15.710861206054688,1,0,0,0,0,0
835,-43.51325225830078,-25.412242889404297,21.454544067382812,1,0,0,0,0,0
835,194.0595245361328,39.68547821044922,-113.61711120605469,0,0,1,0,0,0
835,-18.245893478393555,-3.2763071060180664,22.53931427001953,0,0,0,1,0,0
836,0.0,0.0,0.0,0,0,0,1,0,0
836,-160.9397735595703,115.37073516845703,-76.60221862792969,1,0,0,0,0,0
836,-38.57952880859375,53.69834899902344,42.91981506347656,0,1,0,0,0,0
836,-168.2154998779297,98.79856872558594,-45.170372009277344,0,1,0,0,0,0
836,-125.08595275878906,74.46336364746094,-102.91523742675781,0,0,0,1,0,0
837,0.0,0.0,0.0,1,0,0,0,0,0
837,-0.9967689514160156,0.13907241821289062,-2.0821704864501953,1,0,0,0,0,0
837,-631.58837890625,904.5725708007812,643.83251953125,0,0,0,0,0,0
837,-790.5457763671875,1124.3289794921875,132.09117126464844,0,0,0,0,0,0
837,-76.52302551269531,112.66814422607422,67.54667663574219,0,1,0,0,0,0
838,0.0,0.0,0.0,0,0,1,0,0,0
838,509.1684265136719,-500.1857604980469,-430.1669921875,0,0,1,0,0,0
838,-106.52930450439453,82.5894775390625,67.2809829711914,0,0,1,0,0,0
838,-100.12388610839844,72.87989807128906,82.34736633300781,0,0,0,1,0,0
838,169.38278198242188,-83.21469116210938,-182.59677124023438,0,0,0,0,0,0
839,0.0,0.0,0.0,1,0,0,0,0,0
839,-226.0484161376953,252.13253784179688,194.45693969726562,0,0,0,0,0,0
839,437.27923583984375,-373.79998779296875,-464.0016784667969,0,0,0,1,0,0
839,5782.92919921875,-5364.0361328125,-6498.84033203125,0,0,0,1,0,0
839,-374.2679748535156,436.8891906738281,402.3155517578125,0,0,1,0,0,0
840,0.0,0.0,0.0,0,0,0,1,0,0
840,-7.666162014007568,-50.87731170654297,75.98408508300781,0,0,0,1,0,0
840,6.208866596221924,33.600799560546875,-13.309488296508789,0,0,0,0,0,0
840,-43.692081451416016,-219.723388671875,214.27662658691406,0,0,1,0,0,0
840,-7.240950107574463,35.8669548034668,-28.241321563720703,1,0,0,0,0,0
841,0.0,0.0,0.0,0,0,0,1,0,0
841,-36.782508850097656,-8.599067687988281,34.10053253173828,0,0,1,0,0,0
841,-32.82741928100586,1.10638427734375,33.50914764404297,0,1,0,0,0,0
841,85.81568908691406,126.33021545410156,-126.8462142944336,0,0,0,0,0,0
841,79.28474426269531,-127.76374816894531,-275.1932678222656,0,0,0,1,0,0
842,0.0,0.0,0.0,0,0,0,0,0,0
842,0.3600773811340332,3.7952687740325928,5.669904708862305,1,0,0,0,0,0
842,4.050422668457031,-5.152954578399658,2.6512603759765625,1,0,0,0,0,0
842,115.2602310180664,-107.98067474365234,-300.97674560546875,0,0,0,1,0,0
842,220.98582458496094,-72.73749542236328,-307.8686828613281,0,0,0,0,0,0
843,0.0,0.0,0.0,1,0,0,0,0,0
843,21.605350494384766,-76.90472412109375,58.22315979003906,0,0,0,0,0,0
843,-1166.336669921875,1944.291015625,-2114.114501953125,0,0,1,0,0,0
843,36.487545013427734,-111.30307006835938,109.17790222167969,0,0,1,0,0,0
843,18.538658142089844,-52.15434265136719,47.42656707763672,0,0,0,0,0,0
844,0.0,0.0,0.0,0,1,0,0,0,0
844,-4.2928314208984375,-15.323616027832031,-0.8798789978027344,0,0,1,0,0,0
844,-0.8097715377807617,27.604114532470703,1.9204168319702148,0,0,0,0,0,0
844,-14.884867668151855,-179.70855712890625,142.115478515625,0,0,1,0,0,0
844,3.102304458618164,-46.205657958984375,57.65208053588867,0,0,0,1,0,0
845,0.0,0.0,0.0,0,0,0,1,0,0
845,-50.2083740234375,-61.2037353515625,10.24969482421875,0,0,0,0,0,0
845,-133.77447509765625,-39.628173828125,112.23443603515625,0,0,0,0,0,0
845,30.20989990234375,-101.355224609375,96.79156494140625,0,0,1,0,0,0
845,-417.4959716796875,372.4142761230469,-382.041015625,1,0,0,0,0,0
846,0.0,0.0,0.0,0,0,0,1,0,0
846,-144.34951782226562,24.03371238708496,208.78384399414062,1,0,0,0,0,0
846,312.997802734375,-149.04745483398438,-223.13134765625,0,0,0,0,0,0
846,-57.71649169921875,35.695343017578125,153.5257568359375,0,1,0,0,0,0
846,359.2141418457031,330.2752380371094,-346.5640563964844,0,0,0,1,0,0
847,0.0,0.0,0.0,0,0,1,0,0,0
847,-21.593015670776367,-5.4121270179748535,-15.777297973632812,0,0,1,0,0,0
847,-20.333221435546875,51.44239044189453,18.397891998291016,0,0,0,1,0,0
847,-42.43285369873047,65.94760131835938,28.591381072998047,0,0,0,0,0,0
847,-25.101318359375,8.096662521362305,-14.999283790588379,0,1,0,0,0,0
848,0.0,0.0,0.0,0,0,0,1,0,0
848,-13.55038833618164,5.002106666564941,7.706567764282227,0,1,0,0,0,0
848,503.03717041015625,292.8504638671875,-594.7160034179688,0,0,0,1,0,0
848,-6.932918548583984,-5.587246894836426,-5.963661193847656,0,0,1,0,0,0
848,-8.504085540771484,-11.979002952575684,1.3237018585205078,0,1,0,0,0,0
849,0.0,0.0,0.0,1,0,0,0,0,0
849,391.6221923828125,-329.029541015625,-282.6917724609375,1,0,0,0,0,0
849,-163.18316650390625,452.4256591796875,276.2197265625,0,0,0,0,0,0
849,287.34423828125,-293.25384521484375,-195.4541015625,0,0,1,0,0,0
849,266.07672119140625,-176.05197143554688,-238.02688598632812,1,0,0,0,0,0
850,0.0,0.0,0.0,0,1,0,0,0,0
850,203.657958984375,-242.8325653076172,298.345947265625,0,0,1,0,1,0
850,-782.5609130859375,1590.3621826171875,-1700.72412109375,0,0,1,0,0,0
850,345.7521057128906,-372.658203125,371.9201965332031,0,0,0,1,0,0
850,-472.0130615234375,324.09637451171875,-370.539794921875,1,0,0,0,0,0
851,0.0,0.0,0.0,0,0,1,0,0,0
851,-203.657958984375,242.8325653076172,-298.345947265625,0,1,0,0,1,0
851,-224.44482421875,169.9678192138672,-194.5303955078125,0,0,0,1,0,0
851,-675.6710205078125,566.928955078125,-668.8857421875,1,0,0,0,0,0
851,51.02693176269531,-38.73760986328125,25.558563232421875,0,0,0,0,0,0
852,0.0,0.0,0.0,0,0,0,0,0,0
852,23.60492706298828,33.536590576171875,28.87192153930664,0,0,1,0,0,0
852,-226.59507751464844,-68.85496520996094,-265.06768798828125,0,1,0,0,0,0
852,-26.495468139648438,-143.63645935058594,-184.5955352783203,1,0,0,0,0,0
852,-140.63270568847656,-178.5338592529297,-33.425933837890625,0,0,1,0,0,0
853,0.0,0.0,0.0,0,0,0,1,0,0
853,-4.3573150634765625,2.9571533203125,-3.605377197265625,1,0,0,0,0,0
853,-50.43389129638672,57.9959716796875,3.2279624938964844,1,0,0,0,0,0
853,-130.67596435546875,118.47479248046875,-35.65746307373047,0,0,1,0,0,0
853,-744.9412841796875,1084.769287109375,155.5164031982422,0,0,0,0,0,0
854,0.0,0.0,0.0,0,0,0,0,0,0
854,128.38436889648438,127.11992645263672,90.56190490722656,1,0,0,0,0,0
854,-9.481800079345703,0.6916656494140625,-3.851675033569336,0,1,0,0,0,0
854,2572.031005859375,2354.455322265625,2330.300537109375,0,0,0,0,0,0
854,4754.4921875,4681.58740234375,4476.01611328125,0,0,1,0,0,0
855,0.0,0.0,0.0,0,0,0,1,0,0
855,-14.0615873336792,-2.9673876762390137,7.863825798034668,0,0,0,1,0,0
855,-22.456859588623047,-22.66166114807129,10.785390853881836,1,0,0,0,0,0
855,215.1159210205078,42.436058044433594,-124.28626251220703,0,0,1,0,0,0
855,-11.21163272857666,-1.5078635215759277,5.979856014251709,1,0,0,0,0,0
856,0.0,0.0,0.0,0,1,0,0,0,0
856,281.8363952636719,306.9453125,360.09796142578125,0,0,0,0,0,0
856,1244.3409423828125,1321.5152587890625,1292.3963623046875,0,0,1,0,0,0
856,2632.017578125,2470.777587890625,2500.506103515625,0,1,0,0,0,0
856,310.2715759277344,242.6475372314453,341.0768737792969,1,0,0,0,0,0
857,0.0,0.0,0.0,0,0,0,1,0,0
857,125.08595275878906,-74.46336364746094,102.91523742675781,0,0,0,1,0,0
857,-34.23089599609375,-16.6961669921875,-24.395280838012695,0,1,0,0,0,0
857,107.35214233398438,-116.81935119628906,-64.5990219116211,0,0,1,0,0,0
857,-107.876953125,100.99302673339844,-41.05764389038086,0,0,0,0,0,0
858,0.0,0.0,0.0,0,0,0,1,0,0
858,189.41598510742188,-133.93084716796875,259.19964599609375,0,0,0,0,0,0
858,-27.619583129882812,47.72393798828125,-53.96959686279297,1,0,0,0,0,0
858,285.6695861816406,-246.92120361328125,244.13771057128906,0,1,0,0,0,0
858,36.83762741088867,-44.27021026611328,12.193397521972656,0,1,0,0,0,0
859,0.0,0.0,0.0,0,0,0,0,0,0
859,297.3823547363281,-43.06609344482422,-224.32821655273438,0,0,0,0,0,0
859,-1837.026611328125,869.2262573242188,1657.889404296875,0,1,0,0,0,0
859,162.2840576171875,19.05237579345703,-90.50213623046875,1,0,0,0,0,0
859,236.9013671875,-23.040328979492188,-136.15565490722656,0,0,1,0,0,0
860,0.0,0.0,0.0,0,1,0,0,0,0
860,72.11588287353516,-94.19760131835938,-92.22614288330078,0,0,0,1,0,0
860,203.75796508789062,-248.79635620117188,-237.50912475585938,0,0,1,0,0,0
860,589.9332275390625,-566.5040283203125,-455.2075500488281,0,0,1,0,0,0
860,250.14761352539062,-149.53292846679688,-207.6373291015625,0,0,0,0,0,0
861,0.0,0.0,0.0,0,0,0,0,0,0
861,22.131349563598633,433.8633117675781,-152.71644592285156,0,0,0,1,0,0
861,7.550106525421143,4.300920486450195,1.057199239730835,0,0,0,0,0,0
861,-36.129844665527344,48.030921936035156,17.766759872436523,0,1,0,0,0,0
861,13.151215553283691,327.9781799316406,-216.27635192871094,0,1,0,0,0,0
862,0.0,0.0,0.0,0,1,0,0,0,0
862,406.95849609375,390.00811767578125,-46.086952209472656,0,1,0,0,0,0
862,191.0966796875,267.53985595703125,2.051494598388672,0,0,0,1,0,0
862,502.74945068359375,457.9842529296875,-38.28205871582031,0,0,0,0,0,0
862,432.6048583984375,437.2707214355469,10.303340911865234,0,0,0,0,0,0
863,0.0,0.0,0.0,0,0,0,1,0,0
863,-3.471926689147949,7.016151428222656,16.777843475341797,1,0,0,0,0,0
863,-1.1222834587097168,-26.944442749023438,-5.377388000488281,1,0,0,0,0,0
863,5.955350399017334,13.792590141296387,23.4066104888916,0,0,1,0,0,0
863,34.95289993286133,-33.979736328125,-28.326698303222656,0,0,0,0,0,0
864,0.0,0.0,0.0,0,0,1,0,0,0
864,0.10695648193359375,-16.919336318969727,1.770599365234375,0,0,1,0,0,0
864,-63.184818267822266,54.70155334472656,-25.313674926757812,0,0,1,0,0,0
864,-14.164630889892578,-32.4069938659668,10.25033950805664,0,0,0,1,0,0
864,6.502779960632324,-39.37467575073242,24.736495971679688,0,0,1,0,0,0
865,0.0,0.0,0.0,0,0,0,0,0,0
865,-26.133018493652344,9.16185188293457,-3.282958984375,0,1,0,0,0,0
865,-26.69586944580078,4.725986480712891,-1.7963409423828125,0,0,0,0,0,0
865,0.5700225830078125,-46.59345245361328,38.171546936035156,1,0,0,0,0,0
865,-24.22296905517578,6.130624771118164,-37.48619079589844,0,1,0,0,0,0
866,0.0,0.0,0.0,0,0,1,0,0,0
866,20.128768920898438,10.656578063964844,6.50616455078125,0,1,0,0,0,0
866,51.51936340332031,84.02955627441406,56.08976745605469,0,0,0,0,0,0
866,-39.403175354003906,-3.2612762451171875,23.509628295898438,0,0,0,0,0,0
866,472.21405029296875,376.7275390625,325.7127685546875,1,0,0,0,0,0
867,0.0,0.0,0.0,0,0,1,0,0,0
867,-0.10695648193359375,16.919336318969727,-1.770599365234375,0,0,1,0,0,0
867,-14.271587371826172,-15.48765754699707,8.479740142822266,0,0,0,1,0,0
867,6.3958234786987305,-22.455337524414062,22.965896606445312,0,0,1,0,0,0
867,-63.29177474975586,71.62088775634766,-27.084274291992188,0,0,1,0,0,0
868,0.0,0.0,0.0,1,0,0,0,0,0
868,53.43474578857422,87.65078735351562,17.05394744873047,1,0,0,0,0,0
868,-34.67028045654297,-33.227928161621094,-37.490020751953125,0,1,0,0,0,0
868,-20.505104064941406,-27.20888328552246,-26.704273223876953,0,0,1,0,0,0
868,171.38333129882812,171.90963745117188,147.89639282226562,0,0,0,0,0,0
869,0.0,0.0,0.0,0,0,1,0,0,0
869,-13.549171447753906,1.6075773239135742,2.5588836669921875,0,0,0,0,0,0
869,41.98060989379883,-10.247465133666992,-10.682369232177734,0,0,0,0,0,0
869,-23.285232543945312,-17.291723251342773,53.947784423828125,0,0,1,0,0,0
869,35.73683166503906,-14.252326011657715,0.48203277587890625,0,1,0,0,0,0
870,0.0,0.0,0.0,0,0,1,0,0,0
870,782.5609130859375,-1590.3621826171875,1700.72412109375,0,1,0,0,0,0
870,1128.31298828125,-1963.0203857421875,2072.644287109375,0,0,0,1,0,0
870,1094.127685546875,-1842.895751953125,1903.3128662109375,0,1,0,0,0,0
870,1166.336669921875,-1944.291015625,2114.114501953125,1,0,0,0,0,0
871,0.0,0.0,0.0,0,0,0,1,0,0
871,-68.9822006225586,95.05961608886719,-138.06655883789062,0,0,0,1,0,0
871,-103.16755676269531,215.18423461914062,-307.39801025390625,0,1,0,0,0,0
871,-414.73431396484375,467.71783447265625,-509.98675537109375,0,1,0,0,0,0
871,-1197.295166015625,2058.080078125,-2210.7109375,0,0,1,0,1,0
872,0.0,0.0,0.0,0,0,0,0,0,0
872,29.00666618347168,16.29619598388672,-46.330223083496094,0,1,0,0,0,0
872,123.62356567382812,127.53573608398438,-157.9022216796875,0,0,0,0,0,0
872,1.4539949893951416,0.9814262390136719,-6.481823921203613,0,0,0,1,0,0
872,-8.854536056518555,-0.9782257080078125,-3.5306577682495117,0,0,1,0,0,0
873,0.0,0.0,0.0,0,0,0,0,0,0
873,83.56610107421875,-21.5755615234375,-101.9847412109375,0,0,0,0,0,0
873,133.77447509765625,39.628173828125,-112.23443603515625,0,0,0,1,0,0
873,163.984375,-61.72705078125,-15.44287109375,0,0,1,0,0,0
873,-385.11602783203125,491.2897644042969,-561.0484619140625,0,1,0,0,0,0
874,0.0,0.0,0.0,0,1,0,0,0,0
874,163.25057983398438,-28.835678100585938,-133.99765014648438,0,0,0,1,0,0
874,36.768089294433594,-47.982574462890625,15.859527587890625,0,1,0,0,0,0
874,-39.65143585205078,77.93852233886719,95.46467590332031,0,0,0,0,0,0
874,-57.98450469970703,53.64927673339844,33.342132568359375,0,0,0,1,0,0
875,0.0,0.0,0.0,1,0,0,0,0,0
875,281.2359619140625,-282.3689880371094,291.09136962890625,0,1,0,0,0,0
875,37.229095458984375,-65.82672119140625,41.72633361816406,0,0,1,0,0,0
875,184.9823760986328,-169.37863159179688,306.1533203125,0,0,0,0,0,0
875,-4.433605194091797,-35.44777297973633,46.95367431640625,0,0,0,1,0,0
876,0.0,0.0,0.0,1,0,0,0,0,0
876,-11.95457649230957,15.856281280517578,36.08489990234375,0,1,0,0,0,0
876,36.0751838684082,-7.0352935791015625,-22.949310302734375,0,0,0,0,0,0
876,15.16712760925293,19.13087272644043,28.258983612060547,0,0,0,1,0,0
876,1.1222834587097168,26.944442749023438,5.377388000488281,0,0,0,1,0,0
877,0.0,0.0,0.0,0,0,0,0,0,0
877,-8.330938339233398,-0.6024246215820312,-19.129974365234375,0,0,0,0,0,0
877,3.901688575744629,18.379898071289062,2.2320356369018555,0,1,0,0,0,0
877,11.393266677856445,42.459999084472656,14.721148490905762,0,1,0,0,0,0
877,-61.832359313964844,-385.5755615234375,-282.1042785644531,1,0,0,0,0,0
878,0.0,0.0,0.0,1,0,0,0,0,0
878,43.51325225830078,25.412242889404297,-21.454544067382812,0,0,1,0,0,0
878,22.456859588623047,22.66166114807129,-10.785390853881836,0,0,0,1,0,0
878,5.9791035652160645,41.580142974853516,-5.743683338165283,1,0,0,0,0,0
878,237.57276916503906,65.09771728515625,-135.0716552734375,0,0,1,0,0,0
879,0.0,0.0,0.0,0,0,1,0,0,0
879,386.17529296875,-317.7076416015625,-217.69842529296875,0,0,1,0,0,0
879,-131.64207458496094,154.5987548828125,145.28298950195312,0,0,0,1,0,0
879,-203.75796508789062,248.79635620117188,237.50912475585938,0,1,0,0,0,0
879,46.3896484375,99.263427734375,29.871795654296875,0,0,0,0,0,0
880,0.0,0.0,0.0,1,0,0,0,0,0
880,-57.98387145996094,-34.45857238769531,-26.980844497680664,0,1,0,0,0,0
880,468.60552978515625,369.02032470703125,373.766357421875,1,0,0,0,0,0
880,217.9910888671875,122.12550354003906,43.776634216308594,0,0,0,0,0,0
880,47.91083526611328,76.32235717773438,104.14334869384766,0,0,0,0,0,0
881,0.0,0.0,0.0,0,0,0,0,0,0
881,-105.7255859375,-35.24317932128906,6.891937255859375,0,0,0,1,0,0
881,-177.86390686035156,71.12666320800781,269.11328125,0,0,1,0,0,0
881,-216.93539428710938,67.58454132080078,310.5199279785156,1,0,0,0,0,0
881,-220.98582458496094,72.73749542236328,307.8686828613281,0,0,0,0,0,0
882,0.0,0.0,0.0,0,0,0,1,0,0
882,-24.643163681030273,97.00753021240234,101.55856323242188,1,0,0,0,0,0
882,-30.563886642456055,214.53030395507812,340.0495300292969,0,0,0,0,0,0
882,-8.433073043823242,-18.028392791748047,-31.353919982910156,0,0,0,0,0,0
882,66.44502258300781,215.08889770507812,326.1952819824219,0,0,0,0,0,0
883,0.0,0.0,0.0,0,0,0,1,0,0
883,-6.405418395996094,9.709579467773438,-15.066383361816406,0,0,1,0,0,0
883,100.12388610839844,-72.87989807128906,-82.34736633300781,0,0,1,0,0,0
883,-44.19483947753906,42.091243743896484,30.557538986206055,1,0,0,0,0,0
883,609.2922973632812,-573.065673828125,-512.5143432617188,0,0,1,0,0,0
884,0.0,0.0,0.0,0,0,0,0,0,0
884,-36.88481140136719,-212.77516174316406,193.97796630859375,0,0,1,0,0,0
884,-38.9622688293457,-64.20530700683594,86.4156265258789,0,0,1,0,0,0
884,-1.9037585258483887,-153.8209686279297,90.08228302001953,0,0,1,0,0,0
884,-62.801353454589844,-107.17539978027344,168.78445434570312,0,0,1,0,0,0
885,0.0,0.0,0.0,0,1,0,0,0,0
885,5.205741882324219,-7.089141845703125,-31.56346893310547,0,0,0,1,0,0
885,-25.168441772460938,-52.28007507324219,26.834640502929688,0,0,0,1,0,0
885,58.15607833862305,-81.29875946044922,-59.954917907714844,0,1,0,0,0,0
885,-43.46833801269531,-5.902313232421875,-52.82971954345703,1,0,0,0,0,0
886,0.0,0.0,0.0,0,0,0,0,0,0
886,8.330938339233398,0.6024246215820312,19.129974365234375,0,0,0,0,0,0
886,-53.50141906738281,-384.97314453125,-262.97430419921875,1,0,0,0,0,0
886,-731.5057373046875,-744.9044799804688,-331.223876953125,0,0,0,0,0,0
886,-185.3589630126953,-185.55780029296875,-72.60592651367188,0,0,1,0,0,0
887,0.0,0.0,0.0,0,0,0,0,0,0
887,-519.3040161132812,-826.6347045898438,797.813720703125,0,1,0,0,0,0
887,119.32318115234375,218.81973266601562,-193.4536895751953,0,1,0,0,0,0
887,-31.612014770507812,9.78369140625,89.11756896972656,0,1,0,0,0,0
887,-53.2708740234375,-86.60272216796875,30.114761352539062,0,0,0,0,0,0
888,0.0,0.0,0.0,0,1,0,0,0,0
888,48.639068603515625,235.79965209960938,382.45489501953125,0,0,0,0,0,0
888,1.3723936080932617,-5.9536895751953125,-2.03277587890625,0,0,1,0,0,0
888,-0.5253341197967529,-5.701923370361328,-6.758085250854492,1,0,0,0,0,0
888,-3.977677345275879,5.189699172973633,61.38933563232422,0,0,1,0,0,0
889,0.0,0.0,0.0,0,0,0,0,0,0
889,-106.11930084228516,-87.54553985595703,65.81275939941406,0,0,0,1,0,0
889,-164.03456115722656,-132.92237854003906,137.85922241210938,0,0,1,0,0,0
889,360.2204895019531,143.9335174560547,-455.4867248535156,0,0,0,1,0,0
889,-168.505126953125,-138.7322998046875,152.28497314453125,0,0,1,0,0,0
890,0.0,0.0,0.0,1,0,0,0,0,0
890,8.488534927368164,76.55455780029297,52.56285095214844,1,0,0,0,0,0
890,5.581437110900879,84.53275299072266,88.8840560913086,1,0,0,0,0,0
890,15.235074043273926,80.20348358154297,93.95014953613281,0,0,0,0,0,0
890,-12.958008766174316,93.7153091430664,122.34153747558594,0,0,1,0,0,0
891,0.0,0.0,0.0,1,0,0,0,0,0
891,13.026424407958984,1.5439826250076294,-4.044843673706055,1,0,0,0,0,0
891,20.71450424194336,-0.14439105987548828,-0.7814435958862305,0,1,0,0,0,0
891,-85.34678649902344,64.09449768066406,-65.00955963134766,0,0,0,1,0,0
891,16.788639068603516,7.935146808624268,-0.4086341857910156,0,0,1,0,0,0
892,0.0,0.0,0.0,0,1,0,0,0,0
892,154.51837158203125,55.108367919921875,99.06582641601562,0,0,0,0,0,0
892,-64.5208511352539,-65.78448486328125,19.677326202392578,0,0,0,0,0,0
892,-121.45659637451172,-101.4757080078125,28.308349609375,0,1,0,0,0,0
892,-144.01364135742188,-126.71683502197266,2.279066562652588,1,0,0,0,0,0
893,0.0,0.0,0.0,1,0,0,0,0,0
893,50.101806640625,296.9677734375,262.6758728027344,0,1,0,0,0,0
893,0.5253341197967529,5.701923370361328,6.758085250854492,0,1,0,0,0,0
893,49.16440200805664,241.50157165527344,389.2129821777344,0,0,0,0,0,0
893,81.65056610107422,105.52345275878906,128.88973999023438,0,0,0,0,0,0
894,0.0,0.0,0.0,0,1,0,0,0,0
894,83.50829315185547,-72.82878112792969,20.527450561523438,0,0,0,1,0,0
894,337.7789306640625,-319.6791076660156,-54.64078140258789,1,0,0,0,0,0
894,356.51324462890625,-233.3764190673828,-92.97859191894531,0,0,0,1,0,0
894,236.63226318359375,-103.674072265625,-48.41682815551758,1,0,0,0,0,0
895,0.0,0.0,0.0,0,0,1,0,0,0
895,-509.1684265136719,500.1857604980469,430.1669921875,0,0,1,0,0,0
895,-386.17529296875,317.7076416015625,217.69842529296875,0,0,1,0,0,0
895,-339.78564453125,416.9710693359375,247.57022094726562,0,0,0,0,0,0
895,-517.8173828125,472.306396484375,362.9814147949219,0,0,0,1,0,0
896,0.0,0.0,0.0,0,0,0,1,0,0
896,-23.580848693847656,-3.195643186569214,7.731166362762451,0,0,0,1,0,0
896,5.430795669555664,-2.625152111053467,-13.145132064819336,0,0,1,0,0,0
896,-42.02161407470703,-38.18266296386719,2.619753837585449,0,0,0,0,0,0
896,-19.288253784179688,19.44420623779297,-6.828453540802002,1,0,0,0,0,0
897,0.0,0.0,0.0,1,0,0,0,0,0
897,-58.160308837890625,-57.27853012084961,56.86145782470703,0,0,1,0,0,0
897,-163.5695037841797,-263.4782409667969,316.7120056152344,0,1,0,0,0,0
897,-651.261474609375,-1099.8966064453125,1025.408203125,0,1,0,0,0,0
897,-131.95748901367188,-273.2619323730469,227.59442138671875,0,0,0,0,0,0
898,0.0,0.0,0.0,1,0,0,0,0,0
898,18.849952697753906,-34.5323486328125,-19.261743545532227,0,0,0,0,0,0
898,-0.41673946380615234,5.825355529785156,-13.9478759765625,0,0,0,1,0,0
898,72.41480255126953,-80.99310302734375,-73.75277709960938,1,0,0,0,0,0
898,0.032013893127441406,-15.720142364501953,15.431291580200195,1,0,0,0,0,0
899,0.0,0.0,0.0,0,1,0,0,0,0
899,124.49797821044922,60.238807678222656,39.496089935302734,1,0,0,0,0,0
899,20.426185607910156,-8.186527252197266,12.579025268554688,0,0,1,0,0,0
899,-18.622753143310547,-28.163022994995117,-23.339881896972656,0,0,0,1,0,0
899,-9.373825073242188,-23.595426559448242,-26.837575912475586,0,1,0,0,0,0
900,0.0,0.0,0.0,0,0,0,0,0,0
900,962.5045776367188,1014.5699462890625,932.29833984375,0,0,1,0,0,0
900,28.4351806640625,-64.29776000976562,-19.021087646484375,1,0,0,0,0,0
900,2350.18115234375,2163.832275390625,2140.408203125,0,1,0,0,0,0
900,-281.8363952636719,-306.9453125,-360.09796142578125,0,1,0,0,0,0
901,0.0,0.0,0.0,0,1,0,0,0,0
901,-48.94747543334961,-3.7701520919799805,-10.71906852722168,0,1,0,0,0,0
901,12.115165710449219,-29.803558349609375,0.4232139587402344,1,0,0,0,0,0
901,-27.225868225097656,0.6243815422058105,2.4899063110351562,0,0,0,1,0,0
901,-3.8159942626953125,34.905799865722656,11.641403198242188,0,1,0,0,0,0
902,0.0,0.0,0.0,1,0,0,0,0,0
902,244.1287841796875,575.4326171875,673.4259643554688,1,0,0,0,0,0
902,256.7817077636719,442.2509460449219,575.7486572265625,0,0,0,0,0,0
902,261.8490905761719,341.119873046875,634.2271728515625,1,0,0,0,0,0
902,343.5533142089844,710.673583984375,817.08935546875,0,1,0,0,0,0
903,0.0,0.0,0.0,0,0,0,0,0,0
903,-209.53036499023438,294.0647888183594,137.51596069335938,1,0,0,0,0,0
903,-57.1636962890625,60.486724853515625,-19.100549697875977,1,0,0,0,0,0
903,-797.7476806640625,1142.298828125,140.02122497558594,0,0,0,0,0,0
903,-52.80638122558594,57.529571533203125,-15.495173454284668,0,0,0,1,0,0
904,0.0,0.0,0.0,0,0,0,0,0,0
904,254.3270263671875,81.14444732666016,-138.77618408203125,0,0,1,0,0,0
904,42.02161407470703,38.18266296386719,-2.619753837585449,0,0,0,1,0,0
904,18.440763473510742,34.98701858520508,5.111412525177002,0,0,0,1,0,0
904,22.73335838317871,57.626869201660156,-9.44820785522461,1,0,0,0,0,0
905,0.0,0.0,0.0,0,0,1,0,0,0
905,-106.97312927246094,-39.904212951660156,110.54985046386719,0,1,0,0,0,0
905,-174.85023498535156,-46.457763671875,126.37185668945312,0,0,1,0,0,0
905,-51.90589904785156,74.9941635131836,1.904052734375,0,0,1,0,0,0
905,-191.4687042236328,-108.262451171875,190.31854248046875,0,0,1,0,0,0
906,0.0,0.0,0.0,1,0,0,0,0,0
906,7.688080310821533,-1.6883736848831177,3.263400077819824,0,1,0,0,0,0
906,-13.026424407958984,-1.5439826250076294,4.044843673706055,1,0,0,0,0,0
906,-8.369651794433594,15.637940406799316,1.5140914916992188,0,0,0,1,0,0
906,14.370392799377441,0.3960447311401367,9.86939811706543,0,0,0,0,0,0
907,0.0,0.0,0.0,0,1,0,0,0,0
907,370.71429443359375,-184.74281311035156,-376.6571044921875,0,0,0,0,0,0
907,57.71649169921875,-35.695343017578125,-153.5257568359375,0,0,0,1,0,0
907,-86.6330337524414,-11.66163158416748,55.25810241699219,1,0,0,0,0,0
907,-48.481353759765625,30.165159225463867,43.321815490722656,0,0,0,1,0,0
908,0.0,0.0,0.0,0,1,0,0,0,0
908,40.07261657714844,37.38174057006836,-11.931785583496094,1,0,0,0,0,0
908,-15.872482299804688,-21.06018829345703,44.589454650878906,0,0,0,1,0,0
908,23.798660278320312,15.0509033203125,0.35248565673828125,1,0,0,0,0,0
908,45.02211380004883,66.74038696289062,-55.915130615234375,0,0,0,1,0,0
909,0.0,0.0,0.0,0,0,0,0,0,0
909,32.07447814941406,-6.174886703491211,-26.610069274902344,0,0,1,0,0,0
909,125.12490844726562,-47.07443618774414,-84.78645324707031,0,0,0,0,0,0
909,33.80857849121094,-46.55040740966797,-13.315010070800781,0,0,0,0,0,0
909,-25.271957397460938,-2.0435619354248047,19.13479232788086,0,0,0,0,0,0
910,0.0,0.0,0.0,1,0,0,0,0,0
910,-1.1810224056243896,0.2524137496948242,6.551881790161133,0,0,0,1,0,0
910,4.355589866638184,0.8150074481964111,6.093904972076416,1,0,0,0,0,0
910,9.314231872558594,1.4776172637939453,3.667440414428711,0,0,1,0,0,0
910,15.60185718536377,-0.8861863613128662,-7.897449493408203,0,1,0,0,0,0
911,0.0,0.0,0.0,0,0,1,0,0,0
911,-30.20989990234375,101.355224609375,-96.79156494140625,0,0,0,1,0,0
911,-80.41827392578125,40.1514892578125,-86.5418701171875,0,0,0,0,0,0
911,-163.984375,61.72705078125,15.44287109375,0,0,0,0,0,0
911,-528.8265991210938,568.193603515625,-526.4773559570312,0,1,0,0,0,0
912,0.0,0.0,0.0,0,1,0,0,0,0
912,0.7466214895248413,-3.645596742630005,3.281639814376831,1,0,0,0,0,0
912,4.064932823181152,-9.58813190460205,-2.418426275253296,0,0,1,0,0,0
912,4.059552192687988,0.8713836669921875,-0.23066020011901855,1,0,0,0,0,0
912,19.846437454223633,-13.104350090026855,6.325055122375488,0,0,0,1,0,0
913,0.0,0.0,0.0,0,0,0,1,0,0
913,335.2523193359375,-192.80191040039062,-321.90765380859375,0,1,0,0,0,0
913,190.65853881835938,-138.10345458984375,-204.61801147460938,1,0,0,0,0,0
913,197.3787078857422,-73.2264404296875,-232.8374481201172,1,0,0,0,0,0
913,201.9364013671875,-51.82264709472656,-190.10507202148438,0,0,0,1,0,0
914,0.0,0.0,0.0,0,0,0,1,0,0
914,6.169491291046143,3.5316970348358154,3.3301451206207275,0,1,0,0,0,0
914,-17.06389617919922,1.1787699460983276,-7.831352233886719,1,0,0,0,0,0
914,-102.41068267822266,65.27326202392578,-72.84091186523438,0,0,0,1,0,0
914,-4.037470817565918,2.722752571105957,-11.876195907592773,1,0,0,0,0,0
915,0.0,0.0,0.0,0,0,1,0,0,0
915,8.854536056518555,0.9782257080078125,3.5306577682495117,0,0,0,0,0,0
915,-5.504463195800781,-3.348987579345703,2.9591293334960938,0,0,1,0,0,0
915,4.076793670654297,-5.916346549987793,12.311513900756836,0,0,1,0,0,0
915,37.861202239990234,17.27442169189453,-42.79956817626953,0,1,0,0,0,0
916,0.0,0.0,0.0,1,0,0,0,0,0
916,-18.391321182250977,-21.783754348754883,30.48540687561035,0,0,1,0,0,0
916,-63.406829833984375,-6.541635036468506,64.72392272949219,0,0,1,0,0,0
916,-3.071931838989258,10.890560150146484,16.61920738220215,1,0,0,0,0,0
916,18.53886604309082,-9.377117156982422,-15.993769645690918,0,1,0,0,0,0
917,0.0,0.0,0.0,0,0,0,0,0,0
917,-0.7372245788574219,7.298337936401367,-18.402236938476562,0,0,0,0,0,0
917,-50.841182708740234,-126.63790893554688,145.80081176757812,0,1,0,0,0,0
917,-34.72872543334961,-48.28330993652344,20.695411682128906,1,0,0,0,0,0
917,-58.04848861694336,-154.00738525390625,183.25213623046875,0,0,1,0,0,0
918,0.0,0.0,0.0,1,0,0,0,0,0
918,-4.042405128479004,150.5308837890625,-103.42951965332031,0,1,0,0,0,0
918,10.267024993896484,299.4272155761719,-179.7279815673828,0,1,0,0,0,0
918,-46.470848083496094,111.02554321289062,-125.38542175292969,0,1,0,0,0,0
918,-180.37054443359375,170.64187622070312,-258.745849609375,0,1,0,0,0,0
919,0.0,0.0,0.0,1,0,0,0,0,0
919,15.786885261535645,-13.975733757019043,6.555715560913086,0,0,0,1,0,0
919,-3.3129305839538574,-4.516980171203613,3.5123000144958496,1,0,0,0,0,0
919,33.89309310913086,24.55036163330078,35.47462844848633,0,0,1,0,0,0
919,15.89003849029541,1.3409241437911987,-9.900578498840332,0,0,1,0,0,0
920,0.0,0.0,0.0,0,1,0,0,0,0
920,12.665788650512695,5.897319793701172,13.03885269165039,0,0,0,1,0,0
920,3.406057357788086,11.14600944519043,19.468149185180664,0,0,1,0,0,0
920,-12.348113059997559,1.9286034107208252,2.2827816009521484,0,0,0,0,0,0
920,25.9609317779541,-10.10803508758545,21.62545394897461,0,1,0,0,0,0
921,0.0,0.0,0.0,1,0,0,0,0,0
921,65.97449493408203,-93.03254699707031,-62.87294006347656,0,1,0,0,0,0
921,-24.090530395507812,-22.235992431640625,4.6554107666015625,1,0,0,0,0,0
921,-19.5328369140625,-0.8321990966796875,47.387786865234375,0,0,0,1,0,0
921,-331.7755126953125,320.0901184082031,247.553466796875,1,0,0,0,0,0
922,0.0,0.0,0.0,0,0,0,0,0,0
922,-55.58769989013672,-96.83479309082031,-115.463134765625,0,0,1,0,0,0
922,-34.08674240112305,-68.52169799804688,-88.75592041015625,0,1,0,0,0,0
922,-31.548763275146484,191.4443359375,133.78611755371094,0,1,0,0,0,0
922,56.67852783203125,41.08628845214844,7.7465972900390625,0,0,0,0,0,0
923,0.0,0.0,0.0,0,0,0,1,0,0
923,105.7255859375,35.24317932128906,-6.891937255859375,0,0,0,0,0,0
923,-114.90015411376953,111.77594757080078,306.6466369628906,1,0,0,0,0,0
923,-102.73277282714844,117.18655395507812,300.544677734375,0,1,0,0,0,0
923,-115.2602310180664,107.98067474365234,300.97674560546875,0,0,0,0,0,0
924,0.0,0.0,0.0,1,0,0,0,0,0
924,-5.920722961425781,117.52276611328125,238.490966796875,0,0,0,0,0,0
924,16.21009063720703,-115.03591918945312,-132.9124755859375,0,0,0,0,0,0
924,24.643163681030273,-97.00753021240234,-101.55856323242188,0,0,0,1,0,0
924,92.02558898925781,173.54757690429688,98.099609375,0,1,0,0,0,0
925,0.0,0.0,0.0,0,1,0,0,0,0
925,-20.128768920898438,-10.656578063964844,-6.50616455078125,0,0,1,0,0,0
925,31.390594482421875,73.37297821044922,49.58360290527344,0,0,0,0,0,0
925,-40.68025207519531,-61.538124084472656,-48.366424560546875,0,0,0,0,0,0
925,-59.531944274902344,-13.917854309082031,17.003463745117188,0,0,0,0,0,0
926,0.0,0.0,0.0,0,1,0,0,0,0
926,-130.6963653564453,102.4246826171875,-90.96810913085938,0,0,1,0,0,0
926,-83.29816436767578,35.93091583251953,-49.80659103393555,0,0,0,1,0,0
926,-1173.2059326171875,1160.290283203125,-1010.2767944335938,0,0,1,0,0,0
926,5.105762481689453,-11.794587135314941,16.15723991394043,0,1,0,0,0,0
927,0.0,0.0,0.0,0,1,0,0,0,0
927,59.817108154296875,71.61802673339844,6.806159019470215,0,0,0,0,0,0
927,-22.88932228088379,-12.15636157989502,-4.246517658233643,0,1,0,0,0,0
927,-9.9842529296875,-1.7331600189208984,14.145045280456543,0,0,0,0,0,0
927,409.8598327636719,396.133056640625,198.74563598632812,0,1,0,0,0,0
928,0.0,0.0,0.0,0,0,0,0,0,0
928,-20.811691284179688,-4.423771381378174,12.673019409179688,0,1,0,0,0,0
928,28.847396850585938,-6.984870910644531,96.57185363769531,0,1,0,0,0,0
928,36.63163757324219,48.771522521972656,61.77525329589844,1,0,0,0,0,0
928,-32.62202453613281,-4.762788772583008,-53.52742385864258,0,0,0,1,0,0
929,0.0,0.0,0.0,0,0,0,1,0,0
929,16.664934158325195,-63.405128479003906,-63.36884689331055,0,0,1,0,0,0
929,122.97793579101562,-114.1141586303711,-114.09780883789062,0,1,0,0,0,0
929,15.329832077026367,-0.4493999481201172,-31.89608383178711,0,0,0,1,0,0
929,-7.329028129577637,2.6440887451171875,-19.353858947753906,0,0,0,1,0,0
930,0.0,0.0,0.0,0,0,0,1,0,0
930,-17.192867279052734,14.098773002624512,-5.556280136108398,0,1,0,0,0,0
930,-22.298629760742188,25.893360137939453,-21.713520050048828,0,1,0,0,0,0
930,-152.9949951171875,128.3180389404297,-112.68163299560547,0,0,1,0,0,0
930,-1195.5045166015625,1186.18359375,-1031.9903564453125,0,0,1,0,0,0
931,0.0,0.0,0.0,0,0,0,0,0,0
931,-9.653636932373047,4.3292694091796875,-5.066093444824219,1,0,0,0,0,0
931,38.50126647949219,213.37118530273438,173.1998748779297,0,1,0,0,0,0
931,-59.44504928588867,157.34637451171875,313.59124755859375,0,0,0,0,0,0
931,-28.193082809448242,13.511825561523438,28.391387939453125,0,0,1,0,0,0
932,0.0,0.0,0.0,0,0,0,1,0,0
932,15.692352294921875,19.80078125,12.8392333984375,1,0,0,0,0,0
932,165.5537109375,146.06178283691406,105.86717224121094,0,0,0,1,0,0
932,-544.4174194335938,-633.7496337890625,-229.8477783203125,0,0,0,0,0,0
932,1.729339599609375,-74.40296936035156,28.770172119140625,0,0,1,0,0,0
933,0.0,0.0,0.0,1,0,0,0,0,0
933,-60.33489990234375,-17.432193756103516,48.10471725463867,0,0,1,0,0,0
933,29.21076202392578,-2.766322135925293,-34.567440032958984,0,0,0,1,0,0
933,3.071931838989258,-10.890560150146484,-16.61920738220215,1,0,0,0,0,0
933,-15.319389343261719,-32.674312591552734,13.866199493408203,0,0,1,0,0,0
934,0.0,0.0,0.0,0,1,0,0,0,0
934,31.802099227905273,-36.24833297729492,-44.18235397338867,1,0,0,0,0,0
934,175.2418975830078,-164.6041717529297,-233.86460876464844,0,0,0,0,0,0
934,6217.3173828125,-5864.28271484375,-6930.89306640625,0,0,0,1,0,0
934,871.6672973632812,-874.0468139648438,-896.0545654296875,0,0,0,1,0,0
935,0.0,0.0,0.0,0,0,0,1,0,0
935,12.32305908203125,83.15848541259766,72.51907348632812,0,1,0,0,0,0
935,-2.1995468139648438,15.225074768066406,8.09814453125,0,0,0,1,0,0
935,-14.227333068847656,-37.15259552001953,-43.233009338378906,0,0,0,0,0,0
935,212.70858764648438,174.141357421875,214.90582275390625,0,0,0,1,0,0
936,0.0,0.0,0.0,0,1,0,0,0,0
936,46.45176696777344,58.154197692871094,-0.72991943359375,0,0,1,0,0,0
936,26.5743408203125,70.08062744140625,90.13023376464844,0,0,0,0,0,0
936,226.59507751464844,68.85496520996094,265.06768798828125,0,0,0,0,0,0
936,250.20001220703125,102.39155578613281,293.9396057128906,0,0,1,0,0,0
937,0.0,0.0,0.0,0,1,0,0,0,0
937,-34.601192474365234,-52.759376525878906,55.847476959228516,1,0,0,0,0,0
937,7.7198100090026855,7.572025775909424,-7.131086349487305,0,1,0,0,0,0
937,-36.9301872253418,-12.406636238098145,46.47917556762695,0,0,1,0,0,0
937,-44.5966911315918,-131.83238220214844,133.5089569091797,0,0,0,0,0,0
938,0.0,0.0,0.0,0,1,0,0,0,0
938,-144.59378051757812,54.698463439941406,117.2896499633789,1,0,0,0,0,0
938,-335.2523193359375,192.80191040039062,321.90765380859375,0,0,0,1,0,0
938,-306.8778381347656,35.646087646484375,207.79177856445312,0,0,0,0,0,0
938,-2143.904541015625,904.8723754882812,1865.68115234375,0,1,0,0,0,0
939,0.0,0.0,0.0,0,0,0,0,0,0
939,-37.16532516479492,63.01985549926758,-61.6495361328125,0,0,0,0,0,0
939,-1196.6790771484375,1175.6046142578125,-1030.7569580078125,0,0,1,0,0,0
939,-56.23313903808594,59.96638870239258,-63.57032012939453,0,1,0,0,0,0
939,-243.22972106933594,326.5882263183594,-337.0340270996094,0,1,0,0,0,0
940,0.0,0.0,0.0,0,1,0,0,0,0
940,106.97312927246094,39.904212951660156,-110.54985046386719,0,0,1,0,0,0
940,-123.97105407714844,-60.861812591552734,122.31185913085938,1,0,0,0,0,0
940,55.067230224609375,114.89837646484375,-108.64579772949219,0,0,1,0,0,0
940,-67.87710571289062,-6.553550720214844,15.822006225585938,0,0,1,0,0,0
941,0.0,0.0,0.0,0,0,0,0,0,0
941,4.517372131347656,3.3565216064453125,-16.72317123413086,0,1,0,0,0,0
941,50.36116027832031,22.609413146972656,89.42800903320312,1,0,0,0,0,0
941,40.68025207519531,61.538124084472656,48.366424560546875,0,1,0,0,0,0
941,20.551483154296875,50.88154602050781,41.860260009765625,0,0,1,0,0,0
942,0.0,0.0,0.0,1,0,0,0,0,0
942,412.1328125,359.412109375,176.50962829589844,0,1,0,0,0,0
942,-22.762332916259766,-37.14126205444336,-25.044540405273438,0,0,0,0,0,0
942,1.1544761657714844,-21.94183349609375,4.596614837646484,1,0,0,0,0,0
942,178.09776306152344,156.3185577392578,162.8792266845703,0,0,0,0,0,0
943,0.0,0.0,0.0,0,1,0,0,0,0
943,6.682312965393066,2.084418296813965,6.6059980392456055,0,0,0,0,0,0
943,-7.688080310821533,1.6883736848831177,-3.263400077819824,1,0,0,0,0,0
943,7.34906005859375,6.489358425140381,4.268463134765625,0,0,1,0,0,0
943,9.151851654052734,3.189023494720459,7.117137908935547,0,0,0,1,0,0
944,0.0,0.0,0.0,0,0,0,1,0,0
944,204.92828369140625,-19.506072998046875,-232.37802124023438,0,0,0,0,0,0
944,-111.585693359375,106.25016784667969,157.9908905029297,0,0,0,0,0,0
944,-163.25057983398438,28.835678100585938,133.99765014648438,0,1,0,0,0,0
944,-268.6098327636719,151.61102294921875,242.96836853027344,0,0,1,0,0,0
945,0.0,0.0,0.0,1,0,0,0,0,0
945,4.3573150634765625,-2.9571533203125,3.605377197265625,0,0,0,1,0,0
945,-46.076576232910156,55.038818359375,6.833339691162109,1,0,0,0,0,0
945,-126.31864166259766,115.51763916015625,-32.052085876464844,0,0,1,0,0,0
945,-740.583984375,1081.8121337890625,159.1217803955078,0,0,0,0,0,0
946,0.0,0.0,0.0,0,0,0,0,0,0
946,226.0484161376953,-252.13253784179688,-194.45693969726562,1,0,0,0,0,0
946,663.32763671875,-625.9324951171875,-658.4586181640625,0,0,0,1,0,0
946,-176.53756713867188,211.86593627929688,193.41360473632812,1,0,0,0,0,0
946,6008.97802734375,-5616.16845703125,-6693.29736328125,0,0,0,1,0,0
947,0.0,0.0,0.0,0,1,0,0,0,0
947,-15.725875854492188,12.568782806396484,-17.223388671875,0,1,0,0,0,0
947,-12.06097412109375,-10.479202270507812,-77.09056091308594,0,1,0,0,0,0
947,502.8069763183594,390.4955749511719,767.7940673828125,1,0,0,0,0,0
947,3.6693267822265625,226.09426879882812,274.99066162109375,0,0,0,0,0,0
948,0.0,0.0,0.0,0,0,1,0,0,0
948,-41.5947151184082,-36.607994079589844,5.876127243041992,1,0,0,0,0,0
948,-29.119792938232422,-63.70171356201172,22.712078094482422,0,1,0,0,0,0
948,-71.00994110107422,-87.15437316894531,101.21640014648438,0,0,0,1,0,0
948,-55.1374626159668,-66.09418487548828,56.6269416809082,0,1,0,0,0,0
949,0.0,0.0,0.0,0,0,1,0,0,0
949,-4.547979354858398,-7.61224365234375,14.032258987426758,1,0,0,0,0,0
949,-58.02363967895508,-138.41539001464844,137.10069274902344,0,0,0,0,0,0
949,-8.027328491210938,-13.042988777160645,17.711772918701172,0,0,0,0,0,0
949,-60.77144241333008,-177.81466674804688,129.65916442871094,1,0,0,0,0,0
950,0.0,0.0,0.0,1,0,0,0,0,0
950,-3.9516143798828125,-14.874073028564453,10.657905578613281,0,1,0,0,0,0
950,-7.4242706298828125,12.50460433959961,-24.62468719482422,0,0,0,1,0,0
950,-17.095748901367188,-17.412357330322266,-14.76717758178711,0,0,0,0,0,0
950,-87.2403564453125,-38.12590408325195,33.81822204589844,0,0,0,0,0,0
951,0.0,0.0,0.0,0,1,0,0,0,0
951,55.08091735839844,0.37666717171669006,-49.69976043701172,0,0,1,0,0,0
951,4.204290390014648,-8.839449882507324,-9.097635269165039,0,1,0,0,0,0
951,139.5764923095703,68.73490905761719,-129.46844482421875,0,1,0,0,0,0
951,252.66452026367188,5.4212751388549805,-482.06097412109375,0,1,0,0,0,0
952,0.0,0.0,0.0,0,1,0,0,0,0
952,3.5437793731689453,7.744783401489258,-0.20758056640625,0,0,0,1,0,0
952,15.248161315917969,-7.827134132385254,2.795196533203125,0,1,0,0,0,0
952,30.432842254638672,20.3049259185791,76.67753601074219,0,1,0,0,0,0
952,533.2398071289062,410.8005065917969,844.4716186523438,1,0,0,0,0,0
953,0.0,0.0,0.0,0,1,0,0,0,0
953,261.1062316894531,241.18338012695312,160.23837280273438,0,0,0,1,0,0
953,-257.83111572265625,-246.3882293701172,-21.198253631591797,0,0,0,1,0,0
953,-85.44329833984375,-76.68223571777344,72.28479766845703,1,0,0,0,0,0
953,317.4857482910156,172.51193237304688,180.24513244628906,0,0,1,0,0,0
954,0.0,0.0,0.0,1,0,0,0,0,0
954,200.73094177246094,-212.744384765625,-7.7621917724609375,0,0,1,0,0,0
954,44.19483947753906,-42.091243743896484,-30.557538986206055,0,0,0,1,0,0
954,59.14790344238281,-112.62120056152344,32.44154739379883,0,1,0,0,0,0
954,871.4417724609375,-723.9492797851562,-55.921539306640625,0,0,0,0,0,0
955,0.0,0.0,0.0,0,0,0,0,0,0
955,-153.2432098388672,-184.55416870117188,85.01026916503906,1,0,0,0,0,0
955,-70.59852600097656,-117.08155059814453,12.126731872558594,0,0,0,0,0,0
955,198.16551208496094,345.5996398925781,-225.8677978515625,0,1,0,0,0,0
955,-9.229568481445312,-57.83734130859375,82.73120880126953,0,1,0,0,0,0
956,0.0,0.0,0.0,0,0,1,0,0,0
956,190.89468383789062,-106.17138671875,-25.622806549072266,1,0,0,0,0,0
956,310.7756652832031,-235.8737335205078,-70.1845703125,0,0,0,1,0,0
956,292.0413513183594,-322.1764221191406,-31.846759796142578,1,0,0,0,0,0
956,18.716049194335938,5.960268020629883,-30.77630615234375,0,0,1,0,0,0
957,0.0,0.0,0.0,0,0,0,1,0,0
957,-10.579621315002441,9.85462760925293,15.716669082641602,0,0,0,0,0,0
957,270.898681640625,-142.5004425048828,-216.19937133789062,0,0,0,1,0,0
957,162.8291778564453,-12.959047317504883,-225.446044921875,0,0,0,1,0,0
957,18.47964859008789,11.074665069580078,-16.662193298339844,1,0,0,0,0,0
958,0.0,0.0,0.0,0,1,0,0,0,0
958,-4.517372131347656,-3.3565216064453125,16.72317123413086,0,0,0,0,0,0
958,36.162879943847656,58.181602478027344,65.089599609375,0,1,0,0,0,0
958,568.113525390625,460.38409423828125,146.3980255126953,0,0,1,0,0,0
958,19.64263916015625,55.23222351074219,10.529850006103516,1,0,0,0,0,0
959,0.0,0.0,0.0,0,0,1,0,0,0
959,21.593015670776367,5.4121270179748535,15.777297973632812,0,0,1,0,0,0
959,1.2597938776016235,56.854515075683594,34.17518997192383,0,0,0,1,0,0
959,-3.508303642272949,13.508790016174316,0.7780139446258545,0,1,0,0,0,0
959,-20.839839935302734,71.35972595214844,44.36867904663086,0,0,0,0,0,0
960,0.0,0.0,0.0,0,0,1,0,0,0
960,7.207305908203125,27.369476318359375,-37.45133972167969,0,1,0,0,0,0
960,58.04848861694336,154.00738525390625,-183.25213623046875,0,0,0,0,0,0
960,39.593719482421875,128.05491638183594,-174.84100341796875,1,0,0,0,0,0
960,60.8975944519043,-46.64556884765625,-78.70216369628906,0,0,1,0,0,0
961,0.0,0.0,0.0,0,1,0,0,0,0
961,-135.8021240234375,114.21926879882812,-107.12535095214844,0,0,1,0,0,0
961,-5.105762481689453,11.794587135314941,-16.15723991394043,0,1,0,0,0,0
961,-1178.3116455078125,1172.0848388671875,-1026.43408203125,0,0,1,0,0,0
961,-224.86233520507812,323.06842041015625,-332.7110900878906,0,1,0,0,0,0
962,0.0,0.0,0.0,0,0,0,0,0,0
962,-6.243778228759766,-4.004860877990723,11.16440200805664,0,1,0,0,0,0
962,-41.98060989379883,10.247465133666992,10.682369232177734,0,0,1,0,0,0
962,-65.26583862304688,-7.044258117675781,64.63015747070312,0,0,1,0,0,0
962,-55.529781341552734,11.855042457580566,13.241252899169922,0,0,0,0,0,0
963,0.0,0.0,0.0,0,1,0,0,0,0
963,-7.087166786193848,-2.6119582653045654,0.4960651397705078,0,0,1,0,0,0
963,26.897432327270508,5.331279754638672,33.83818817138672,0,1,0,0,0,0
963,11.649271011352539,13.158413887023926,31.042991638183594,0,1,0,0,0,0
963,105.42221069335938,-3.392303705215454,156.40914916992188,0,1,0,0,0,0
964,0.0,0.0,0.0,0,1,0,0,0,0
964,-208.52923583984375,-3.350888729095459,445.6793212890625,0,1,0,0,0,0
964,-254.3755340576172,-5.134075164794922,440.56536865234375,0,0,0,0,0,0
964,-250.7113800048828,-14.89262866973877,462.2355651855469,0,0,0,0,0,0
964,-183.50042724609375,28.15420150756836,417.92041015625,0,0,0,1,0,0
965,0.0,0.0,0.0,0,0,0,1,0,0
965,-34.18535614013672,120.12462615966797,-169.33145141601562,0,1,0,0,0,0
965,-1128.31298828125,1963.0203857421875,-2072.644287109375,0,0,1,0,0,0
965,-345.7521057128906,372.658203125,-371.9201965332031,0,1,0,0,0,0
965,68.9822006225586,-95.05961608886719,138.06655883789062,0,0,0,1,0,0
966,0.0,0.0,0.0,0,0,0,1,0,0
966,296.37689208984375,-326.1827392578125,-318.5295715332031,0,0,1,0,0,0
966,164.7348175048828,-171.58399963378906,-173.24658203125,0,0,0,1,0,0
966,215.0740203857422,-245.87181091308594,-246.63864135742188,0,0,0,0,0,0
966,441.1224365234375,-498.00433349609375,-441.0955810546875,1,0,0,0,0,0
967,0.0,0.0,0.0,0,0,1,0,0,0
967,670.7108154296875,-511.20489501953125,-48.15934753417969,0,0,0,0,0,0
967,676.7426147460938,-448.21209716796875,-96.12527465820312,0,1,0,0,0,0
967,-193.6311492919922,206.16151428222656,5.826807975769043,1,0,0,0,0,0
967,-141.58303833007812,100.12318420410156,40.203739166259766,0,1,0,0,0,0
968,0.0,0.0,0.0,0,0,1,0,0,0
968,44.24382019042969,-6.122800827026367,-43.73969268798828,0,0,1,0,0,0
968,28.99755096435547,-47.7723274230957,-51.733306884765625,0,0,0,0,0,0
968,222.10772705078125,-77.24945831298828,-312.85296630859375,0,0,0,0,0,0
968,28.776748657226562,1.992417335510254,-19.20658302307129,0,0,1,0,0,0
969,0.0,0.0,0.0,0,1,0,0,0,0
969,-12.32305908203125,-83.15848541259766,-72.51907348632812,0,0,0,1,0,0
969,-14.522605895996094,-67.93341064453125,-64.42092895507812,0,0,0,1,0,0
969,-59.11966323852539,-101.82624816894531,-74.46304321289062,1,0,0,0,0,0
969,-49.84539794921875,-70.15902709960938,-98.83030700683594,1,0,0,0,0,0
970,0.0,0.0,0.0,0,1,0,0,0,0
970,-27.552671432495117,-15.314769744873047,39.8484001159668,0,0,0,1,0,0
970,-27.981298446655273,-23.689735412597656,49.37474822998047,0,0,1,0,0,0
970,94.61689758300781,111.23954772949219,-111.5719985961914,0,0,0,0,0,0
970,-29.00666618347168,-16.29619598388672,46.330223083496094,0,0,0,0,0,0
971,0.0,0.0,0.0,1,0,0,0,0,0
971,-53.43474578857422,-87.65078735351562,-17.05394744873047,1,0,0,0,0,0
971,117.94859313964844,84.25885009765625,130.8424530029297,0,0,0,0,0,0
971,-48.069114685058594,-93.7717514038086,-41.910728454589844,0,0,0,0,0,0
971,-84.34953308105469,-107.25690460205078,-55.69475555419922,0,1,0,0,0,0
972,0.0,0.0,0.0,1,0,0,0,0,0
972,-244.1287841796875,-575.4326171875,-673.4259643554688,1,0,0,0,0,0
972,12.652923583984375,-133.18167114257812,-97.67729187011719,0,0,0,0,0,0
972,17.720306396484375,-234.312744140625,-39.19877624511719,1,0,0,0,0,0
972,-172.17138671875,3.207275390625,-217.8804168701172,0,0,0,0,0,0
973,0.0,0.0,0.0,0,0,0,1,0,0
973,-45.02211380004883,-66.74038696289062,55.915130615234375,0,1,0,0,0,0
973,13.377738952636719,1.0698976516723633,0.42014026641845703,0,1,0,0,0,0
973,-31.479366302490234,-37.25419235229492,5.164318084716797,1,0,0,0,0,0
973,-5.161127090454102,10.447015762329102,16.413909912109375,1,0,0,0,0,0
974,0.0,0.0,0.0,0,0,0,0,0,0
974,22.762332916259766,37.14126205444336,25.044540405273438,1,0,0,0,0,0
974,3.513735771179199,3.0552940368652344,-1.0441596508026123,1,0,0,0,0,0
974,-1.4380316734313965,1.9440650939941406,1.38656485080719,0,1,0,0,0,0
974,84.85242462158203,72.03831481933594,9.614689826965332,0,0,0,0,0,0
975,0.0,0.0,0.0,0,0,0,1,0,0
975,257.83111572265625,246.3882293701172,21.198253631591797,0,1,0,0,0,0
975,297.7137756347656,484.202392578125,-298.31298828125,0,1,0,0,0,0
975,-3.5821380615234375,9.884429931640625,-30.827064514160156,0,0,0,0,0,0
975,99.54827117919922,138.60276794433594,-72.44518280029297,0,0,0,0,0,0
976,0.0,0.0,0.0,0,0,0,1,0,0
976,-3.5437793731689453,-7.744783401489258,0.20758056640625,0,1,0,0,0,0
976,63.0445556640625,102.6762924194336,91.55256652832031,0,0,0,0,0,0
976,28.800546646118164,56.47174835205078,66.71902465820312,0,0,0,0,0,0
976,11.704381942749023,-15.571917533874512,3.002777099609375,0,1,0,0,0,0
977,0.0,0.0,0.0,0,0,0,0,0,0
977,-0.33848196268081665,5.008828163146973,1.0784153938293457,1,0,0,0,0,0
977,-59.114585876464844,-175.6781768798828,135.60870361328125,1,0,0,0,0,0
977,-48.35313415527344,-51.107513427734375,2.998020648956299,0,1,0,0,0,0
977,6.145115375518799,-2.4399795532226562,-1.2768144607543945,0,0,1,0,0,0
978,0.0,0.0,0.0,0,1,0,0,0,0
978,-19.717960357666016,0.07474613189697266,-9.382564544677734,1,0,0,0,0,0
978,113.3327407836914,98.49040222167969,33.472129821777344,1,0,0,0,0,0
978,-13.295143127441406,16.005355834960938,-8.586601257324219,0,0,0,1,0,0
978,9.260948181152344,30.06507110595703,6.555063247680664,0,0,1,0,0,0
979,0.0,0.0,0.0,0,0,1,0,0,0
979,-127.56350708007812,84.03772735595703,-37.10981750488281,0,0,0,1,0,0
979,-292.5525817871094,284.4534606933594,-126.77835083007812,0,1,0,0,0,0
979,-427.6190185546875,245.56680297851562,-157.02099609375,0,1,0,0,0,0
979,-299.9911804199219,300.3557434082031,-80.12858581542969,0,1,0,0,0,0
980,0.0,0.0,0.0,0,0,1,0,0,0
980,18.391321182250977,21.783754348754883,-30.48540687561035,1,0,0,0,0,0
980,-7.66650390625,-119.42573547363281,87.02978515625,0,0,0,0,0,0
980,42.32980728149414,5.946666717529297,-32.35913848876953,0,0,0,0,0,0
980,45.80915832519531,11.377411842346191,-36.03865432739258,1,0,0,0,0,0
981,0.0,0.0,0.0,1,0,0,0,0,0
981,211.99183654785156,-105.36967468261719,354.58001708984375,0,1,0,0,0,0
981,-122.04905700683594,10.598873138427734,-134.3814239501953,1,0,0,0,0,0
981,-77.10978698730469,14.339439392089844,-101.0919189453125,1,0,0,0,0,0
981,-172.02700805664062,42.50211715698242,-183.6949462890625,0,1,0,0,0,0
982,0.0,0.0,0.0,0,0,1,0,0,0
982,-4.076793670654297,5.916346549987793,-12.311513900756836,0,0,1,0,0,0
982,-42.11069107055664,70.5012435913086,-65.31607818603516,0,0,0,0,0,0
982,-70.73330688476562,98.92268371582031,-47.038516998291016,0,0,1,0,0,0
982,-4.945364952087402,7.481387138366699,-3.666539430618286,0,0,0,0,0,0
983,0.0,0.0,0.0,0,0,0,0,0,0
983,0.5628509521484375,4.43586540222168,-1.4866180419921875,0,1,0,0,0,0
983,27.265892028808594,-51.31944274902344,39.96788787841797,1,0,0,0,0,0
983,-9.613517761230469,-6.179563522338867,-22.283151626586914,1,0,0,0,0,0
983,-17.295269012451172,1.7126874923706055,-17.414283752441406,0,0,0,1,0,0
984,0.0,0.0,0.0,0,0,0,1,0,0
984,102.13542938232422,-56.15934753417969,64.6009292602539,0,0,1,0,0,0
984,40.983375549316406,40.19597625732422,26.914794921875,0,0,1,0,0,0
984,83.29816436767578,-35.93091583251953,49.80659103393555,0,1,0,0,0,0
984,85.34678649902344,-64.09449768066406,65.00955963134766,1,0,0,0,0,0
985,0.0,0.0,0.0,0,0,1,0,0,0
985,6.405418395996094,-9.709579467773438,15.066383361816406,0,0,0,1,0,0
985,374.2679748535156,-436.8891906738281,-402.3155517578125,1,0,0,0,0,0
985,106.52930450439453,-82.5894775390625,-67.2809829711914,0,0,1,0,0,0
985,811.5472412109375,-810.689208984375,-866.3172607421875,0,0,0,1,0,0
986,0.0,0.0,0.0,1,0,0,0,0,0
986,-11.245226860046387,-21.153797149658203,4.805535316467285,1,0,0,0,0,0
986,11.21163272857666,1.5078635215759277,-5.979856014251709,0,0,0,1,0,0
986,-6.205924034118652,12.257247924804688,4.198001384735107,0,1,0,0,0,0
986,-2.849954605102539,-1.4595240354537964,1.883969783782959,0,0,0,1,0,0
987,0.0,0.0,0.0,1,0,0,0,0,0
987,311.5595703125,307.5920104980469,-0.44070887565612793,0,1,0,0,0,0
987,572.6658325195312,548.775390625,159.79766845703125,0,0,0,1,0,0
987,629.0453491210938,480.10394287109375,179.80442810058594,0,0,1,0,0,0
987,155.80064392089844,162.3383331298828,118.69965362548828,1,0,0,0,0,0
988,0.0,0.0,0.0,0,1,0,0,0,0
988,25.028804779052734,31.505088806152344,-27.758922576904297,0,0,0,1,0,0
988,10.945625305175781,-1.6937191486358643,-13.318126678466797,0,0,1,0,0,0
988,73.51016235351562,1.3399293422698975,-71.08073425292969,0,1,0,0,0,0
988,208.52923583984375,3.350888729095459,-445.6793212890625,0,1,0,0,0,0
989,0.0,0.0,0.0,1,0,0,0,0,0
989,-0.3600773811340332,-3.7952687740325928,-5.669904708862305,0,0,0,0,0,0
989,114.90015411376953,-111.77594757080078,-306.6466369628906,0,0,0,1,0,0
989,3.690345287322998,-8.948223114013672,-3.018644332885742,1,0,0,0,0,0
989,220.62574768066406,-76.53276824951172,-313.53857421875,0,0,0,0,0,0
990,0.0,0.0,0.0,0,0,1,0,0,0
990,9.591793060302734,16.987804412841797,-4.829117298126221,1,0,0,0,0,0
990,325.09869384765625,278.42626953125,-252.4507598876953,0,1,0,0,0,0
990,53.84754943847656,66.59159851074219,-15.506933212280273,0,0,0,1,0,0
990,311.6786804199219,312.9798278808594,5.691321849822998,0,1,0,0,0,0
991,0.0,0.0,0.0,0,0,0,0,0,0
991,12.82452392578125,-9.817159652709961,5.2640061378479,0,0,1,0,0,0
991,25.271957397460938,2.0435619354248047,-19.13479232788086,0,0,0,0,0,0
991,59.080535888671875,-44.50684356689453,-32.44980239868164,0,0,0,0,0,0
991,882.5596313476562,-690.2265014648438,-107.26920318603516,0,1,0,0,0,0
992,0.0,0.0,0.0,0,0,0,0,0,0
992,5.0673828125,-101.13107299804688,58.478515625,1,0,0,0,0,0
992,-256.7817077636719,-442.2509460449219,-575.7486572265625,1,0,0,0,0,0
992,86.77162170410156,268.42266845703125,241.34066772460938,0,1,0,0,0,0
992,102.68115997314453,267.108642578125,274.73388671875,0,0,1,0,0,0
993,0.0,0.0,0.0,0,0,0,0,0,0
993,-16.21009063720703,115.03591918945312,132.9124755859375,1,0,0,0,0,0
993,8.433073043823242,18.028392791748047,31.353919982910156,0,0,0,1,0,0
993,-22.130813598632812,232.55868530273438,371.4034423828125,0,0,0,0,0,0
993,-96.77306365966797,63.84611892700195,59.101783752441406,0,0,0,1,0,0
994,0.0,0.0,0.0,0,0,0,0,0,0
994,2.4768171310424805,-2.867662191390991,-3.350820541381836,0,1,0,0,0,0
994,6.303631782531738,-3.1875171661376953,-5.753597736358643,0,1,0,0,0,0
994,-13.423449516296387,66.5701904296875,35.56602096557617,0,0,0,0,0,0
994,29.00940704345703,0.6225919723510742,6.974639892578125,0,0,1,0,0,0
995,0.0,0.0,0.0,0,0,0,0,0,0
995,-48.639068603515625,-235.79965209960938,-382.45489501953125,0,1,0,0,0,0
995,-47.26667404174805,-241.75332641601562,-384.4876708984375,0,0,1,0,0,0
995,-19.39520263671875,-213.52548217773438,-292.21405029296875,0,1,0,0,0,0
995,-52.61674499511719,-230.6099395751953,-321.0655517578125,0,0,1,0,0,0
996,0.0,0.0,0.0,0,0,0,1,0,0
996,341.6915283203125,494.9522705078125,-276.98675537109375,0,1,0,0,0,0
996,116.63027954101562,273.52911376953125,-164.2445068359375,0,0,0,1,0,0
996,143.5260009765625,149.3526153564453,-51.11894607543945,0,0,0,0,0,0
996,72.92747497558594,32.27106475830078,-38.99221420288086,0,0,0,0,0,0
997,0.0,0.0,0.0,0,0,0,0,0,0
997,0.6667473316192627,4.404939651489258,-2.3375349044799805,0,0,1,0,0,0
997,-6.682312965393066,-2.084418296813965,-6.6059980392456055,0,1,0,0,0,0
997,2.469539165496826,1.104604959487915,0.5111398696899414,0,0,0,1,0,0
997,-3.400721788406372,13.305849075317383,8.549515724182129,0,1,0,0,0,0
998,0.0,0.0,0.0,0,0,0,1,0,0
998,-15.786885261535645,13.975733757019043,-6.555715560913086,1,0,0,0,0,0
998,5.585697174072266,-0.7362728118896484,-13.994865417480469,0,1,0,0,0,0
998,18.10620880126953,38.52609634399414,28.918912887573242,0,0,1,0,0,0
998,-19.099815368652344,9.45875358581543,-3.0434155464172363,1,0,0,0,0,0
999,0.0,0.0,0.0,0,0,0,0,0,0
999,-56.52796936035156,42.31916809082031,-48.68888854980469,0,1,0,0,0,0
999,-150.61744689941406,147.27969360351562,-147.67514038085938,0,0,0,1,0,0
999,-820.22509765625,760.7216796875,-842.1572875976562,1,0,0,0,0,0
999,-368.9989013671875,363.7605285644531,-367.80194091796875,0,0,0,1,0,0
